sample,root_job_id,parent_id,date_filed,constituent_units
historical,121189579,historical__121189579,2019-01-16,37
historical,121204641,historical__121204641,2019-01-22,45
historical,121204721,historical__121204721,2019-01-31,361
historical,121204776,historical__121204776,2019-02-07,10
historical,121204801,historical__121204801,2019-02-15,50
historical,121204829,historical__121204829,2019-02-20,29
historical,121204874,historical__121204874,2019-02-28,277
historical,121204892,historical__121204892,2019-03-06,63
historical,121204945,historical__121204945,2019-03-14,10
historical,121204963,historical__121204963,2019-03-15,11
historical,121205025,historical__121205025,2019-03-27,174
historical,121205089,historical__121205089,2019-04-08,10
historical,121205187,historical__121205187,2019-04-24,32
historical,121205203,historical__121205203,2019-04-26,71
historical,121205221,historical__121205221,2019-05-02,144
historical,121205301,historical__121205301,2019-05-17,26
historical,121205356,historical__121205356,2019-05-28,86
historical,121205445,historical__121205445,2019-06-07,164
historical,121205454,historical__121205454,2019-06-07,496
historical,121205481,historical__121205481,2019-06-13,12
historical,121205506,historical__121205506,2019-06-18,12
historical,121205524,historical__121205524,2019-06-21,160
historical,121205597,historical__121205597,2019-06-24,164
historical,121205640,historical__121205640,2019-06-27,229
historical,121205686,historical__121205686,2019-06-28,133
historical,121205711,historical__121205711,2019-07-02,12
historical,121205935,historical__121205935,2019-08-13,31
historical,121206015,historical__121206015,2019-08-27,42
historical,121206042,historical__121206042,2019-08-28,21
historical,121206097,historical__121206097,2019-09-04,357
historical,121206140,historical__121206140,2019-09-16,480
historical,121206186,historical__121206186,2019-09-17,37
historical,121206337,historical__121206337,2019-10-02,52
historical,121206364,historical__121206364,2019-10-09,8
historical,121206417,historical__121206417,2019-10-10,51
historical,121206499,historical__121206499,2019-10-24,108
historical,121206569,historical__121206569,2019-11-13,29
historical,121206676,historical__121206676,2019-12-03,15
historical,121206685,historical__121206685,2019-12-04,142
historical,121206756,historical__121206756,2019-12-06,14
historical,121206818,historical__121206818,2019-12-20,97
historical,121207014,historical__121207014,2020-01-27,131
historical,121207185,historical__121207185,2020-02-14,14
historical,121207292,historical__121207292,2020-03-06,378
historical,121207522,historical__121207292,2020-04-10,117
historical,121207309,historical__121207309,2020-03-09,330
historical,121207354,historical__121207354,2020-03-23,81
historical,121207504,historical__121207504,2020-04-08,614
historical,121207728,historical__121207728,2020-04-24,22
historical,121207764,historical__121207764,2020-04-24,232
historical,121207826,historical__121207826,2020-04-27,10
historical,121207933,historical__121207933,2020-05-07,7
historical,121207942,historical__121207942,2020-05-06,160
historical,121207988,historical__121207988,2020-05-07,10
historical,121208040,historical__121208040,2020-05-07,11
historical,121208077,historical__121208077,2020-05-08,75
historical,121208095,historical__121208095,2020-05-08,97
historical,121208102,historical__121208102,2020-05-08,7
historical,121208709,historical__121208709,2020-09-11,21
historical,121208861,historical__121208861,2020-11-04,28
historical,121208905,historical__121208905,2020-11-10,59
historical,121209138,historical__121209138,2020-12-24,88
historical,121209165,historical__121209165,2020-12-28,23
historical,121209174,historical__121209174,2020-12-28,92
historical,121209192,historical__121209192,2021-01-04,100
historical,121209281,historical__121209281,2021-01-22,453
historical,121209361,historical__121209361,2021-02-10,54
historical,121209469,historical__121209469,2021-02-26,23
historical,121209502,historical__121209502,2021-03-16,171
historical,121209575,historical__121209575,2021-07-20,92
historical,121209600,historical__121209600,2021-10-01,26
historical,123253273,historical__123253273,2019-01-04,14
historical,123692334,historical__123692334,2019-08-12,58
historical,123740336,historical__123740336,2019-11-12,113
historical,123752162,historical__123752153,2020-02-14,13
historical,123752153,historical__123752153,2020-02-14,9
historical,123756015,historical__123756015,2019-03-06,65
historical,123765817,historical__123765817,2019-06-10,12
historical,123777305,historical__123777305,2019-06-28,59
historical,123800093,historical__123800093,2019-08-14,54
historical,123854944,historical__123854944,2020-01-31,14
historical,123872363,historical__123872363,2019-04-11,14
historical,123872416,historical__123872416,2019-04-11,13
historical,123910517,historical__123910517,2020-04-17,28
historical,123910526,historical__123910526,2020-04-17,10
historical,140913064,historical__140913064,2020-06-16,23
historical,140968031,historical__140968031,2020-10-20,11
historical,210178966,historical__210178966,2019-01-07,107
historical,210178993,historical__210178993,2019-01-15,37
historical,210179082,historical__210179082,2019-02-07,25
historical,210179144,historical__210179144,2019-02-28,9
historical,210179171,historical__210179171,2019-03-05,17
historical,210179199,historical__210179199,2019-03-08,8
historical,210179215,historical__210179215,2019-03-15,80
historical,210179224,historical__210179224,2019-03-15,43
historical,210179242,historical__210179242,2019-03-19,153
historical,210179279,historical__210179279,2019-03-26,82
historical,210179457,historical__210179457,2019-04-12,171
historical,210179475,historical__210179475,2019-04-16,9
historical,210179493,historical__210179493,2019-04-24,55
historical,210179518,historical__210179518,2019-04-29,148
historical,210179545,historical__210179545,2019-05-08,36
historical,210179581,historical__210179581,2019-05-10,36
historical,210179616,historical__210179616,2019-05-21,119
historical,210179625,historical__210179625,2019-05-24,36
historical,210179634,historical__210179634,2019-05-29,116
historical,210179670,historical__210179670,2019-06-04,18
historical,210179705,historical__210179705,2019-02-19,245
historical,210179732,historical__210179732,2019-06-20,188
historical,210179750,historical__210179750,2019-06-22,29
historical,210179778,historical__210179778,2019-06-26,8
historical,210179803,historical__210179803,2019-06-27,221
historical,210179821,historical__210179821,2019-06-28,116
historical,210179830,historical__210179830,2019-07-01,133
historical,210179876,historical__210179876,2019-07-18,12
historical,210179910,historical__210179910,2019-02-12,35
historical,210179929,historical__210179929,2019-02-12,542
historical,210179965,historical__210179965,2019-07-25,163
historical,210179974,historical__210179974,2019-07-25,160
historical,210179983,historical__210179983,2019-07-25,85
historical,210179992,historical__210179992,2019-07-26,182
historical,210180016,historical__210180016,2019-08-07,25
historical,210180070,historical__210180070,2019-09-06,95
historical,210180105,historical__210180105,2019-09-10,265
historical,210180123,historical__210180123,2019-09-17,23
historical,210180178,historical__210180178,2019-09-25,134
historical,210180221,historical__210180221,2019-09-26,218
historical,210180258,historical__210180258,2019-10-03,93
historical,210180294,historical__210180294,2019-10-10,251
historical,210180310,historical__210180310,2019-10-11,10
historical,210180356,historical__210180356,2019-10-21,85
historical,210180365,historical__210180365,2019-10-21,72
historical,210180445,historical__210180445,2019-11-27,10
historical,210180454,historical__210180445,2019-11-27,10
historical,210180490,historical__210180490,2019-12-17,13
historical,210180533,historical__210180533,2019-12-26,141
historical,210180542,historical__210180533,2019-12-26,123
historical,210180604,historical__210180604,2020-01-17,101
historical,210180766,historical__210180720,2020-02-10,254
historical,210180720,historical__210180720,2020-02-06,166
historical,210180800,historical__210180800,2020-02-13,44
historical,210180828,historical__210180819,2020-02-18,326
historical,210180819,historical__210180819,2020-02-13,244
historical,210180855,historical__210180855,2020-02-25,40
historical,210180864,historical__210180864,2020-02-25,279
historical,210180891,historical__210180891,2020-02-26,118
historical,210180908,historical__210180908,2020-02-28,42
historical,210180953,historical__210180953,2020-03-03,16
historical,210180971,historical__210180971,2020-03-10,35
historical,210181051,historical__210181051,2020-03-25,22
historical,210181060,historical__210181060,2020-03-27,155
historical,210181079,historical__210181079,2020-03-27,205
historical,210181131,historical__210181131,2020-04-07,51
historical,210181202,historical__210181202,2020-04-21,200
historical,210181248,historical__210181248,2020-04-22,66
historical,210181337,historical__210181337,2020-05-05,154
historical,210181364,historical__210181364,2020-05-06,27
historical,210181373,historical__210181373,2020-05-07,150
historical,210181382,historical__210181382,2020-05-07,117
historical,210181444,historical__210181444,2020-05-11,12
historical,210181462,historical__210181462,2020-05-11,24
historical,210181541,historical__210181541,2020-05-27,13
historical,210181569,historical__210181569,2020-05-29,43
historical,210181603,historical__210181603,2020-06-15,33
historical,210181738,historical__210181738,2020-07-08,25
historical,210181747,historical__210181747,2020-07-09,102
historical,210181854,historical__210181854,2020-07-29,25
historical,210181925,historical__210181925,2020-09-08,74
historical,210181952,historical__210181952,2020-09-14,15
historical,210181989,historical__210181989,2020-09-18,21
historical,210182041,historical__210182041,2020-10-05,154
historical,210182069,historical__210182069,2020-10-13,710
historical,210182096,historical__210182096,2020-10-22,45
historical,210182112,historical__210182112,2020-10-27,55
historical,210182121,historical__210182121,2020-10-29,16
historical,210182158,historical__210182158,2020-11-05,135
historical,210182194,historical__210182194,2020-11-10,46
historical,210182256,historical__210182256,2020-11-20,224
historical,210182283,historical__210182283,2020-12-03,61
historical,210182309,historical__210182309,2020-12-16,105
historical,210182327,historical__210182327,2021-01-05,33
historical,210182336,historical__210182336,2021-01-07,13
historical,210182354,historical__210182354,2021-01-11,39
historical,210182372,historical__210182372,2021-01-21,182
historical,210182390,historical__210182390,2021-01-25,49
historical,210182407,historical__210182407,2021-01-26,52
historical,210182443,historical__210182443,2021-02-12,40
historical,210182461,historical__210182461,2021-02-22,10
historical,210182470,historical__210182470,2021-02-22,10
historical,210182498,historical__210182498,2021-02-23,16
historical,210182513,historical__210182513,2021-02-25,38
historical,220212543,historical__220212543,2021-03-01,73
historical,220212589,historical__220212589,2021-04-21,44
historical,220212641,historical__220212641,2021-09-23,8
historical,220212650,historical__220212650,2021-09-24,8
historical,220212678,historical__220212678,2021-09-24,8
historical,220212703,historical__220212703,2021-10-07,8
historical,220212712,historical__220212712,2021-10-07,8
historical,220212767,historical__220212767,2021-10-13,8
historical,220212918,historical__220212918,2022-11-02,251
historical,220517698,historical__220517698,2020-03-09,82
historical,220606084,historical__220606084,2019-11-29,8
historical,220632411,historical__220632411,2019-12-18,23
historical,220636523,historical__220636523,2019-12-30,33
historical,220638237,historical__220638237,2019-10-11,27
historical,220656243,historical__220656243,2019-01-16,10
historical,220656261,historical__220656261,2019-03-08,26
historical,220671075,historical__220671075,2019-03-01,165
historical,220672644,historical__220672644,2019-01-28,22
historical,220678835,historical__220678835,2019-03-12,43
historical,220685373,historical__220685373,2019-01-11,10
historical,220685453,historical__220685453,2019-05-24,43
historical,220688511,historical__220688511,2019-02-22,15
historical,220688539,historical__220688539,2019-06-25,33
historical,220689048,historical__220689048,2019-07-30,54
historical,220689431,historical__220689431,2019-04-02,30
historical,220689459,historical__220689459,2019-04-30,10
historical,220689529,historical__220689529,2019-05-02,10
historical,220689921,historical__220689921,2019-02-12,215
historical,220691393,historical__220691393,2019-03-19,10
historical,220691400,historical__220691400,2019-03-19,10
historical,220693514,historical__220693514,2019-03-19,8
historical,220693952,historical__220693952,2020-01-22,45
historical,220693961,historical__220693961,2019-03-19,53
historical,220694586,historical__220694586,2019-04-01,30
historical,220694602,historical__220694602,2019-04-09,66
historical,220694611,historical__220694611,2019-04-16,15
historical,220694700,historical__220694700,2019-03-28,59
historical,220694719,historical__220694719,2019-03-28,57
historical,220696174,historical__220696174,2019-04-02,31
historical,220696432,historical__220696432,2019-04-05,66
historical,220696628,historical__220696628,2019-04-01,8
historical,220696717,historical__220696717,2019-05-07,64
historical,220696851,historical__220696851,2019-03-28,151
historical,220696860,historical__220696851,2019-03-28,150
historical,220698555,historical__220698555,2019-06-21,35
historical,220699705,historical__220699705,2019-04-18,48
historical,220700873,historical__220700873,2019-06-05,562
historical,220704744,historical__220704744,2020-03-05,105
historical,220704753,historical__220704753,2020-05-26,72
historical,220705887,historical__220705887,2019-05-30,11
historical,220706118,historical__220706118,2019-06-04,20
historical,220706369,historical__220706369,2019-06-27,50
historical,220706779,historical__220706779,2019-06-03,8
historical,220706840,historical__220706840,2019-07-30,16
historical,220707867,historical__220707867,2019-06-21,10
historical,220707885,historical__220707885,2019-06-28,13
historical,220707929,historical__220707929,2019-06-26,124
historical,220708241,historical__220708241,2019-06-24,56
historical,220708321,historical__220708321,2019-06-25,21
historical,220708401,historical__220708401,2019-06-26,88
historical,220708410,historical__220708410,2019-06-25,10
historical,220708651,historical__220708651,2019-06-28,12
historical,220708688,historical__220708688,2019-06-25,17
historical,220708848,historical__220708848,2019-06-27,53
historical,220708857,historical__220708857,2019-06-27,16
historical,220709491,historical__220709491,2019-06-27,17
historical,220709785,historical__220709785,2019-06-28,34
historical,220711264,historical__220711264,2019-07-24,9
historical,220711941,historical__220711941,2019-08-01,19
historical,220712058,historical__220712058,2019-08-06,20
historical,220712272,historical__220712272,2019-08-15,27
historical,220712735,historical__220712735,2019-08-30,8
historical,220712762,historical__220712762,2019-09-30,9
historical,220712780,historical__220712780,2019-09-16,10
historical,220712888,historical__220712888,2019-08-16,32
historical,220714494,historical__220714494,2019-09-11,38
historical,220715304,historical__220715304,2019-10-15,22
historical,220715313,historical__220715313,2019-10-02,21
historical,220716125,historical__220716125,2019-10-16,13
historical,220716376,historical__220716376,2020-01-21,11
historical,220716937,historical__220716937,2019-10-16,8
historical,220716946,historical__220716937,2019-10-16,8
historical,220716964,historical__220716964,2019-12-11,113
historical,220717598,historical__220717598,2019-12-17,10
historical,220717927,historical__220717927,2020-01-15,18
historical,220718016,historical__220718016,2019-12-18,10
historical,220718025,historical__220718016,2019-12-18,8
historical,220718043,historical__220718043,2019-12-17,11
historical,220718052,historical__220718052,2019-12-18,10
historical,220719177,historical__220719177,2019-11-06,19
historical,220720049,historical__220720049,2019-11-19,21
historical,220720655,historical__220720655,2019-12-18,12
historical,220721404,historical__220721404,2019-12-05,12
historical,220721413,historical__220721413,2019-12-05,10
historical,220721841,historical__220721841,2019-12-20,8
historical,220721850,historical__220721841,2019-12-27,8
historical,220722813,historical__220722813,2019-12-30,33
historical,220722822,historical__220722822,2020-01-10,26
historical,220723732,historical__220723732,2020-01-22,55
historical,220723741,historical__220723741,2020-02-20,52
historical,220723750,historical__220723750,2020-02-28,22
historical,220725721,historical__220725721,2020-02-28,10
historical,220725730,historical__220725730,2020-02-28,10
historical,220726230,historical__220726230,2020-02-20,16
historical,220727113,historical__220727113,2020-02-27,23
historical,220727462,historical__220727462,2020-03-05,131
historical,220728096,historical__220728096,2020-03-13,54
historical,220729086,historical__220729086,2020-05-08,10
historical,220730582,historical__220730582,2020-04-08,10
historical,220731420,historical__220731420,2020-04-16,8
historical,220731581,historical__220731581,2020-05-08,13
historical,220731607,historical__220731607,2020-05-11,18
historical,220731625,historical__220731625,2020-05-08,15
historical,220732580,historical__220732580,2020-05-11,28
historical,220732777,historical__220732777,2020-05-12,10
historical,220732946,historical__220732946,2020-05-20,65
historical,220733384,historical__220733384,2020-06-03,24
historical,240274528,historical__240274528,2020-06-08,38
historical,240274537,historical__240274528,2020-06-08,38
historical,240275796,historical__240275796,2020-06-18,90
historical,240276107,historical__240276107,2020-06-23,11
historical,240276900,historical__240276900,2020-06-30,35
historical,240278828,historical__240278828,2020-07-17,73
historical,240280753,historical__240280753,2020-08-03,16
historical,240281173,historical__240281173,2020-08-05,7
historical,240281182,historical__240281173,2020-08-05,7
historical,240284553,historical__240284553,2020-09-01,50
historical,240285865,historical__240285865,2020-09-14,56
historical,240286800,historical__240286800,2020-09-18,25
historical,240286837,historical__240286837,2020-09-18,12
historical,240288416,historical__240288416,2020-09-27,6
historical,240288755,historical__240288755,2020-09-29,111
historical,240289923,historical__240289923,2020-10-10,17
historical,240289941,historical__240289941,2020-10-12,46
historical,240291215,historical__240291215,2020-10-21,18
historical,240292349,historical__240292349,2020-10-30,22
historical,240292367,historical__240292367,2020-10-30,10
historical,240292795,historical__240292795,2020-11-03,44
historical,240293339,historical__240293339,2020-11-06,59
historical,240294597,historical__240294597,2020-11-16,10
historical,240294604,historical__240294604,2020-11-16,10
historical,240294686,historical__240294686,2020-11-17,51
historical,240294944,historical__240294944,2020-11-19,32
historical,240296390,historical__240296390,2020-12-03,7
historical,240296657,historical__240296657,2020-12-07,110
historical,240297219,historical__240297219,2020-12-11,44
historical,240297558,historical__240297558,2020-12-15,25
historical,240298968,historical__240298968,2020-12-24,70
historical,240299084,historical__240299084,2020-12-24,33
historical,240299128,historical__240299128,2020-12-26,30
historical,240299137,historical__240299137,2020-12-27,10
historical,240299146,historical__240299146,2020-12-27,10
historical,240299155,historical__240299155,2020-12-27,8
historical,240299226,historical__240299226,2020-12-29,6
historical,240300535,historical__240300535,2021-01-28,36
historical,240301017,historical__240301017,2021-02-10,61
historical,240301099,historical__240301099,2021-02-12,38
historical,240301286,historical__240301286,2021-02-16,13
historical,240301552,historical__240301552,2021-02-23,88
historical,240301721,historical__240301721,2021-02-25,67
historical,240301794,historical__240301794,2021-02-26,64
historical,321069197,historical__321069197,2019-01-29,42
historical,321069721,historical__321069721,2019-03-20,21
historical,321091377,historical__321091377,2019-10-04,15
historical,321385602,historical__321385602,2019-01-04,40
historical,321385611,historical__321385611,2019-01-07,68
historical,321385700,historical__321385700,2019-01-11,171
historical,321385728,historical__321385728,2019-01-14,21
historical,321385737,historical__321385737,2019-01-14,8
historical,321385844,historical__321385844,2019-01-17,53
historical,321385862,historical__321385862,2019-01-17,94
historical,321385880,historical__321385880,2019-01-18,50
historical,321385933,historical__321385933,2019-01-22,19
historical,321386059,historical__321386059,2019-01-29,160
historical,321593888,historical__321386059,2019-02-19,156
historical,321386077,historical__321386077,2019-01-30,52
historical,321386095,historical__321386095,2019-01-30,27
historical,321386111,historical__321386111,2019-02-01,8
historical,321386175,historical__321386175,2019-02-06,100
historical,321386200,historical__321386200,2019-02-08,10
historical,321386264,historical__321386264,2019-02-13,13
historical,321386273,historical__321386273,2019-02-15,8
historical,321386326,historical__321386326,2019-02-15,10
historical,321386344,historical__321386344,2019-02-20,12
historical,321386380,historical__321386380,2019-02-25,14
historical,321386567,historical__321386567,2019-02-28,44
historical,321386585,historical__321386585,2019-03-01,7
historical,321386932,historical__321386932,2019-03-11,29
historical,321386950,historical__321386950,2019-03-14,43
historical,321387012,historical__321387012,2019-03-15,8
historical,321387021,historical__321387021,2019-03-15,335
historical,321387147,historical__321387021,2019-03-26,302
historical,321387076,historical__321387021,2019-03-15,108
historical,321387030,historical__321387030,2019-03-15,8
historical,321387067,historical__321387067,2019-03-15,33
historical,321387094,historical__321387094,2019-03-19,6
historical,321387138,historical__321387138,2019-03-21,6
historical,321387156,historical__321387156,2019-03-26,6
historical,321387263,historical__321387263,2019-03-27,139
historical,321387281,historical__321387281,2019-03-27,18
historical,321387290,historical__321387290,2019-03-28,136
historical,321387352,historical__321387352,2019-04-01,121
historical,321387361,historical__321387361,2019-04-01,21
historical,321387450,historical__321387450,2019-04-03,236
historical,321387478,historical__321387478,2019-04-08,264
historical,321387539,historical__321387539,2019-04-10,26
historical,321387575,historical__321387575,2019-04-11,70
historical,321387619,historical__321387619,2019-04-15,71
historical,321387913,historical__321387913,2019-05-02,52
historical,321457712,historical__321457712,2020-02-19,13
historical,321512412,historical__321512412,2019-02-08,6
historical,321570769,historical__321570769,2020-04-23,81
historical,321588082,historical__321588082,2020-01-17,9
historical,321588091,historical__321588091,2020-01-17,25
historical,321588171,historical__321588171,2020-01-22,9
historical,321588180,historical__321588180,2020-01-22,8
historical,321588199,historical__321588199,2020-01-27,10
historical,321588215,historical__321588215,2020-01-27,9
historical,321588224,historical__321588224,2020-01-28,9
historical,321588233,historical__321588233,2020-01-28,9
historical,321588297,historical__321588297,2020-01-29,9
historical,321588377,historical__321588377,2020-01-30,8
historical,321588402,historical__321588402,2020-01-31,8
historical,321588554,historical__321588554,2020-02-10,10
historical,321588563,historical__321588563,2020-02-10,9
historical,321588572,historical__321588572,2020-02-10,9
historical,321588590,historical__321588590,2020-02-10,8
historical,321588643,historical__321588643,2020-02-12,39
historical,321588670,historical__321588670,2020-02-12,7
historical,321588705,historical__321588705,2020-02-12,120
historical,321588714,historical__321588714,2020-02-13,50
historical,321588956,historical__321588956,2020-02-25,7
historical,321588965,historical__321588965,2020-02-25,14
historical,321588983,historical__321588983,2020-02-26,46
historical,321588992,historical__321588992,2020-02-26,10
historical,321589116,historical__321589116,2020-03-04,19
historical,321589125,historical__321589125,2020-03-04,57
historical,321589134,historical__321589134,2020-03-04,376
historical,321589410,historical__321589410,2020-03-18,8
historical,321589474,historical__321589474,2020-03-19,8
historical,321589483,historical__321589483,2020-03-19,10
historical,321589624,historical__321589624,2020-03-27,10
historical,321589642,historical__321589642,2020-03-27,8
historical,321589688,historical__321589688,2020-04-02,8
historical,321589697,historical__321589697,2020-04-02,8
historical,321589704,historical__321589704,2020-04-03,374
historical,321589713,historical__321589713,2020-04-03,121
historical,321589722,historical__321589722,2020-04-03,57
historical,321589731,historical__321589731,2020-04-03,12
historical,321589759,historical__321589740,2020-04-03,7
historical,321589740,historical__321589740,2020-04-03,6
historical,321589786,historical__321589786,2020-04-03,16
historical,321589802,historical__321589802,2020-04-03,6
historical,321589839,historical__321589839,2020-04-03,10
historical,321589857,historical__321589857,2020-04-06,8
historical,321589884,historical__321589884,2020-04-07,58
historical,321589893,historical__321589893,2020-04-07,49
historical,321589991,historical__321589991,2020-04-13,7
historical,321590060,historical__321590060,2020-04-17,45
historical,321590113,historical__321590113,2020-04-20,569
historical,321590177,historical__321590177,2020-04-22,22
historical,321590186,historical__321590186,2020-04-22,10
historical,321590275,historical__321590275,2020-04-29,15
historical,321590293,historical__321590293,2020-04-28,71
historical,321590300,historical__321590300,2020-04-29,7
historical,321590319,historical__321590319,2020-04-29,28
historical,321590328,historical__321590328,2020-04-29,175
historical,321590337,historical__321590337,2020-04-29,45
historical,321590346,historical__321590346,2020-04-29,143
historical,321590382,historical__321590382,2020-05-01,62
historical,321590435,historical__321590435,2020-05-04,12
historical,321590444,historical__321590444,2020-05-01,37
historical,321590480,historical__321590453,2020-05-04,15
historical,321590453,historical__321590453,2020-05-04,8
historical,321590532,historical__321590532,2020-05-05,682
historical,321590541,historical__321590541,2020-05-05,46
historical,321590578,historical__321590578,2020-05-05,10
historical,321590649,historical__321590649,2020-05-06,93
historical,321590701,historical__321590701,2020-05-07,8
historical,321590747,historical__321590747,2020-05-07,10
historical,321590756,historical__321590756,2020-05-07,10
historical,321590765,historical__321590765,2020-05-07,13
historical,321590854,historical__321590854,2020-05-11,8
historical,321590907,historical__321590907,2020-05-18,6
historical,321590989,historical__321590989,2020-05-19,22
historical,321591050,historical__321591050,2020-05-27,7
historical,321591755,historical__321591755,2020-05-09,21
historical,321591782,historical__321591782,2020-05-11,6
historical,321591817,historical__321591817,2020-05-12,16
historical,321591862,historical__321591862,2020-06-03,10
historical,321591871,historical__321591871,2020-06-03,10
historical,321591899,historical__321591899,2020-06-03,7
historical,321591933,historical__321591933,2020-06-08,7
historical,321591988,historical__321591988,2020-06-08,23
historical,321592059,historical__321592059,2020-06-11,30
historical,321592095,historical__321592095,2020-06-15,8
historical,321592102,historical__321592102,2020-06-15,8
historical,321592139,historical__321592139,2020-06-18,13
historical,321592148,historical__321592148,2020-06-18,7
historical,321592157,historical__321592157,2020-06-18,233
historical,321592184,historical__321592184,2020-06-25,9
historical,321592200,historical__321592200,2020-06-25,229
historical,321592246,historical__321592246,2020-06-26,10
historical,321592308,historical__321592308,2020-07-01,80
historical,321592344,historical__321592344,2020-07-06,171
historical,321592442,historical__321592442,2020-07-15,7
historical,321592549,historical__321592549,2020-07-24,31
historical,321592558,historical__321592558,2020-07-24,15
historical,321592576,historical__321592576,2020-07-24,50
historical,321592585,historical__321592585,2020-07-28,8
historical,321592594,historical__321592594,2020-07-28,7
historical,321592610,historical__321592610,2020-08-03,7
historical,321592683,historical__321592683,2020-08-06,8
historical,321592709,historical__321592709,2020-08-07,55
historical,321592718,historical__321592718,2020-08-11,123
historical,321592763,historical__321592763,2020-08-13,103
historical,321592790,historical__321592790,2020-08-13,98
historical,321592807,historical__321592807,2020-08-13,29
historical,321592825,historical__321592825,2020-08-17,184
historical,321593049,historical__321593049,2019-05-08,7
historical,321593085,historical__321593085,2019-05-10,8
historical,321593101,historical__321593101,2019-05-15,104
historical,321593227,historical__321593227,2019-05-21,8
historical,321593236,historical__321593236,2019-05-24,6
historical,321593263,historical__321593263,2019-05-28,10
historical,321593361,historical__321593361,2019-05-29,10
historical,321593432,historical__321593432,2019-06-07,41
historical,321593469,historical__321593469,2019-06-07,24
historical,321593539,historical__321593539,2019-06-12,43
historical,321593548,historical__321593548,2019-06-12,8
historical,321593557,historical__321593557,2019-06-13,20
historical,321593673,historical__321593673,2019-06-14,108
historical,321593682,historical__321593682,2019-06-14,24
historical,321593735,historical__321593735,2019-06-19,46
historical,321593744,historical__321593744,2019-06-19,42
historical,321593806,historical__321593806,2019-06-20,21
historical,321593815,historical__321593815,2019-06-20,16
historical,321593986,historical__321593986,2019-06-26,569
historical,321594137,historical__321594137,2019-06-27,320
historical,321594155,historical__321594155,2019-06-27,66
historical,321594164,historical__321594164,2019-06-27,27
historical,321594226,historical__321594226,2019-06-28,135
historical,321594262,historical__321594262,2019-06-28,18
historical,321594324,historical__321594324,2019-07-02,11
historical,321594379,historical__321594379,2019-07-12,8
historical,321594388,historical__321594388,2019-07-12,33
historical,321594422,historical__321594422,2019-07-16,116
historical,321594501,historical__321594501,2019-07-23,6
historical,321594547,historical__321594547,2019-07-25,6
historical,321594672,historical__321594672,2019-07-26,127
historical,321594681,historical__321594681,2019-07-24,18
historical,321594832,historical__321594832,2019-08-12,160
historical,321594967,historical__321594967,2019-08-15,26
historical,321595029,historical__321595029,2019-09-26,24
historical,321595047,historical__321595047,2019-10-02,10
historical,321595083,historical__321595083,2019-10-03,58
historical,321595092,historical__321595092,2019-10-04,174
historical,321595145,historical__321595145,2019-10-05,441
historical,321595216,historical__321595216,2019-10-09,15
historical,321595341,historical__321595341,2019-10-17,11
historical,321595350,historical__321595350,2019-10-17,15
historical,321595369,historical__321595369,2019-10-18,6
historical,321595403,historical__321595403,2019-10-21,798
historical,321595458,historical__321595458,2019-10-22,9
historical,321595582,historical__321595582,2019-10-28,39
historical,321588545,historical__321595608,2020-02-10,77
historical,321595635,historical__321595608,2019-10-30,58
historical,321595608,historical__321595608,2019-10-29,39
historical,321595617,historical__321595617,2019-10-30,8
historical,321595653,historical__321595653,2019-11-01,53
historical,321595662,historical__321595662,2019-11-01,8
historical,321595715,historical__321595715,2019-11-07,9
historical,321595733,historical__321595733,2019-11-08,69
historical,321595751,historical__321595751,2019-11-08,76
historical,321595797,historical__321595797,2019-11-12,90
historical,321595831,historical__321595831,2019-10-17,16
historical,321595840,historical__321595840,2019-09-06,8
historical,321595902,historical__321595902,2019-11-15,9
historical,321595911,historical__321595911,2019-11-15,9
historical,321596000,historical__321596000,2019-11-22,34
historical,321596037,historical__321596037,2019-11-22,7
historical,321596144,historical__321596144,2019-12-02,47
historical,321596206,historical__321596206,2019-12-04,9
historical,321596242,historical__321596242,2019-12-05,7
historical,321596340,historical__321596340,2019-12-10,17
historical,321596386,historical__321596386,2019-12-12,13
historical,321596395,historical__321596395,2019-12-12,12
historical,321596402,historical__321596402,2019-12-13,60
historical,321596484,historical__321596484,2019-12-20,165
historical,321596493,historical__321596493,2019-12-20,8
historical,321596518,historical__321596518,2019-12-20,10
historical,321596536,historical__321596536,2019-12-20,157
historical,321596625,historical__321596625,2019-12-30,50
historical,321596661,historical__321596661,2019-12-31,10
historical,321596830,historical__321596830,2020-01-09,25
historical,321596858,historical__321596858,2020-01-10,38
historical,321596947,historical__321596947,2020-01-13,6
historical,321596965,historical__321596965,2020-01-14,8
historical,321597009,historical__321597009,2019-08-22,58
historical,321597090,historical__321597090,2019-08-27,12
historical,321597116,historical__321597116,2019-08-28,8
historical,321597134,historical__321597134,2019-08-28,8
historical,321597143,historical__321597143,2019-08-28,8
historical,321597152,historical__321597152,2019-08-28,8
historical,321597189,historical__321597189,2019-08-29,29
historical,321597205,historical__321597205,2019-08-29,7
historical,321597269,historical__321597269,2019-09-03,8
historical,321597278,historical__321597278,2019-09-03,8
historical,321597287,historical__321597287,2019-09-03,8
historical,321597296,historical__321597296,2019-09-03,8
historical,321597303,historical__321597303,2019-09-03,8
historical,321597312,historical__321597312,2019-09-03,8
historical,321597321,historical__321597321,2019-09-03,8
historical,321597330,historical__321597330,2019-09-03,8
historical,321597349,historical__321597349,2019-09-03,8
historical,321597358,historical__321597358,2019-09-03,8
historical,321597367,historical__321597367,2019-09-03,8
historical,321597376,historical__321597376,2019-09-03,8
historical,321597385,historical__321597385,2019-09-03,8
historical,321597394,historical__321597394,2019-09-03,8
historical,321597401,historical__321597401,2019-09-03,8
historical,321597410,historical__321597410,2019-09-03,8
historical,321597429,historical__321597429,2019-09-03,8
historical,321597438,historical__321597438,2019-09-03,8
historical,321597447,historical__321597447,2019-09-03,8
historical,321597456,historical__321597456,2019-09-03,8
historical,321597465,historical__321597465,2019-09-03,8
historical,321597474,historical__321597474,2019-09-03,8
historical,321597483,historical__321597483,2019-09-03,8
historical,321597492,historical__321597492,2019-09-03,8
historical,321597508,historical__321597508,2019-09-03,8
historical,321597517,historical__321597517,2019-09-03,8
historical,321597606,historical__321597606,2019-09-09,208
historical,321597624,historical__321597624,2019-09-10,7
historical,321597688,historical__321597688,2019-09-11,75
historical,321597759,historical__321597759,2019-09-13,8
historical,321597777,historical__321597777,2019-09-16,240
historical,321597795,historical__321597795,2019-09-16,124
historical,321597802,historical__321597802,2019-09-16,6
historical,321597811,historical__321597811,2019-09-17,17
historical,321597884,historical__321597884,2019-09-20,9
historical,321597955,historical__321597955,2019-09-23,26
historical,321597982,historical__321597982,2019-09-25,29
historical,321598008,historical__321598008,2020-08-31,69
historical,321598080,historical__321598080,2020-09-04,15
historical,321598142,historical__321598142,2020-09-11,39
historical,321598188,historical__321598188,2020-09-18,49
historical,321598231,historical__321598231,2020-09-24,14
historical,321598259,historical__321598259,2020-09-24,10
historical,321598277,historical__321598277,2020-09-24,67
historical,321598286,historical__321598286,2020-09-24,17
historical,321598302,historical__321598302,2020-09-29,24
historical,321598348,historical__321598348,2020-10-01,143
historical,321598400,historical__321598400,2020-10-07,350
historical,321598491,historical__321598491,2020-10-15,6
historical,321598614,historical__321598614,2020-10-28,8
historical,321598678,historical__321598678,2020-11-02,6
historical,321598687,historical__321598687,2020-11-02,10
historical,321598721,historical__321598721,2020-11-04,16
historical,321598838,historical__321598838,2020-11-12,46
historical,321598883,historical__321598883,2020-11-17,66
historical,321598927,historical__321598927,2020-11-18,11
historical,321598945,historical__321598945,2020-11-18,10
historical,321599007,historical__321599007,2020-11-18,9
historical,321599016,historical__321599007,2020-11-18,9
historical,321599043,historical__321599043,2020-11-23,6
historical,321599070,historical__321599070,2020-11-25,13
historical,321599105,historical__321599105,2020-12-01,55
historical,321599132,historical__321599132,2020-12-01,69
historical,321599141,historical__321599141,2020-12-02,324
historical,321599178,historical__321599141,2020-12-03,139
historical,321599150,historical__321599150,2020-12-02,72
historical,321599212,historical__321599212,2020-12-08,174
historical,321599267,historical__321599267,2020-12-10,7
historical,321599294,historical__321599294,2020-12-14,26
historical,321599506,historical__321599506,2020-12-28,8
historical,321599515,historical__321599515,2020-12-29,27
historical,321599551,historical__321599551,2021-01-05,249
historical,B00608389,historical__321599551,2021-10-26,183
historical,321599560,historical__321599551,2021-01-05,175
historical,321599597,historical__321599597,2021-01-11,9
historical,321599622,historical__321599622,2021-01-12,7
historical,321599908,historical__321599908,2021-01-28,16
historical,321600077,historical__321600077,2021-02-16,7
historical,321600095,historical__321600095,2021-02-16,9
historical,321600102,historical__321600102,2021-02-16,9
historical,321600120,historical__321600120,2021-02-17,20
historical,321600139,historical__321600139,2021-02-17,58
historical,321600166,historical__321600166,2021-02-19,6
historical,321600255,historical__321600255,2021-03-08,8
historical,321600362,historical__321600362,2021-04-27,107
historical,321600380,historical__321600380,2021-04-29,52
historical,321600479,historical__321600479,2021-06-23,8
historical,321600497,historical__321600497,2021-07-06,44
historical,321600530,historical__321600530,2021-07-20,124
historical,321600736,historical__321600736,2021-09-09,140
historical,321600763,historical__321600763,2021-10-21,7
historical,321600772,historical__321600772,2021-10-21,10
historical,321600781,historical__321600781,2021-10-21,10
historical,321600790,historical__321600790,2021-10-21,18
historical,321601012,historical__321601012,2022-05-23,216
historical,321601021,historical__321601021,2022-05-26,44
historical,321601263,historical__321601263,2022-08-24,236
historical,321601398,historical__321601398,2022-09-15,23
historical,321721570,historical__321721570,2019-04-01,6
historical,321729616,historical__321729616,2019-11-04,9
historical,321729661,historical__321729661,2020-01-28,10
historical,321729670,historical__321729670,2020-01-28,10
historical,321729714,historical__321729714,2020-04-07,7
historical,321729723,historical__321729723,2020-05-04,6
historical,321766282,historical__321766282,2019-06-03,10
historical,321773602,historical__321773602,2019-11-04,23
historical,321797230,historical__321797230,2019-09-25,9
historical,321821748,historical__321821748,2019-10-22,8
historical,321833646,historical__321833646,2019-02-28,6
historical,321834592,historical__321834592,2020-05-08,6
historical,321849461,historical__321849461,2019-01-08,10
historical,321849470,historical__321849470,2019-01-08,10
historical,321904383,historical__321904383,2019-01-04,16
historical,321904631,historical__321904631,2019-01-10,10
historical,321906470,historical__321906470,2019-02-04,22
historical,321908281,historical__321908281,2019-03-15,8
historical,321908539,historical__321908539,2019-02-19,10
historical,321908593,historical__321908593,2019-02-19,6
historical,321910394,historical__321910394,2019-03-25,44
historical,321912891,historical__321912891,2019-03-04,6
historical,321913293,historical__321913293,2019-01-08,10
historical,321913382,historical__321913382,2019-04-08,7
historical,321913596,historical__321913596,2019-01-09,9
historical,321913603,historical__321913603,2019-01-09,8
historical,321913836,historical__321913836,2019-01-09,6
historical,321915718,historical__321915718,2019-02-19,41
historical,321915736,historical__321915736,2019-01-15,10
historical,321915898,historical__321915898,2019-03-01,27
historical,321918421,historical__321918421,2019-03-19,38
historical,321918608,historical__321918608,2019-01-23,8
historical,321920640,historical__321920640,2020-04-23,13
historical,321921140,historical__321921140,2019-02-28,10
historical,321921435,historical__321921435,2019-01-30,7
historical,321921523,historical__321921523,2019-02-01,6
historical,321921872,historical__321921872,2019-07-12,6
historical,321923549,historical__321923549,2019-02-06,50
historical,321923665,historical__321923665,2019-02-08,7
historical,321924281,historical__321924281,2019-02-07,8
historical,321925011,historical__321925011,2019-02-08,8
historical,321925020,historical__321925020,2019-02-08,8
historical,321925075,historical__321925075,2019-02-08,10
historical,321925333,historical__321925333,2019-04-08,7
historical,321925725,historical__321925725,2019-08-23,6
historical,321928054,historical__321928054,2019-04-18,8
historical,321929703,historical__321929703,2019-06-26,8
historical,321929776,historical__321929776,2019-03-15,51
historical,321930087,historical__321930087,2019-03-07,8
historical,321931068,historical__321931068,2019-05-06,6
historical,321937400,historical__321937400,2019-03-26,6
historical,321937767,historical__321937767,2019-03-29,10
historical,321937776,historical__321937776,2019-06-26,36
historical,321938347,historical__321938347,2019-03-28,18
historical,321939676,historical__321939676,2019-04-02,68
historical,321939783,historical__321939783,2019-04-01,10
historical,321941048,historical__321941048,2019-08-13,10
historical,321941182,historical__321941182,2019-10-08,66
historical,321943359,historical__321943359,2019-04-19,8
historical,321946481,historical__321946481,2019-05-31,21
historical,321948238,historical__321948238,2019-05-13,10
historical,321948666,historical__321948666,2019-05-14,19
historical,321954364,historical__321954364,2019-04-10,51
historical,321955041,historical__321955041,2019-04-12,7
historical,321956353,historical__321956353,2019-04-16,9
historical,321956362,historical__321956362,2019-04-16,9
historical,321958850,historical__321958850,2019-08-01,6
historical,321962738,historical__321962738,2019-06-28,9
historical,321964317,historical__321964317,2019-06-07,7
historical,321964326,historical__321964317,2019-06-07,7
historical,321967467,historical__321967467,2019-06-20,7
historical,321968340,historical__321968340,2019-06-18,16
historical,321969991,historical__321969991,2019-07-25,17
historical,321970006,historical__321970006,2019-07-25,17
historical,321970328,historical__321970328,2019-06-24,12
historical,321973316,historical__321973316,2019-06-27,19
historical,321974388,historical__321974388,2019-06-28,6
historical,321980692,historical__321980692,2019-12-05,8
historical,321981851,historical__321981851,2019-08-02,17
historical,321982182,historical__321982182,2020-02-20,41
historical,321982645,historical__321982645,2019-09-20,9
historical,321982654,historical__321982654,2019-09-13,10
historical,321982663,historical__321982663,2019-09-13,8
historical,321983742,historical__321983742,2019-09-03,10
historical,321983751,historical__321983742,2019-09-03,10
historical,321989185,historical__321989185,2019-12-23,19
historical,321989336,historical__321989336,2019-06-26,9
historical,321989407,historical__321989407,2019-06-27,12
historical,321989489,historical__321989489,2019-09-12,14
historical,321991797,historical__321991797,2019-05-06,8
historical,321992475,historical__321992475,2019-05-08,54
historical,321992974,historical__321992974,2019-05-13,37
historical,321993018,historical__321993018,2019-09-24,7
historical,321994945,historical__321994945,2019-10-31,9
historical,321995490,historical__321995490,2019-10-04,12
historical,321995917,historical__321995917,2019-10-07,33
historical,322000268,historical__322000268,2019-10-29,15
historical,322002818,historical__322002818,2019-10-29,247
historical,322003354,historical__322003354,2019-12-05,6
historical,322003363,historical__322003363,2019-12-24,8
historical,322008876,historical__322008876,2019-08-22,26
historical,322008894,historical__322008894,2019-11-19,8
historical,322012674,historical__322012674,2019-08-28,34
historical,322015010,historical__322015010,2019-12-02,41
historical,322015412,historical__322015412,2019-12-19,13
historical,322017759,historical__322017759,2019-12-11,11
historical,322018758,historical__322018758,2019-12-16,12
historical,322020406,historical__322020406,2019-12-31,40
historical,322020610,historical__322020610,2019-12-24,6
historical,322030734,historical__322030734,2020-01-21,10
historical,322031145,historical__322031145,2020-01-22,6
historical,322031840,historical__322031840,2020-01-24,9
historical,322033651,historical__322033651,2020-03-27,28
historical,322033866,historical__322033866,2020-04-03,6
historical,322034810,historical__322034810,2020-04-06,6
historical,322036266,historical__322036266,2020-06-02,9
historical,322036275,historical__322036275,2020-06-02,9
historical,322037871,historical__322037871,2020-05-22,45
historical,322039824,historical__322039824,2020-02-24,8
historical,322039842,historical__322039842,2020-02-24,9
historical,322039888,historical__322039888,2020-02-25,7
historical,322039968,historical__322039968,2020-02-05,23
historical,322040732,historical__322040732,2020-02-07,10
historical,322041544,historical__322041544,2020-02-11,10
historical,322046219,historical__322046219,2020-03-30,46
historical,322047352,historical__322047352,2020-03-23,44
historical,322060345,historical__322060345,2019-05-23,6
historical,322060354,historical__322060354,2019-06-27,6
historical,322061344,historical__322061344,2019-01-03,7
historical,322061362,historical__322061362,2020-01-29,20
historical,322064902,historical__322064902,2019-02-04,23
historical,322064939,historical__322064939,2019-04-18,26
historical,322064948,historical__322064948,2019-03-08,45
historical,322069710,historical__322069710,2020-02-24,9
historical,322071510,historical__322071510,2020-02-28,47
historical,322071690,historical__322071690,2020-03-05,6
historical,322072519,historical__322072519,2020-03-04,8
historical,322084409,historical__322084409,2020-04-29,10
historical,322084551,historical__322084551,2020-04-30,8
historical,322084882,historical__322084882,2020-05-05,34
historical,322085391,historical__322085391,2020-05-07,6
historical,322085417,historical__322085417,2020-05-08,59
historical,322085541,historical__322085541,2020-05-12,10
historical,322086363,historical__322086363,2020-05-26,6
historical,340740620,historical__340740620,2020-06-30,13
historical,340743495,historical__340743495,2020-07-08,13
historical,340747053,historical__340747053,2020-07-17,8
historical,340751813,historical__340751813,2020-08-03,103
historical,340752714,historical__340752714,2020-08-05,61
historical,340752769,historical__340752769,2020-08-05,28
historical,340754945,historical__340754945,2020-08-12,32
historical,340755365,historical__340755365,2020-08-13,7
historical,340755392,historical__340755365,2020-08-13,6
historical,340757862,historical__340757862,2020-08-20,7
historical,340760082,historical__340760082,2020-08-27,18
historical,340764104,historical__340764104,2020-09-09,7
historical,340765602,historical__340765602,2020-09-14,231
historical,340766816,historical__340766816,2020-09-17,9
historical,340766852,historical__340766852,2020-09-17,9
historical,340769083,historical__340769083,2020-09-24,6
historical,340769332,historical__340769332,2020-09-24,53
historical,340770473,historical__340770473,2020-09-29,10
historical,340771720,historical__340770473,2020-10-01,10
historical,340770669,historical__340770669,2020-09-29,8
historical,340770678,historical__340770678,2020-09-29,8
historical,340771613,historical__340771613,2020-09-30,27
historical,340777010,historical__340777010,2020-10-16,12
historical,340779580,historical__340779580,2020-10-23,8
historical,340786411,historical__340786411,2020-11-13,18
historical,340795483,historical__340795483,2020-12-10,22
historical,340797141,historical__340797141,2020-12-16,79
historical,340798355,historical__340798355,2020-12-21,6
historical,340802073,historical__340802073,2021-01-12,74
historical,340803045,historical__340803045,2021-01-20,10
historical,340803367,historical__340803367,2021-01-22,29
historical,340805631,historical__340805631,2021-02-22,10
historical,340806042,historical__340806042,2021-02-24,8
historical,340806239,historical__340806239,2021-02-26,29
historical,420665104,historical__420665104,2019-02-01,130
historical,420665131,historical__420665131,2019-02-08,11
historical,420665177,historical__420665177,2019-02-11,9
historical,420665239,historical__420665239,2019-02-26,7
historical,420665346,historical__420665346,2019-03-08,689
historical,420665355,historical__420665346,2019-03-08,443
historical,420665417,historical__420665417,2019-03-28,7
historical,420665499,historical__420665499,2019-04-12,99
historical,420665541,historical__420665541,2019-04-15,315
historical,420665667,historical__420665667,2019-04-24,164
historical,420665845,historical__420665845,2019-06-01,295
historical,420665952,historical__420665845,2019-06-14,183
historical,420665863,historical__420665863,2019-06-07,14
historical,420666005,historical__420666005,2019-06-22,224
historical,420666014,historical__420666014,2019-06-22,33
historical,420666023,historical__420666014,2019-06-22,32
historical,420666032,historical__420666032,2019-06-24,103
historical,420666050,historical__420666050,2019-06-26,18
historical,420666087,historical__420666087,2019-07-05,101
historical,420666176,historical__420666176,2019-08-07,605
historical,420666210,historical__420666210,2019-02-07,80
historical,420666274,historical__420666274,2019-09-25,12
historical,420666283,historical__420666283,2019-09-27,364
historical,420666611,historical__420666611,2019-11-25,10
historical,420666620,historical__420666620,2019-11-27,33
historical,420666684,historical__420666684,2019-12-06,24
historical,420666773,historical__420666773,2020-01-02,60
historical,420666782,historical__420666782,2020-01-02,14
historical,420667004,historical__420667004,2020-02-13,117
historical,420667068,historical__420667068,2020-03-02,157
historical,420667120,historical__420667120,2020-03-09,314
historical,420667148,historical__420667148,2020-03-11,146
historical,420667237,historical__420667237,2020-03-27,16
historical,420667264,historical__420667264,2020-04-02,92
historical,420667335,historical__420667335,2020-04-09,30
historical,420667371,historical__420667371,2020-04-23,26
historical,420667558,historical__420667488,2020-05-08,354
historical,420667488,historical__420667488,2020-05-08,129
historical,420667497,historical__420667488,2020-05-08,55
historical,420667709,historical__420667709,2020-06-10,16
historical,420667736,historical__420667736,2020-06-17,29
historical,421133008,historical__421133008,2020-07-07,33
historical,421133035,historical__421133026,2020-07-14,64
historical,421133026,historical__421133026,2020-07-10,35
historical,421133106,historical__421133106,2020-08-10,10
historical,421133115,historical__421133115,2020-08-13,117
historical,421133151,historical__421133151,2020-08-17,614
historical,421133160,historical__421133160,2020-08-18,51
historical,421133179,historical__421133179,2020-08-18,51
historical,421133213,historical__421133213,2020-09-04,51
historical,421133222,historical__421133222,2020-09-08,165
historical,421133295,historical__421133295,2020-09-28,29
historical,421133302,historical__421133302,2020-09-25,237
historical,421133320,historical__421133320,2020-10-15,60
historical,421133419,historical__421133419,2020-11-13,223
historical,421133464,historical__421133464,2020-11-18,175
historical,421133543,historical__421133543,2020-12-03,23
historical,421133623,historical__421133623,2020-12-14,301
historical,421133632,historical__421133632,2020-12-14,811
historical,421133641,historical__421133632,2020-12-14,575
historical,421133794,historical__421133794,2021-01-27,94
historical,421133810,historical__421133810,2021-02-01,19
historical,421133865,historical__421133865,2021-02-22,55
historical,421133883,historical__421133883,2021-02-25,50
historical,421133909,historical__421133909,2021-02-26,20
historical,421133918,historical__421133918,2021-03-17,49
historical,421133972,historical__421133972,2021-04-26,81
historical,421134132,historical__421134132,2022-02-16,185
historical,421134178,historical__421134178,2022-03-22,133
historical,421134187,historical__421134187,2022-03-22,252
historical,421318719,historical__421318719,2020-01-31,6
historical,421647613,historical__421647613,2019-01-24,12
historical,421674600,historical__421674600,2019-01-25,10
historical,421684868,historical__421684868,2020-06-04,46
historical,421694857,historical__421694857,2019-08-12,800
historical,421719894,historical__421719894,2019-02-14,10
historical,421721916,historical__421721916,2019-01-09,34
historical,421723638,historical__421723638,2019-01-29,6
historical,421723647,historical__421723647,2019-01-29,8
historical,421724487,historical__421724487,2019-01-31,20
historical,421728973,historical__421728973,2019-06-24,60
historical,421730693,historical__421730693,2019-06-21,7
historical,421731665,historical__421731665,2019-07-10,24
historical,421732959,historical__421732959,2019-07-03,10
historical,421738524,historical__421738524,2019-04-25,27
historical,421744125,historical__421744125,2019-07-26,6
historical,421746739,historical__421746739,2019-12-16,8
historical,421765511,historical__421765511,2020-05-18,6
historical,421765520,historical__421765511,2020-05-18,6
historical,421779007,historical__421779007,2020-01-14,10
historical,421779016,historical__421779007,2020-01-14,10
historical,421779132,historical__421779132,2019-12-27,17
historical,421779267,historical__421779267,2020-01-08,20
historical,421779285,historical__421779285,2019-12-18,9
historical,421780905,historical__421780905,2019-12-20,11
historical,421786856,historical__421786856,2021-03-17,29
historical,421794080,historical__421794080,2019-08-30,7
historical,421794259,historical__421794259,2019-08-23,34
historical,421796989,historical__421796989,2019-08-27,21
historical,421797318,historical__421797318,2019-08-29,7
historical,421797336,historical__421797318,2019-08-29,7
historical,421797390,historical__421797318,2019-08-29,7
historical,421797611,historical__421797611,2019-08-29,40
historical,421798022,historical__421798022,2020-01-30,15
historical,421858430,historical__421858430,2019-04-26,8
historical,421861845,historical__421861845,2020-06-05,54
historical,421862746,historical__421862746,2019-05-14,9
historical,421883162,historical__421883162,2019-03-28,8
historical,421883359,historical__421883359,2019-04-02,29
historical,421889674,historical__421889674,2019-03-08,39
historical,421890895,historical__421890895,2019-03-15,6
historical,421950026,historical__421890895,2019-03-15,6
historical,421950142,historical__421890895,2019-03-15,6
historical,421950302,historical__421890895,2019-03-15,6
historical,421891974,historical__421891974,2019-03-13,15
historical,421893473,historical__421893473,2019-02-13,10
historical,421905834,historical__421905834,2019-11-12,7
historical,421914263,historical__421914263,2019-09-17,10
historical,421914539,historical__421914539,2019-09-16,46
historical,421916699,historical__421916699,2019-09-26,8
historical,421921308,historical__421921308,2019-06-06,14
historical,421921460,historical__421921460,2019-06-13,10
historical,421922478,historical__421922478,2019-06-12,10
historical,421928356,historical__421928356,2019-08-06,8
historical,421928472,historical__421928472,2019-05-01,6
historical,421928953,historical__421928953,2019-01-29,133
historical,421929097,historical__421929097,2019-01-15,10
historical,421929239,historical__421929239,2019-01-16,40
historical,421934483,historical__421934483,2019-06-28,18
historical,421936212,historical__421936212,2019-06-14,17
historical,421936846,historical__421936846,2019-06-13,7
historical,421943277,historical__421943277,2020-02-27,17
historical,421943776,historical__421943776,2020-03-09,18
historical,421946942,historical__421946942,2020-05-07,11
historical,421948600,historical__421948600,2019-07-11,16
historical,421949734,historical__421949734,2019-05-17,21
historical,421950366,historical__421950366,2019-05-17,21
historical,421958698,historical__421958698,2020-03-12,44
historical,421962479,historical__421962479,2020-04-20,42
historical,440597481,historical__440597481,2020-06-08,76
historical,440608941,historical__440608941,2020-07-16,38
historical,440609986,historical__440609986,2020-07-20,7
historical,440615568,historical__440615568,2020-08-05,24
historical,440618020,historical__440618020,2020-08-13,10
historical,440620794,historical__440620794,2020-08-24,28
historical,440635582,historical__440635582,2020-10-07,6
historical,440635591,historical__440635582,2020-10-07,6
historical,440635608,historical__440635582,2020-10-07,6
historical,440639203,historical__440639203,2020-10-19,64
historical,440641174,historical__440641174,2020-10-23,8
historical,440645517,historical__440645517,2020-11-06,7
historical,440648694,historical__440648694,2020-11-19,11
historical,440651572,historical__440651572,2020-11-30,8
historical,440653071,historical__440653071,2020-12-03,27
historical,440655765,historical__440655765,2020-12-11,7
historical,440657095,historical__440657095,2020-12-16,30
historical,440660633,historical__440660633,2021-01-04,29
historical,440663729,historical__440663729,2021-01-28,8
historical,440665139,historical__440665139,2021-02-09,16
historical,440667155,historical__440667155,2021-02-26,10
historical,510113654,historical__510113654,2019-07-07,53
historical,510115518,historical__510115518,2020-03-02,30
historical,510115670,historical__510115670,2020-05-05,270
historical,510115876,historical__510115876,2021-02-25,24
historical,540179821,historical__540179821,2020-07-24,6
historical,B00481199,historical__B00481199,2021-06-11,10
historical,B00482197,historical__B00482197,2021-03-09,7
historical,B00482269,historical__B00482269,2021-03-18,48
historical,B00482291,historical__B00482291,2021-03-14,8
historical,B00483059,historical__B00483059,2021-05-11,10
historical,B00484750,historical__B00484750,2021-04-02,10
historical,B00490362,historical__B00490362,2021-04-02,6
historical,B00490620,historical__B00490620,2021-04-14,16
historical,B00490655,historical__B00490655,2021-04-21,27
historical,B00492211,historical__B00492211,2021-04-07,7
historical,B00495212,historical__B00495212,2021-04-07,190
historical,B00497204,historical__B00497204,2021-05-14,58
historical,B00497676,historical__B00497676,2021-06-03,24
historical,B00498758,historical__B00498758,2021-06-23,8
historical,B00498781,historical__B00498781,2021-04-12,6
historical,B00499750,historical__B00499750,2021-10-14,9
historical,B00500021,historical__B00500021,2021-06-30,6
historical,B00501024,historical__B00501024,2021-05-04,7
historical,B00501131,historical__B00501131,2021-05-18,131
historical,B00501187,historical__B00501187,2021-04-13,9
historical,B00508599,historical__B00508599,2021-05-03,6
historical,B00508605,historical__B00508605,2021-05-17,9
historical,B00509455,historical__B00509455,2021-04-28,120
historical,B00511219,historical__B00511219,2021-05-19,36
historical,B00512095,historical__B00512095,2021-05-16,8
historical,B00515659,historical__B00515659,2021-10-22,7
historical,B00516009,historical__B00516009,2021-05-18,6
historical,B00517128,historical__B00517128,2021-05-06,8
historical,B00517454,historical__B00517454,2021-09-10,7
historical,B00517601,historical__B00517601,2021-05-26,44
historical,B00519039,historical__B00519039,2021-06-01,10
historical,B00520132,historical__B00520132,2021-09-16,375
historical,B00527324,historical__B00527324,2021-07-16,6
historical,B00528655,historical__B00528655,2021-05-27,25
historical,B00529365,historical__B00529365,2021-06-18,10
historical,B00529604,historical__B00529604,2021-06-08,55
historical,B00531676,historical__B00531676,2021-06-15,24
historical,B00537084,historical__B00537084,2021-09-29,8
historical,B00539478,historical__B00539478,2021-06-22,834
historical,B00542600,historical__B00542600,2021-07-09,473
historical,B00543029,historical__B00543029,2021-06-18,14
historical,B00545879,historical__B00545879,2021-09-16,20
historical,B00548222,historical__B00548222,2021-06-30,9
historical,B00550357,historical__B00550357,2021-07-02,43
historical,B00554452,historical__B00554452,2021-07-22,20
historical,B00560052,historical__B00560052,2021-07-19,10
historical,B00560232,historical__B00560232,2021-08-05,87
historical,B00560420,historical__B00560420,2021-08-05,91
historical,B00561184,historical__B00561184,2021-10-12,77
historical,B00561383,historical__B00561383,2021-10-06,17
historical,B00654541,historical__B00563007,2022-01-06,8
historical,B00563007,historical__B00563007,2022-01-06,6
historical,B00564411,historical__B00564411,2021-08-30,163
historical,B00565465,historical__B00565465,2021-08-09,231
historical,B00568816,historical__B00568816,2021-11-09,109
historical,B00570830,historical__B00570830,2021-08-12,10
historical,B00571785,historical__B00571785,2021-08-27,557
historical,B00574135,historical__B00574135,2021-08-11,7
historical,B00574205,historical__B00574205,2021-08-11,6
historical,B00575016,historical__B00575016,2021-08-27,10
historical,B00575531,historical__B00575531,2021-08-24,8
historical,B00577160,historical__B00577160,2021-08-23,63
historical,B00578168,historical__B00578168,2021-08-20,26
historical,B00578576,historical__B00578576,2021-09-13,23
historical,B00578743,historical__B00578743,2021-09-20,16
historical,B00579218,historical__B00579218,2021-09-24,7
historical,B00580210,historical__B00580210,2021-09-15,39
historical,B00580365,historical__B00580365,2021-09-23,187
historical,B00583473,historical__B00583473,2021-09-13,31
historical,B00584279,historical__B00584279,2021-11-10,10
historical,B00587387,historical__B00587387,2021-12-13,311
historical,B00588575,historical__B00588575,2021-09-20,63
historical,B00588594,historical__B00588594,2021-09-21,314
historical,B00588653,historical__B00588653,2021-09-06,41
historical,B00589058,historical__B00589058,2021-10-05,10
historical,B00591118,historical__B00591118,2021-09-24,158
historical,B00591681,historical__B00591681,2022-06-16,132
historical,B00593338,historical__B00593338,2021-10-15,197
historical,B00593598,historical__B00593598,2021-10-21,6
historical,B00594970,historical__B00594970,2021-11-15,123
historical,B00595582,historical__B00595582,2021-10-13,17
historical,B00596151,historical__B00596151,2021-11-16,32
historical,B00599515,historical__B00599515,2021-11-23,7
historical,B00599662,historical__B00599662,2021-10-01,7
historical,B00645244,historical__B00600073,2021-12-09,425
historical,B00650865,historical__B00600073,2022-02-10,179
historical,B00646753,historical__B00600073,2022-01-03,164
historical,B00600073,historical__B00600073,2021-12-01,70
historical,B00651087,historical__B00600073,2022-02-10,35
historical,B00600120,historical__B00600120,2021-11-17,363
historical,B00600959,historical__B00600959,2021-10-28,255
historical,B00601179,historical__B00601179,2021-10-14,205
historical,B00601830,historical__B00601830,2021-10-07,9
historical,B00603005,historical__B00603005,2021-10-05,9
historical,B00604312,historical__B00604312,2021-11-03,22
historical,B00604480,historical__B00604480,2021-10-04,8
historical,B00604652,historical__B00604480,2021-10-14,8
historical,B00611918,historical__B00604480,2021-10-14,8
historical,B00604543,historical__B00604543,2021-10-26,381
historical,B00606335,historical__B00606335,2021-10-19,456
historical,B00606686,historical__B00606686,2021-11-17,8
historical,B00606855,historical__B00606855,2021-10-15,7
historical,B00610039,historical__B00606855,2021-10-15,7
historical,B00608234,historical__B00608234,2021-10-25,6
historical,B00608472,historical__B00608472,2021-10-21,100
historical,B00610747,historical__B00608472,2021-10-21,81
historical,B00608989,historical__B00608989,2022-02-09,12
historical,B00610324,historical__B00610324,2021-10-28,64
historical,B00611166,historical__B00611166,2021-11-18,348
historical,B00611202,historical__B00611166,2021-11-18,320
historical,B00612352,historical__B00612352,2021-11-04,344
historical,B00614012,historical__B00614012,2021-10-22,66
historical,B00614338,historical__B00614338,2021-10-29,360
historical,B00614702,historical__B00614702,2021-10-28,50
historical,B00616358,historical__B00616358,2021-11-04,173
historical,B00619892,historical__B00619892,2021-11-22,10
historical,B00620031,historical__B00620031,2021-11-09,57
historical,B00621061,historical__B00621061,2021-11-16,260
historical,B00621076,historical__B00621076,2021-11-16,224
historical,B00621504,historical__B00621504,2021-12-01,274
historical,B00621533,historical__B00621533,2021-11-15,132
historical,B00622668,historical__B00622668,2021-11-12,328
historical,B00622896,historical__B00622896,2021-11-04,41
historical,B00624212,historical__B00624212,2021-11-30,43
historical,B00624645,historical__B00624645,2021-11-04,63
historical,B00625252,historical__B00625252,2021-11-16,513
historical,B00649561,historical__B00625252,2021-12-24,333
historical,B00643705,historical__B00625252,2021-12-16,70
historical,B00626808,historical__B00626808,2022-02-24,10
historical,B00627782,historical__B00627782,2021-12-02,105
historical,B00628878,historical__B00628878,2021-11-15,66
historical,B00629541,historical__B00629541,2021-11-23,12
historical,B00630951,historical__B00630951,2021-11-29,7
historical,B00632090,historical__B00632090,2021-11-24,8
historical,B00632621,historical__B00632621,2021-12-01,41
historical,B00632806,historical__B00632806,2021-11-22,188
historical,B00633202,historical__B00633202,2021-11-23,8
historical,B00633210,historical__B00633202,2021-11-23,8
historical,B00633393,historical__B00633393,2021-12-23,16
historical,B00633617,historical__B00633617,2021-12-05,13
historical,B00634183,historical__B00634183,2021-12-01,10
historical,B00635778,historical__B00634183,2021-12-01,10
historical,B00635142,historical__B00635142,2021-11-30,9
historical,B00653652,historical__B00635142,2022-01-12,6
historical,B00635730,historical__B00635730,2021-12-29,119
historical,B00635897,historical__B00635897,2021-12-01,6
historical,B00636529,historical__B00635897,2021-12-03,6
historical,B00636414,historical__B00636414,2022-04-05,22
historical,B00637051,historical__B00637051,2021-12-10,46
historical,B00637089,historical__B00637089,2022-03-18,9
historical,B00637100,historical__B00637089,2022-03-18,8
historical,B00637594,historical__B00637594,2021-12-08,193
historical,B00637654,historical__B00637654,2021-12-20,10
historical,B00638074,historical__B00638074,2021-12-10,8
historical,B00639064,historical__B00639064,2021-12-05,20
historical,B00640248,historical__B00640248,2021-12-10,83
historical,B00640623,historical__B00640623,2022-01-20,8
historical,B00640761,historical__B00640761,2021-12-08,301
historical,B00642055,historical__B00642055,2021-12-13,6
historical,B00642196,historical__B00642196,2022-01-19,32
historical,B00643477,historical__B00643477,2022-01-12,20
historical,B00644465,historical__B00644465,2021-12-17,9
historical,B00645194,historical__B00645194,2021-12-13,21
historical,B00645335,historical__B00645335,2021-12-22,24
historical,B00645411,historical__B00645411,2021-12-30,295
historical,B00645685,historical__B00645685,2021-12-14,133
historical,B00646589,historical__B00646589,2021-12-22,189
historical,B00648034,historical__B00648034,2022-01-05,322
historical,B00648659,historical__B00648659,2022-01-13,128
historical,B00648765,historical__B00648765,2021-12-17,8
historical,B00648774,historical__B00648774,2022-01-20,26
historical,B00650836,historical__B00650836,2021-12-23,6
historical,B00651570,historical__B00651570,2021-12-30,218
historical,B00652243,historical__B00652243,2021-12-22,60
historical,B00653189,historical__B00653189,2022-03-21,9
historical,B00653212,historical__B00653212,2022-01-19,139
historical,B00653276,historical__B00653276,2022-01-04,294
historical,B00653688,historical__B00653688,2022-01-03,46
historical,B00653960,historical__B00653960,2022-02-03,185
historical,B00655003,historical__B00655003,2022-02-02,174
historical,B00655818,historical__B00655818,2022-02-07,100
historical,B00656247,historical__B00656247,2022-01-27,147
historical,B00658895,historical__B00658895,2022-02-03,9
historical,B00660022,historical__B00660022,2022-01-14,22
historical,B00660471,historical__B00660471,2022-02-16,10
historical,B00661493,historical__B00661493,2022-01-20,14
historical,B00662287,historical__B00662287,2022-01-20,9
historical,B00663769,historical__B00663769,2022-03-14,10
historical,B00663906,historical__B00663906,2022-02-17,233
historical,B00664091,historical__B00664091,2022-02-16,73
historical,B00664860,historical__B00664860,2022-02-04,324
historical,B00665500,historical__B00665500,2022-01-25,270
historical,B00665570,historical__B00665570,2022-02-04,300
historical,B00666185,historical__B00666185,2022-01-25,6
historical,B00666575,historical__B00666575,2022-01-24,14
historical,B00667228,historical__B00667228,2022-01-25,10
historical,B00668047,historical__B00668047,2022-03-03,82
historical,B00668695,historical__B00668695,2022-02-02,136
historical,B00669824,historical__B00669824,2022-06-27,10
historical,B00670629,historical__B00670629,2022-01-31,54
historical,B00672250,historical__B00672250,2022-02-03,10
historical,B00672674,historical__B00672674,2022-02-14,89
historical,B00673459,historical__B00673459,2022-02-11,17
historical,B00673535,historical__B00673535,2022-02-17,23
historical,B00673634,historical__B00673634,2022-02-14,70
historical,B00673635,historical__B00673635,2022-02-18,183
historical,B00673986,historical__B00673986,2022-02-22,10
historical,B00674044,historical__B00674044,2022-02-15,38
historical,B00674061,historical__B00674061,2022-03-14,20
historical,B00674201,historical__B00674201,2022-02-04,11
historical,B00675610,historical__B00675610,2022-02-21,24
historical,B00676117,historical__B00676117,2022-02-09,26
historical,B00678425,historical__B00678425,2022-02-11,92
historical,B00680267,historical__B00678516,2022-02-28,483
historical,B00678516,historical__B00678516,2022-02-22,189
historical,B00678680,historical__B00678516,2022-02-22,150
historical,B00680247,historical__B00680247,2022-02-21,80
historical,B00680413,historical__B00680413,2022-02-28,52
historical,B00680820,historical__B00680820,2022-02-15,110
historical,B00680917,historical__B00680917,2022-03-01,1071
historical,B00681143,historical__B00681143,2022-03-04,328
historical,B00681814,historical__B00681814,2022-03-09,42
historical,B00682540,historical__B00682540,2022-02-17,7
historical,B00682883,historical__B00682883,2022-02-21,6
historical,B00683024,historical__B00683024,2022-02-18,8
historical,B00683366,historical__B00683366,2022-02-28,6
historical,B00683408,historical__B00683408,2022-06-08,34
historical,B00683623,historical__B00683623,2022-02-27,229
historical,B00683718,historical__B00683718,2022-09-23,29
historical,B00684074,historical__B00684074,2022-02-25,60
historical,B00684789,historical__B00684789,2022-03-06,240
historical,B00685211,historical__B00685211,2022-03-01,153
historical,B00685330,historical__B00685330,2022-02-24,8
historical,B00685399,historical__B00685399,2022-03-10,22
historical,B00685767,historical__B00685767,2022-03-25,6
historical,B00687734,historical__B00687734,2022-03-16,16
historical,B00687992,historical__B00687992,2022-03-01,6
historical,B00688317,historical__B00688317,2022-03-14,19
historical,B00688688,historical__B00688688,2022-03-14,46
historical,B00689616,historical__B00689616,2022-03-30,35
historical,B00689788,historical__B00689788,2022-03-10,20
historical,B00691370,historical__B00691370,2022-03-15,19
historical,B00691706,historical__B00691706,2022-03-16,13
historical,B00691884,historical__B00691884,2022-04-04,6
historical,B00692002,historical__B00692002,2022-03-09,168
historical,B00692168,historical__B00692168,2022-03-21,6
historical,B00692303,historical__B00692303,2022-03-10,183
historical,B00693081,historical__B00693081,2022-03-23,36
historical,B00693096,historical__B00693096,2022-03-08,20
historical,B00693828,historical__B00693828,2022-03-11,66
historical,B00694424,historical__B00694424,2022-03-16,18
historical,B00694902,historical__B00694902,2022-03-23,8
historical,B00695155,historical__B00695155,2022-03-18,14
historical,B00695565,historical__B00695565,2022-03-14,29
historical,B00695754,historical__B00695754,2022-03-25,38
historical,B00696392,historical__B00696389,2022-03-29,213
historical,B00696389,historical__B00696389,2022-03-29,84
historical,B00696395,historical__B00696395,2022-03-25,47
historical,B00696890,historical__B00696890,2022-03-25,41
historical,B00698051,historical__B00698051,2022-03-15,32
historical,B00704929,historical__B00698051,2022-03-24,6
historical,B00698117,historical__B00698115,2022-03-22,354
historical,B00698115,historical__B00698115,2022-03-21,296
historical,B00698118,historical__B00698115,2022-03-21,132
historical,B00722009,historical__B00698115,2022-04-21,95
historical,B00698275,historical__B00698275,2022-03-29,8
historical,B00699366,historical__B00699366,2022-04-07,8
historical,B00699404,historical__B00699404,2022-03-16,110
historical,B00700725,historical__B00700725,2022-04-07,54
historical,B00702705,historical__B00702705,2022-03-28,76
historical,B00703512,historical__B00703512,2022-03-29,34
historical,B00704728,historical__B00704728,2022-03-24,6
historical,B00706931,historical__B00706931,2022-03-28,72
historical,B00708599,historical__B00708599,2022-04-27,24
historical,B00708684,historical__B00708684,2022-04-04,31
historical,B00709512,historical__B00709512,2022-04-27,150
historical,B00709786,historical__B00709786,2022-04-06,9
historical,B00709787,historical__B00709787,2022-04-06,9
historical,B00712067,historical__B00712067,2022-04-05,12
historical,B00712457,historical__B00712457,2022-04-08,38
historical,B00712768,historical__B00712768,2022-04-07,8
historical,B00712795,historical__B00712795,2022-04-14,258
historical,B00714447,historical__B00714447,2022-04-13,20
historical,B00715375,historical__B00715375,2022-04-14,259
historical,B00715872,historical__B00715872,2022-05-16,7
historical,B00716392,historical__B00716392,2022-04-13,22
historical,B00717487,historical__B00717487,2022-04-14,29
historical,B00718171,historical__B00718171,2022-04-14,45
historical,B00718345,historical__B00718345,2022-04-14,7
historical,B00732593,historical__B00718345,2022-05-09,6
historical,B00719336,historical__B00719336,2022-04-15,19
historical,B00723172,historical__B00723172,2022-06-17,8
historical,B00725680,historical__B00725680,2022-04-27,9
historical,B00725782,historical__B00725782,2022-04-26,6
historical,B00725872,historical__B00725872,2022-05-01,22
historical,B00726583,historical__B00726583,2022-05-03,9
historical,B00727869,historical__B00727869,2022-05-04,82
historical,B00729240,historical__B00729240,2022-05-03,10
historical,B00729393,historical__B00729393,2022-05-04,34
historical,B00730176,historical__B00730176,2022-05-13,13
historical,B00730595,historical__B00730595,2022-05-18,8
historical,B00731678,historical__B00731678,2022-05-27,20
historical,B00734162,historical__B00734162,2022-05-11,30
historical,B00734382,historical__B00734382,2022-06-13,50
historical,B00735002,historical__B00735002,2022-05-25,20
historical,B00735907,historical__B00735907,2022-05-13,49
historical,B00736115,historical__B00736115,2022-05-13,55
historical,B00736239,historical__B00736239,2022-05-26,45
historical,B00736736,historical__B00736736,2022-05-13,8
historical,B00737250,historical__B00737250,2022-06-09,10
historical,B00738222,historical__B00738222,2022-05-17,6
historical,B00738723,historical__B00738723,2022-05-17,159
historical,B00739051,historical__B00739051,2022-05-17,10
historical,B00739268,historical__B00739268,2022-05-18,9
historical,B00740310,historical__B00740310,2022-05-23,74
historical,B00741148,historical__B00741148,2022-05-20,22
historical,B00742563,historical__B00742563,2022-06-15,13
historical,B00744641,historical__B00744641,2022-05-27,9
historical,B00745331,historical__B00745331,2022-05-31,25
historical,B00748120,historical__B00748120,2022-06-07,18
historical,B00751849,historical__B00751849,2022-06-08,48
historical,B00753172,historical__B00753172,2022-07-26,15
historical,B00753885,historical__B00753885,2022-06-09,25
historical,B00754062,historical__B00754062,2022-06-13,497
historical,B00754304,historical__B00754304,2022-06-14,301
historical,B00755555,historical__B00755555,2022-07-29,200
historical,B00756710,historical__B00756710,2022-06-14,8
historical,B00757866,historical__B00757866,2022-08-30,75
historical,B00762058,historical__B00762058,2022-06-23,10
historical,B00766674,historical__B00766674,2022-07-29,28
historical,B00766753,historical__B00766753,2022-07-25,7
historical,B00766828,historical__B00766828,2022-07-27,8
historical,B00774823,historical__B00774823,2022-07-20,105
historical,B00780032,historical__B00780032,2022-09-20,10
historical,B00780076,historical__B00780076,2022-09-08,17
historical,B00781122,historical__B00781122,2022-10-04,20
historical,B00781447,historical__B00781447,2022-09-28,99
historical,B00781811,historical__B00781811,2022-09-27,40
historical,B00781820,historical__B00781820,2022-10-06,7
historical,B00785354,historical__B00785354,2022-11-01,7
historical,B00789072,historical__B00789072,2022-10-12,56
historical,B00789554,historical__B00789554,2022-08-10,76
historical,B00798016,historical__B00798016,2022-10-25,10
historical,B07994914,historical__B07994914,2022-09-06,8
historical,B07995953,historical__B07995953,2022-09-15,16
historical,B07999998,historical__B07999998,2022-09-13,8
historical,B08000518,historical__B08000518,2022-10-03,19
historical,B08000627,historical__B08000627,2022-09-13,15
historical,B08003030,historical__B08003030,2022-09-23,10
historical,B08003504,historical__B08003504,2022-09-16,49
historical,B08003554,historical__B08003554,2022-09-16,10
historical,B08005181,historical__B08005181,2022-10-27,6
historical,B08005364,historical__B08005364,2022-10-27,6
historical,B08005429,historical__B08005429,2022-10-31,8
historical,B08008132,historical__B08008132,2022-10-07,19
historical,B08010793,historical__B08010793,2022-10-10,8
historical,B08011331,historical__B08011331,2022-10-06,12
historical,B00829312,historical__B08011331,2023-02-17,12
historical,B08015349,historical__B08015349,2022-10-28,202
historical,B08021996,historical__B08021996,2022-10-21,184
historical,B08022282,historical__B08022282,2022-11-01,8
historical,B08022562,historical__B08022562,2022-10-18,30
historical,B08025465,historical__B08025465,2022-11-15,8
historical,B08026584,historical__B08026584,2022-11-05,8
historical,B08031421,historical__B08031421,2022-11-18,16
historical,B08038604,historical__B08038604,2022-11-23,8
historical,B08042136,historical__B08042136,2022-11-18,14
historical,B08047782,historical__B08047782,2022-12-20,6
historical,M00479953,historical__M00479953,2021-03-26,16
historical,M00492685,historical__M00492685,2021-03-31,28
historical,M00499952,historical__M00499952,2021-07-08,190
historical,M00503537,historical__M00503537,2021-05-18,32
historical,M00522293,historical__M00522293,2021-07-28,666
historical,M00530595,historical__M00530595,2021-06-29,7
historical,M00537657,historical__M00537657,2021-06-22,222
historical,M00542354,historical__M00542354,2021-06-24,101
historical,M00547165,historical__M00547165,2021-07-16,128
historical,M00550178,historical__M00550178,2021-07-07,26
historical,M00551052,historical__M00551052,2021-07-13,28
historical,M00553059,historical__M00553059,2021-07-22,7
historical,M00556884,historical__M00556884,2021-08-20,145
historical,M00558120,historical__M00558120,2021-09-07,1313
historical,M00561118,historical__M00561118,2021-10-22,12
historical,M00574359,historical__M00574359,2021-10-01,70
historical,M00578593,historical__M00578593,2021-09-08,60
historical,M00580473,historical__M00580473,2021-08-31,158
historical,M00587493,historical__M00587493,2021-09-02,15
historical,M00599495,historical__M00599489,2021-10-21,474
historical,M00599489,historical__M00599489,2021-10-14,224
historical,M00600672,historical__M00600672,2021-10-27,188
historical,M00601955,historical__M00601955,2021-10-15,361
historical,M00611352,historical__M00611352,2021-10-22,194
historical,M00614697,historical__M00614697,2021-11-03,220
historical,M00625489,historical__M00625489,2021-11-17,453
historical,M00628716,historical__M00628716,2021-11-29,222
historical,M00628781,historical__M00628781,2021-11-11,120
historical,M00629412,historical__M00629412,2021-11-23,57
historical,M00630979,historical__M00630979,2022-01-12,138
historical,M00632762,historical__M00632762,2021-12-08,399
historical,M00637209,historical__M00637209,2022-01-13,45
historical,M00637413,historical__M00637413,2022-01-11,37
historical,M00641741,historical__M00641741,2021-12-17,490
historical,M00643592,historical__M00643592,2021-12-15,311
historical,M00645064,historical__M00645064,2021-12-17,24
historical,M00647624,historical__M00647624,2021-12-23,158
historical,M00648391,historical__M00648391,2022-01-24,146
historical,M00649645,historical__M00649645,2021-12-27,20
historical,M00651526,historical__M00651526,2022-01-04,47
historical,M00660854,historical__M00660854,2022-01-18,26
historical,M00665110,historical__M00665110,2022-01-24,50
historical,M00665956,historical__M00665956,2022-03-23,121
historical,M00666173,historical__M00666173,2022-01-26,120
historical,M00666777,historical__M00666777,2022-01-28,273
historical,M00668732,historical__M00668732,2022-02-04,8
historical,M00668800,historical__M00668732,2022-02-04,8
historical,M00671589,historical__M00671589,2022-03-21,180
historical,M00672872,historical__M00672872,2022-02-16,157
historical,M00674541,historical__M00674541,2022-02-09,58
historical,M00675715,historical__M00675715,2022-05-06,60
historical,M00683925,historical__M00683925,2022-03-04,108
historical,M00686955,historical__M00686955,2022-02-28,52
historical,M00688136,historical__M00688136,2022-03-06,209
historical,M00694696,historical__M00694696,2022-03-11,64
historical,M00694856,historical__M00694856,2022-03-28,36
historical,M00696323,historical__M00696323,2022-05-25,104
historical,M00701234,historical__M00701234,2022-04-01,8
historical,M00705695,historical__M00705695,2022-04-20,24
historical,M00718070,historical__M00718070,2022-11-08,59
historical,M00719204,historical__M00719204,2022-04-19,7
historical,M00719554,historical__M00719554,2022-04-19,18
historical,M00722025,historical__M00722025,2022-04-21,29
historical,M00723903,historical__M00723903,2022-05-09,35
historical,M00728230,historical__M00728230,2022-05-12,45
historical,M00737602,historical__M00737602,2022-06-14,6
historical,M00749928,historical__M00749928,2022-06-15,204
historical,M00771011,historical__M00771011,2022-08-01,40
historical,M00771041,historical__M00771041,2022-09-20,63
historical,M00771039,historical__M00771041,2022-09-21,58
historical,M00775662,historical__M00775662,2022-10-20,164
historical,M00785688,historical__M00785688,2022-11-02,52
historical,M00791192,historical__M00791192,2022-11-22,16
historical,M00798756,historical__M00798756,2022-09-08,62
historical,M08010721,historical__M08010721,2022-10-04,193
historical,M08011197,historical__M08011197,2022-10-27,68
historical,M08011563,historical__M08011563,2022-11-01,21
historical,M08014320,historical__M08014320,2022-10-05,8
historical,M08017592,historical__M08017592,2022-11-01,21
historical,M08022114,historical__M08022114,2022-10-31,99
historical,M08022866,historical__M08022866,2022-10-27,112
historical,M08025206,historical__M08025206,2022-12-09,10
historical,M08028413,historical__M08028413,2022-11-01,31
historical,M08028552,historical__M08028552,2022-10-31,341
historical,M08032494,historical__M08032494,2022-11-02,12
historical,Q00477815,historical__Q00477815,2021-04-27,12
historical,Q00478133,historical__Q00478133,2021-03-19,22
historical,Q00479380,historical__Q00479380,2021-04-10,71
historical,Q00479675,historical__Q00479675,2021-03-03,17
historical,Q00480833,historical__Q00480833,2021-03-08,7
historical,Q00480929,historical__Q00480833,2021-03-08,7
historical,Q00482934,historical__Q00482934,2021-10-14,51
historical,Q00484021,historical__Q00484021,2021-03-21,25
historical,Q00484597,historical__Q00484597,2021-03-15,80
historical,Q00488928,historical__Q00488928,2021-04-22,44
historical,Q00489289,historical__Q00489289,2021-04-04,15
historical,Q00490821,historical__Q00490821,2021-03-23,51
historical,Q00494799,historical__Q00494799,2021-05-10,14
historical,Q00497139,historical__Q00497139,2021-05-18,45
historical,Q00498832,historical__Q00498832,2021-04-14,51
historical,Q00499920,historical__Q00499920,2021-04-19,7
historical,Q00499931,historical__Q00499931,2021-04-12,10
historical,Q00501562,historical__Q00501562,2021-04-18,40
historical,Q00501608,historical__Q00501608,2021-06-14,7
historical,Q00501883,historical__Q00501883,2021-04-29,122
historical,Q00503708,historical__Q00503708,2021-04-19,7
historical,Q00515976,historical__Q00515976,2021-06-03,14
historical,Q00516017,historical__Q00516017,2021-05-13,9
historical,Q00523537,historical__Q00523537,2021-06-09,150
historical,Q00528155,historical__Q00528155,2021-06-04,164
historical,Q00528973,historical__Q00528973,2021-06-15,763
historical,Q00533905,historical__Q00533905,2021-12-02,56
historical,Q00536309,historical__Q00536309,2021-07-26,25
historical,Q00540608,historical__Q00540608,2021-07-23,147
historical,Q00542634,historical__Q00542634,2021-07-07,10
historical,Q00548195,historical__Q00548195,2021-07-15,240
historical,Q00554634,historical__Q00554634,2021-08-09,28
historical,Q00555969,historical__Q00555969,2021-08-11,93
historical,Q00557681,historical__Q00557681,2021-08-23,417
historical,Q00559761,historical__Q00559761,2021-07-17,7
historical,Q00564746,historical__Q00564746,2021-08-19,499
historical,Q00567413,historical__Q00567413,2021-08-17,31
historical,Q00567901,historical__Q00567901,2021-09-01,10
historical,Q00568340,historical__Q00568340,2021-08-02,7
historical,Q00568483,historical__Q00568340,2021-08-02,7
historical,Q00568550,historical__Q00568550,2021-08-24,25
historical,Q00568756,historical__Q00568756,2021-08-12,68
historical,Q00570018,historical__Q00570018,2021-11-17,6
historical,Q00576617,historical__Q00576617,2021-09-14,14
historical,Q00576717,historical__Q00576717,2021-09-14,29
historical,Q00577373,historical__Q00577373,2021-09-10,63
historical,Q00582096,historical__Q00582096,2021-09-15,19
historical,Q00582731,historical__Q00582731,2021-12-09,82
historical,Q00584570,historical__Q00584570,2021-09-03,120
historical,Q00586894,historical__Q00586894,2021-09-14,10
historical,Q00594636,historical__Q00594636,2021-09-17,26
historical,Q00595231,historical__Q00595231,2021-09-16,7
historical,Q00596656,historical__Q00596656,2021-09-24,45
historical,Q00599457,historical__Q00599457,2021-10-19,354
historical,Q00607526,historical__Q00607526,2021-12-14,170
historical,Q00608144,historical__Q00608144,2021-12-09,363
historical,Q00612960,historical__Q00612960,2021-11-16,99
historical,Q00614075,historical__Q00614075,2021-12-08,519
historical,Q00614758,historical__Q00614758,2021-10-26,36
historical,Q00617404,historical__Q00617404,2021-12-10,110
historical,Q00618542,historical__Q00618542,2021-11-03,10
historical,Q00623509,historical__Q00623509,2021-11-08,88
historical,Q00627197,historical__Q00627197,2021-12-27,78
historical,Q00627251,historical__Q00627251,2021-11-12,10
historical,Q00627252,historical__Q00627252,2021-12-23,10
historical,Q00630481,historical__Q00630481,2021-12-28,7
historical,Q00636484,historical__Q00636484,2021-12-15,55
historical,Q00638678,historical__Q00638678,2021-12-01,92
historical,Q00641359,historical__Q00641359,2022-05-27,173
historical,Q00645316,historical__Q00645316,2022-02-09,36
historical,Q00646536,historical__Q00646536,2021-12-15,50
historical,Q00646756,historical__Q00646746,2022-01-13,240
historical,Q00646746,historical__Q00646746,2022-01-13,138
historical,Q00646751,historical__Q00646746,2022-01-13,108
historical,Q00646754,historical__Q00646746,2022-01-13,90
historical,Q00649026,historical__Q00649026,2021-12-16,16
historical,Q00649207,historical__Q00649207,2022-01-13,87
historical,Q00650506,historical__Q00650506,2021-12-22,165
historical,Q00651672,historical__Q00651672,2021-12-23,42
historical,Q00652900,historical__Q00652900,2022-01-04,9
historical,Q00654121,historical__Q00654121,2022-01-20,43
historical,Q00655889,historical__Q00655889,2022-04-18,10
historical,Q00657466,historical__Q00657466,2022-01-24,6
historical,Q00657653,historical__Q00657653,2022-02-08,524
historical,Q00657656,historical__Q00657656,2022-02-08,521
historical,Q00657682,historical__Q00657682,2022-01-06,24
historical,Q00659801,historical__Q00659801,2022-02-11,53
historical,Q00660436,historical__Q00660436,2022-02-03,137
historical,Q00662886,historical__Q00662886,2022-01-21,20
historical,Q00665096,historical__Q00665096,2022-01-21,59
historical,Q00665670,historical__Q00665670,2022-02-16,68
historical,Q00674206,historical__Q00674206,2022-02-11,310
historical,Q00674762,historical__Q00674762,2022-06-23,117
historical,Q00682330,historical__Q00682330,2022-03-04,190
historical,Q00682720,historical__Q00682720,2022-03-17,52
historical,Q00683002,historical__Q00683000,2022-05-13,140
historical,Q00683000,historical__Q00683000,2022-05-13,122
historical,Q00683048,historical__Q00683048,2022-03-11,64
historical,Q00684348,historical__Q00684348,2022-04-08,7
historical,Q00687999,historical__Q00687999,2022-03-02,299
historical,Q00692280,historical__Q00692280,2022-04-25,48
historical,Q00696397,historical__Q00696397,2022-03-28,49
historical,Q00697427,historical__Q00697427,2022-03-17,16
historical,Q00697672,historical__Q00697672,2022-03-21,12
historical,Q00697858,historical__Q00697858,2022-03-18,7
historical,Q00697861,historical__Q00697858,2022-03-18,7
historical,Q00697869,historical__Q00697858,2022-03-18,7
historical,Q00697877,historical__Q00697858,2022-03-18,7
historical,Q00697881,historical__Q00697858,2022-03-18,7
historical,Q00697893,historical__Q00697858,2022-03-18,7
historical,Q00699181,historical__Q00699181,2022-03-17,12
historical,Q00701894,historical__Q00701894,2022-03-26,6
historical,Q00702546,historical__Q00702546,2022-03-28,18
historical,Q00702943,historical__Q00702943,2022-11-01,687
historical,Q00713747,historical__Q00702943,2022-11-01,583
historical,Q00703443,historical__Q00702943,2022-11-01,484
historical,Q00705947,historical__Q00705947,2022-05-09,44
historical,Q00710146,historical__Q00710146,2022-04-01,56
historical,Q00711760,historical__Q00711760,2022-04-13,60
historical,Q00713110,historical__Q00713110,2022-04-19,22
historical,Q00713167,historical__Q00713167,2022-04-08,17
historical,Q00714437,historical__Q00714437,2022-04-18,46
historical,Q00715775,historical__Q00715775,2022-04-09,6
historical,Q00716326,historical__Q00716326,2022-04-26,188
historical,Q00718151,historical__Q00718151,2022-04-14,63
historical,Q00718735,historical__Q00718735,2022-04-14,69
historical,Q00719971,historical__Q00719971,2022-05-06,14
historical,Q00720977,historical__Q00720977,2022-04-28,17
historical,Q00721236,historical__Q00721236,2022-04-21,227
historical,Q00721898,historical__Q00721898,2022-04-21,126
historical,Q00726673,historical__Q00726673,2022-05-13,7
historical,Q00727941,historical__Q00727941,2022-04-28,12
historical,Q00733231,historical__Q00733231,2022-05-24,8
historical,Q00735003,historical__Q00735003,2022-05-12,15
historical,Q00736666,historical__Q00736666,2022-05-13,6
historical,Q00738212,historical__Q00738212,2022-11-03,121
historical,Q00740418,historical__Q00740418,2022-07-11,122
historical,Q00754013,historical__Q00754013,2022-08-30,17
historical,Q00761543,historical__Q00761543,2022-09-20,83
historical,Q00769076,historical__Q00769076,2022-09-30,9
historical,Q00769923,historical__Q00769923,2022-07-12,32
historical,Q00769990,historical__Q00769990,2022-07-27,14
historical,Q00774715,historical__Q00774715,2022-08-29,14
historical,Q00774850,historical__Q00774850,2022-10-10,14
historical,Q00775081,historical__Q00775081,2022-08-08,98
historical,Q00778284,historical__Q00778284,2022-08-02,23
historical,Q00783360,historical__Q00783360,2022-09-22,100
historical,Q00785002,historical__Q00785002,2022-08-17,33
historical,Q00785605,historical__Q00785605,2022-08-08,115
historical,Q00790556,historical__Q00790556,2022-09-22,131
historical,Q00791713,historical__Q00791713,2022-10-04,57
historical,Q00793435,historical__Q00793435,2022-09-26,66
historical,Q00796876,historical__Q00796876,2022-08-22,10
historical,Q07995766,historical__Q07995766,2022-09-07,8
historical,Q07996131,historical__Q07996131,2022-09-01,19
historical,Q07996979,historical__Q07996979,2022-09-03,21
historical,Q07999360,historical__Q07999360,2022-11-02,8
historical,Q08005225,historical__Q08005225,2022-09-20,24
historical,Q08011227,historical__Q08011227,2022-10-04,10
historical,Q08012514,historical__Q08012514,2022-10-25,106
historical,Q08013426,historical__Q08013426,2022-11-02,15
historical,Q08014693,historical__Q08014693,2022-10-29,9
historical,Q08015127,historical__Q08015127,2022-10-14,36
historical,Q08016879,historical__Q08016879,2022-10-27,52
historical,Q08021308,historical__Q08021308,2022-12-06,10
historical,Q08025120,historical__Q08025120,2022-10-26,236
historical,Q08026754,historical__Q08026754,2022-10-29,135
historical,Q08028710,historical__Q08028710,2022-11-03,12
historical,Q08029005,historical__Q08029005,2022-11-02,38
historical,Q08029074,historical__Q08029074,2022-11-02,42
historical,Q08031880,historical__Q08031880,2022-11-03,82
historical,Q08032504,historical__Q08032504,2022-11-03,534
historical,Q08032719,historical__Q08032504,2022-11-03,347
historical,Q08034322,historical__Q08034322,2022-11-03,7
historical,Q08037894,historical__Q08037894,2022-11-16,27
historical,Q08051255,historical__Q08051255,2022-12-16,10
historical,S00499838,historical__S00499838,2021-04-26,27
historical,S00563710,historical__S00563710,2021-07-30,74
historical,S00661663,historical__S00661600,2022-02-01,393
historical,S00661600,historical__S00661600,2022-02-01,280
historical,S00661661,historical__S00661600,2022-02-01,126
historical,X00480196,historical__X00480196,2021-03-11,42
historical,X00481378,historical__X00481378,2021-10-15,49
historical,X00483103,historical__X00483103,2021-07-20,14
historical,X00484735,historical__X00484735,2021-03-15,8
historical,X00484728,historical__X00484735,2021-03-16,8
historical,X00486899,historical__X00486899,2021-04-09,32
historical,X00487269,historical__X00487269,2021-03-25,13
historical,X00487406,historical__X00487406,2021-08-04,35
historical,X00487532,historical__X00487532,2021-03-21,19
historical,X00489843,historical__X00489843,2021-04-24,59
historical,X00493694,historical__X00493694,2021-04-27,50
historical,X00493806,historical__X00493806,2021-04-27,56
historical,X00496544,historical__X00496544,2021-04-19,8
historical,X00496625,historical__X00496544,2021-04-19,8
historical,X00498497,historical__X00498497,2021-04-05,45
historical,X00499929,historical__X00499929,2021-04-11,43
historical,X00502411,historical__X00502411,2021-04-16,10
historical,X00506219,historical__X00506219,2021-04-27,40
historical,X00506347,historical__X00506347,2021-05-20,11
historical,X00509011,historical__X00509011,2021-04-27,17
historical,X00511138,historical__X00511138,2021-05-01,11
historical,X00511291,historical__X00511291,2021-05-01,11
historical,X00515774,historical__X00515774,2021-05-20,11
historical,X00516711,historical__X00515857,2021-05-14,94
historical,X00515857,historical__X00515857,2021-05-12,60
historical,X00516005,historical__X00516005,2021-05-25,17
historical,X00517860,historical__X00517860,2021-06-17,20
historical,X00518497,historical__X00518497,2021-05-27,44
historical,X00520505,historical__X00520505,2021-06-07,10
historical,X00520867,historical__X00520867,2021-05-14,18
historical,X00521651,historical__X00521651,2021-12-13,55
historical,X00523954,historical__X00523954,2021-06-30,8
historical,X00525964,historical__X00525964,2021-07-07,44
historical,X00526919,historical__X00526919,2021-06-02,365
historical,X00528618,historical__X00528618,2021-06-07,23
historical,X00530220,historical__X00530220,2021-07-15,38
historical,X00538598,historical__X00538598,2021-06-21,59
historical,X00541811,historical__X00541811,2021-06-30,73
historical,X00542666,historical__X00542666,2021-07-28,12
historical,X00544328,historical__X00544328,2021-06-22,59
historical,X00546393,historical__X00546393,2021-06-25,44
historical,X00546413,historical__X00546413,2021-12-02,99
historical,X00546584,historical__X00546584,2021-07-07,40
historical,X00547065,historical__X00547065,2021-07-06,12
historical,X00552335,historical__X00552335,2021-09-14,96
historical,X00553144,historical__X00553144,2021-07-14,17
historical,X00553697,historical__X00553697,2021-07-08,10
historical,X00554167,historical__X00554167,2021-07-14,11
historical,X00554868,historical__X00554868,2021-07-09,101
historical,X00558445,historical__X00558445,2021-08-19,34
historical,X00558989,historical__X00558989,2021-10-05,8
historical,X00560462,historical__X00560462,2021-07-20,14
historical,X00561795,historical__X00561795,2021-08-09,283
historical,X00673520,historical__X00561795,2022-02-28,122
historical,X00562360,historical__X00562360,2021-07-28,134
historical,X00566718,historical__X00566718,2021-10-06,12
historical,X00570619,historical__X00570619,2021-08-23,45
historical,X00572969,historical__X00572969,2022-09-21,15
historical,X00579827,historical__X00579827,2021-09-20,45
historical,X00586599,historical__X00586599,2021-09-17,62
historical,X00587608,historical__X00587608,2021-09-09,163
historical,X00588048,historical__X00588048,2021-10-15,20
historical,X00588660,historical__X00588660,2021-09-15,200
historical,X00591403,historical__X00591403,2021-09-12,10
historical,X00592786,historical__X00592786,2021-10-12,38
historical,X00594578,historical__X00594578,2021-09-15,39
historical,X00594958,historical__X00594958,2021-09-24,15
historical,X00596480,historical__X00596480,2021-09-20,32
historical,X00596890,historical__X00596890,2021-09-20,9
historical,X00597057,historical__X00596890,2021-09-20,8
historical,X00598191,historical__X00598191,2021-09-27,16
historical,X00598750,historical__X00598750,2021-10-08,25
historical,X00599800,historical__X00599800,2021-09-28,92
historical,X00599806,historical__X00599806,2021-10-11,44
historical,X00602987,historical__X00602987,2021-11-08,483
historical,X00610084,historical__X00610084,2021-10-20,25
historical,X00610421,historical__X00610421,2021-10-19,36
historical,X00611146,historical__X00611146,2021-10-15,37
historical,X00619685,historical__X00619685,2021-10-27,9
historical,X00619862,historical__X00619862,2021-11-09,218
historical,X00622829,historical__X00622829,2021-11-04,51
historical,X00625848,historical__X00625848,2021-11-10,33
historical,X00627045,historical__X00627045,2021-11-16,236
historical,X00628306,historical__X00628306,2021-11-19,78
historical,X00633905,historical__X00633905,2021-12-01,115
historical,X00634103,historical__X00634103,2022-04-05,90
historical,X00634339,historical__X00634339,2021-12-08,128
historical,X00636463,historical__X00636463,2021-12-06,54
historical,X00640159,historical__X00640159,2021-12-10,90
historical,X00640655,historical__X00640655,2021-12-16,10
historical,X00640964,historical__X00640964,2022-01-10,84
historical,X00643054,historical__X00643054,2021-12-14,81
historical,X00643715,historical__X00643715,2021-12-22,448
historical,X00643959,historical__X00643959,2021-12-14,177
historical,X00648530,historical__X00648530,2022-01-13,452
historical,X00649440,historical__X00649440,2022-01-26,69
historical,X00652159,historical__X00652159,2022-02-03,55
historical,X00653463,historical__X00653463,2022-01-04,12
historical,X00654441,historical__X00654441,2022-01-07,29
historical,X00655372,historical__X00655372,2022-02-22,28
historical,X00655494,historical__X00655494,2021-12-31,41
historical,X00655703,historical__X00655703,2021-12-31,38
historical,X00655827,historical__X00655827,2022-02-08,14
historical,X00657730,historical__X00657730,2022-01-19,89
historical,X00660666,historical__X00660666,2022-01-21,21
historical,X00660806,historical__X00660806,2022-01-31,37
historical,X00663647,historical__X00663647,2022-01-20,10
historical,X00664644,historical__X00664644,2022-02-22,44
historical,X00665113,historical__X00665113,2022-02-07,15
historical,X00666215,historical__X00666215,2022-01-30,50
historical,X00668558,historical__X00668558,2022-01-28,29
historical,X00670154,historical__X00670154,2022-02-08,31
historical,X00670404,historical__X00670404,2022-02-15,34
historical,X00672165,historical__X00672165,2022-02-17,31
historical,X00672299,historical__X00672299,2022-04-11,18
historical,X00672809,historical__X00672809,2022-02-06,12
historical,X00675318,historical__X00675318,2022-02-07,14
historical,X00676863,historical__X00676863,2022-02-21,40
historical,X00676895,historical__X00676895,2022-03-16,18
historical,X00678791,historical__X00678791,2022-02-14,55
historical,X00678814,historical__X00678814,2022-02-17,53
historical,X00679065,historical__X00679065,2022-02-17,33
historical,X00679142,historical__X00679142,2022-02-16,21
historical,X00679772,historical__X00679772,2022-02-22,54
historical,X00681066,historical__X00681066,2022-02-22,37
historical,X00682437,historical__X00682437,2022-02-23,104
historical,X00683302,historical__X00683302,2022-04-13,15
historical,X00683304,historical__X00683304,2022-05-25,20
historical,X00683317,historical__X00683317,2022-03-31,13
historical,X00683341,historical__X00683341,2022-06-10,23
historical,X00684422,historical__X00684422,2022-03-18,21
historical,X00684439,historical__X00684439,2022-03-15,22
historical,X00684456,historical__X00684456,2022-03-15,21
historical,X00685476,historical__X00685476,2022-03-22,28
historical,X00685698,historical__X00685698,2022-03-07,99
historical,X00685796,historical__X00685796,2022-02-24,7
historical,X00687107,historical__X00687107,2022-03-07,42
historical,X00687136,historical__X00687136,2022-02-28,39
historical,X00687592,historical__X00687592,2022-03-03,19
historical,X00687757,historical__X00687757,2022-03-03,59
historical,X00687838,historical__X00687838,2022-06-02,29
historical,X00688341,historical__X00688341,2022-03-14,46
historical,X00691380,historical__X00691380,2022-04-07,30
historical,X00692593,historical__X00692593,2022-04-20,83
historical,X00693416,historical__X00693416,2022-03-15,68
historical,X00693446,historical__X00693446,2022-03-10,79
historical,X00694049,historical__X00694049,2022-03-14,90
historical,X00694314,historical__X00694314,2022-03-10,24
historical,X00695344,historical__X00695344,2022-03-23,126
historical,X00695405,historical__X00695405,2022-03-13,71
historical,X00696576,historical__X00696576,2022-03-22,100
historical,X00697895,historical__X00697895,2022-03-18,11
historical,X00699014,historical__X00699014,2022-03-23,29
historical,X00699418,historical__X00699418,2022-03-16,28
historical,X00699553,historical__X00699553,2022-06-06,7
historical,X00700005,historical__X00700005,2022-03-22,45
historical,X00701794,historical__X00701794,2022-03-25,9
historical,X00702219,historical__X00702219,2022-04-28,34
historical,X00702424,historical__X00702424,2022-04-15,19
historical,X00702588,historical__X00702588,2022-05-17,79
historical,X00705496,historical__X00705496,2022-04-14,111
historical,X00705832,historical__X00705832,2022-04-11,30
historical,X00706011,historical__X00706011,2022-04-19,16
historical,X00706075,historical__X00706075,2022-03-29,52
historical,X00706485,historical__X00706485,2022-04-04,44
historical,X00707697,historical__X00707697,2022-03-30,93
historical,X00708456,historical__X00708456,2022-04-27,10
historical,X00709422,historical__X00709422,2022-04-08,127
historical,X00710266,historical__X00710266,2022-04-06,59
historical,X00710727,historical__X00710727,2022-04-11,26
historical,X00713265,historical__X00713265,2022-04-12,23
historical,X00714431,historical__X00714431,2022-04-08,46
historical,X00716620,historical__X00716620,2022-06-22,87
historical,X00716700,historical__X00716700,2022-04-12,25
historical,X00717934,historical__X00717934,2022-04-18,16
historical,X00718144,historical__X00718144,2022-04-14,81
historical,X00718298,historical__X00718298,2022-05-03,13
historical,X00718663,historical__X00718663,2022-04-15,153
historical,X00719256,historical__X00719256,2022-04-19,16
historical,X00719684,historical__X00719684,2022-04-15,51
historical,X00721483,historical__X00721483,2022-04-25,13
historical,X00724876,historical__X00724876,2022-05-23,34
historical,X00727101,historical__X00727101,2022-06-10,79
historical,X00728896,historical__X00728896,2022-05-09,32
historical,X00729880,historical__X00729880,2022-05-04,247
historical,X00735128,historical__X00735128,2022-05-16,110
historical,X00737153,historical__X00737153,2022-05-17,9
historical,X00738444,historical__X00738444,2022-05-22,24
historical,X00740738,historical__X00740738,2022-11-11,27
historical,X00740778,historical__X00740778,2022-11-07,23
historical,X00741218,historical__X00741218,2022-06-10,53
historical,X00742070,historical__X00742070,2022-06-07,13
historical,X00742662,historical__X00742662,2022-05-22,44
historical,X00746722,historical__X00746722,2022-09-12,8
historical,X00746868,historical__X00746868,2022-05-31,42
historical,X00747209,historical__X00747209,2022-09-01,34
historical,X00749893,historical__X00749893,2022-06-02,35
historical,X00750809,historical__X00750809,2022-08-30,75
historical,X00750814,historical__X00750814,2022-09-12,8
historical,X00750821,historical__X00750821,2022-09-12,8
historical,X00750827,historical__X00750827,2022-09-12,8
historical,X00750833,historical__X00750833,2022-09-12,8
historical,X00750879,historical__X00750879,2022-06-09,14
historical,X00750893,historical__X00750893,2022-06-08,25
historical,X00750924,historical__X00750924,2022-10-10,6
historical,X00752623,historical__X00752623,2022-06-07,39
historical,X00752919,historical__X00752919,2022-06-08,24
historical,X00754507,historical__X00754507,2022-06-09,13
historical,X00754631,historical__X00754631,2022-06-13,23
historical,X00755013,historical__X00755013,2022-11-17,20
historical,X00756398,historical__X00756398,2022-06-15,24
historical,X00757318,historical__X00757318,2022-07-21,340
historical,X00787559,historical__X00787559,2022-08-22,115
historical,X00791429,historical__X00791429,2022-09-20,109
historical,X00795439,historical__X00795439,2022-11-07,14
historical,X07995097,historical__X07995097,2022-09-13,12
historical,X08006238,historical__X08006238,2022-10-27,70
historical,X08006985,historical__X08006985,2022-10-24,279
historical,X08007884,historical__X08007884,2022-12-21,14
historical,X08011125,historical__X08011125,2022-10-07,50
historical,X08011205,historical__X08011205,2022-11-04,97
historical,X08021316,historical__X08021316,2022-11-17,32
historical,X08028318,historical__X08028318,2022-11-04,42
historical,X08028724,historical__X08028724,2022-10-31,195
historical,X08029467,historical__X08029467,2022-11-04,16
historical,X08029584,historical__X08029584,2022-11-04,21
historical,X08031915,historical__X08031915,2022-11-02,7
historical,X08039141,historical__X08039141,2022-12-26,18
historical,X08043433,historical__X08043433,2022-12-15,136
historical,X08045113,historical__X08045113,2022-11-30,55
historical,X08055447,historical__X08055447,2022-12-23,31
historical,X08055450,historical__X08055450,2022-12-23,9
post_policy,B00739735,post_policy__B00738795-I1,2025-03-06,526
post_policy,B00739760,post_policy__B00738795-I1,2025-03-06,287
post_policy,B00738795,post_policy__B00738795-I1,2025-03-06,210
post_policy,B01019417,post_policy__B01019417-I1,2025-01-14,521
post_policy,B01151476,post_policy__B01151476-I1,2025-03-27,55
post_policy,B01151652,post_policy__B01151652-I1,2025-01-22,6
post_policy,B01156961,post_policy__B01156961-I1,2025-01-13,16
post_policy,B01161645,post_policy__B01161645-I1,2025-01-23,8
post_policy,B01164069,post_policy__B01164069-I1,2025-01-09,12
post_policy,B01166584,post_policy__B01166584-I1,2025-01-22,33
post_policy,B01166776,post_policy__B01166776-I1,2025-02-04,86
post_policy,B01167646,post_policy__B01167646-I1,2025-02-04,69
post_policy,B01167721,post_policy__B01167721-I1,2025-01-27,21
post_policy,B01169429,post_policy__B01169429-I1,2025-06-12,80
post_policy,B01170044,post_policy__B01170044-I1,2025-03-13,21
post_policy,B01170890,post_policy__B01170890-I1,2025-02-10,75
post_policy,B01172199,post_policy__B01172199-I1,2025-02-19,99
post_policy,B01178945,post_policy__B01172199-I1,2025-02-24,99
post_policy,B01186301,post_policy__B01172199-I1,2025-02-26,99
post_policy,B01186327,post_policy__B01172199-I1,2025-02-26,70
post_policy,B01173539,post_policy__B01173539-I1,2025-04-17,283
post_policy,B01174267,post_policy__B01174267-I1,2025-01-31,56
post_policy,B01276709,post_policy__B01174451-I1,2025-02-07,15
post_policy,B01176410,post_policy__B01176410-I1,2025-02-11,17
post_policy,B01176445,post_policy__B01176445-I1,2025-02-11,15
post_policy,B01176982,post_policy__B01176928-I1,2025-04-03,142
post_policy,B01176928,post_policy__B01176928-I1,2025-04-03,131
post_policy,B01179777,post_policy__B01179777-I1,2025-02-19,8
post_policy,B01181306,post_policy__B01181306-I1,2025-03-24,7
post_policy,B01182303,post_policy__B01182303-I1,2025-02-19,20
post_policy,B01182731,post_policy__B01182731-I1,2025-02-19,7
post_policy,B01184928,post_policy__B01184928-I1,2025-04-25,49
post_policy,B01186213,post_policy__B01186213-I1,2025-03-06,7
post_policy,B01188539,post_policy__B01188539-I1,2025-03-18,6
post_policy,B01189471,post_policy__B01189471-I1,2025-03-20,6
post_policy,B01189780,post_policy__B01189780-I1,2025-03-10,24
post_policy,B01190376,post_policy__B01190376-I1,2025-03-07,46
post_policy,B01190465,post_policy__B01190465-I1,2025-03-06,8
post_policy,B01192946,post_policy__B01192946-I1,2025-06-27,53
post_policy,B01193522,post_policy__B01193522-I1,2025-03-12,10
post_policy,B01193893,post_policy__B01193893-I1,2025-04-14,21
post_policy,B01193931,post_policy__B01193931-I1,2025-04-08,14
post_policy,B01194358,post_policy__B01194358-I1,2025-04-09,12
post_policy,B01196136,post_policy__B01196136-I1,2026-04-17,28
post_policy,B01196476,post_policy__B01196476-I1,2025-03-20,213
post_policy,B01197124,post_policy__B01197124-I1,2025-03-26,17
post_policy,B01197262,post_policy__B01197262-I1,2025-04-15,6
post_policy,B01199018,post_policy__B01199018-I1,2025-04-04,10
post_policy,B01201310,post_policy__B01201310-I1,2025-04-02,8
post_policy,B01201594,post_policy__B01201594-I1,2025-04-02,30
post_policy,B01201815,post_policy__B01201815-I1,2025-04-22,47
post_policy,B01201936,post_policy__B01201936-I1,2025-04-07,11
post_policy,B01202234,post_policy__B01202234-I1,2025-05-20,18
post_policy,B01202361,post_policy__B01202361-I1,2025-04-23,14
post_policy,B01223202,post_policy__B01202361-I1,2025-05-13,14
post_policy,B01202447,post_policy__B01202447-I1,2025-05-22,19
post_policy,B01203257,post_policy__B01203257-I1,2025-04-04,7
post_policy,B01203284,post_policy__B01203284-I1,2025-06-25,79
post_policy,B01203713,post_policy__B01203713-I1,2026-01-27,29
post_policy,B01204032,post_policy__B01204032-I1,2025-04-04,59
post_policy,B01204725,post_policy__B01204725-I1,2025-04-04,21
post_policy,B01205619,post_policy__B01205619-I1,2025-04-10,21
post_policy,B01205999,post_policy__B01205999-I1,2025-04-04,23
post_policy,B01206874,post_policy__B01206874-I1,2025-04-08,99
post_policy,B01207321,post_policy__B01207321-I1,2025-04-10,16
post_policy,B01207648,post_policy__B01207648-I1,2025-04-15,8
post_policy,B01208799,post_policy__B01208799-I1,2025-04-10,99
post_policy,B01209048,post_policy__B01209048-I1,2025-04-10,26
post_policy,B01209356,post_policy__B01209356-I1,2025-04-28,24
post_policy,B01209812,post_policy__B01209812-I1,2025-04-22,6
post_policy,B01210082,post_policy__B01210082-I1,2025-05-13,6
post_policy,B01213419,post_policy__B01213419-I1,2025-05-02,14
post_policy,B01214702,post_policy__B01214702-I1,2025-04-24,17
post_policy,B01215534,post_policy__B01215534-I1,2025-08-01,12
post_policy,B01216521,post_policy__B01216521-I1,2025-07-31,40
post_policy,B01217769,post_policy__B01217769-I1,2025-05-01,10
post_policy,B01218835,post_policy__B01218835-I1,2025-05-02,24
post_policy,B01376157,post_policy__B01219952-I1,2026-05-05,9
post_policy,B01219952,post_policy__B01219952-I1,2025-05-21,6
post_policy,B01220888,post_policy__B01220888-I1,2025-07-10,17
post_policy,B01222238,post_policy__B01222238-I1,2025-08-14,17
post_policy,B01225073,post_policy__B01225073-I1,2025-08-06,122
post_policy,B01225389,post_policy__B01225389-I1,2025-08-08,30
post_policy,B01225438,post_policy__B01225438-I1,2025-06-11,14
post_policy,B01225983,post_policy__B01225983-I1,2025-05-23,99
post_policy,B01241582,post_policy__B01225983-I1,2025-06-19,99
post_policy,B01227440,post_policy__B01227440-I1,2025-05-26,28
post_policy,B01227844,post_policy__B01227844-I1,2025-06-09,10
post_policy,B01228897,post_policy__B01228897-I1,2025-07-30,10
post_policy,B01229088,post_policy__B01229088-I1,2025-12-05,50
post_policy,B01229668,post_policy__B01229668-I1,2025-06-03,6
post_policy,B01229848,post_policy__B01229848-I1,2025-05-27,8
post_policy,B01232724,post_policy__B01232724-I1,2025-06-16,10
post_policy,B01232767,post_policy__B01232767-I1,2025-07-07,17
post_policy,B01233603,post_policy__B01233603-I1,2025-06-05,17
post_policy,B01234480,post_policy__B01234480-I1,2025-07-11,50
post_policy,B01236312,post_policy__B01236312-I1,2025-06-06,8
post_policy,B01237574,post_policy__B01237574-I1,2025-08-15,8
post_policy,B01238121,post_policy__B01238121-I1,2025-06-18,44
post_policy,B01295435,post_policy__B01238590-I1,2025-06-19,23
post_policy,B01239985,post_policy__B01239985-I1,2025-06-25,11
post_policy,B01245122,post_policy__B01245122-I1,2025-12-24,20
post_policy,B01245472,post_policy__B01245472-I1,2025-08-01,13
post_policy,B01246023,post_policy__B01246023-I1,2025-06-27,99
post_policy,B01246098,post_policy__B01246098-I1,2025-06-30,51
post_policy,B01248951,post_policy__B01248951-I1,2025-08-15,35
post_policy,B01249173,post_policy__B01249173-I1,2025-07-15,99
post_policy,B01249210,post_policy__B01249210-I1,2025-07-02,37
post_policy,B01249710,post_policy__B01249710-I1,2026-01-13,99
post_policy,B01251027,post_policy__B01251027-I1,2025-07-08,26
post_policy,B01251221,post_policy__B01251221-I1,2025-08-01,20
post_policy,B01251974,post_policy__B01251974-I1,2026-03-27,10
post_policy,B01252041,post_policy__B01252041-I1,2025-07-14,74
post_policy,B01252682,post_policy__B01252682-I1,2025-07-15,29
post_policy,B01253556,post_policy__B01253556-I1,2025-07-22,53
post_policy,B01253690,post_policy__B01253690-I1,2025-09-15,6
post_policy,B01254233,post_policy__B01254233-I1,2025-07-23,23
post_policy,B01254252,post_policy__B01254252-I1,2025-07-11,6
post_policy,B01255387,post_policy__B01255387-I1,2025-08-07,99
post_policy,B01255657,post_policy__B01255657-I1,2025-08-27,18
post_policy,B01255973,post_policy__B01255973-I1,2025-07-17,12
post_policy,B01256001,post_policy__B01256001-I1,2025-07-17,12
post_policy,B01256572,post_policy__B01256572-I1,2025-07-21,99
post_policy,B01261070,post_policy__B01256572-I1,2025-07-24,99
post_policy,B01256977,post_policy__B01256977-I1,2025-08-15,12
post_policy,B01257530,post_policy__B01257530-I1,2025-09-22,11
post_policy,B01257744,post_policy__B01257744-I1,2025-07-22,21
post_policy,B01259800,post_policy__B01259800-I1,2025-07-25,27
post_policy,B01261078,post_policy__B01261078-I1,2025-07-28,17
post_policy,B01261700,post_policy__B01261700-I1,2025-12-19,28
post_policy,B01263086,post_policy__B01263086-I1,2025-08-05,8
post_policy,B01263191,post_policy__B01263191-I1,2025-07-31,7
post_policy,B01263817,post_policy__B01263817-I1,2026-01-20,16
post_policy,B01263961,post_policy__B01263961-I1,2025-08-12,15
post_policy,B01264375,post_policy__B01264375-I1,2025-10-20,47
post_policy,B01264512,post_policy__B01264512-I1,2025-08-28,25
post_policy,B01265876,post_policy__B01265876-I1,2026-01-12,6
post_policy,B01266301,post_policy__B01266301-I1,2025-08-07,25
post_policy,B01266991,post_policy__B01266991-I1,2025-08-22,15
post_policy,B01267863,post_policy__B01267863-I1,2025-09-05,13
post_policy,B01267961,post_policy__B01267961-I1,2025-08-11,12
post_policy,B01268141,post_policy__B01268141-I1,2025-08-22,14
post_policy,B01268437,post_policy__B01268437-I1,2025-09-02,99
post_policy,B01287567,post_policy__B01268437-I1,2025-09-15,99
post_policy,B01268544,post_policy__B01268544-I1,2025-08-14,99
post_policy,B01269810,post_policy__B01269810-I1,2025-08-27,38
post_policy,B01270785,post_policy__B01270785-I1,2025-09-29,7
post_policy,B01271705,post_policy__B01271705-I1,2025-08-19,97
post_policy,B01271979,post_policy__B01271979-I1,2025-09-02,187
post_policy,B01273633,post_policy__B01273633-I1,2025-09-17,8
post_policy,B01274077,post_policy__B01274077-I1,2025-09-27,12
post_policy,B01274111,post_policy__B01274111-I1,2025-08-22,16
post_policy,B01274779,post_policy__B01274779-I1,2025-09-01,6
post_policy,B01274924,post_policy__B01274924-I1,2025-08-25,35
post_policy,B01276224,post_policy__B01276224-I1,2025-12-19,158
post_policy,B01276343,post_policy__B01276343-I1,2025-08-27,14
post_policy,B01276949,post_policy__B01276949-I1,2025-09-01,6
post_policy,B01277514,post_policy__B01277514-I1,2025-09-15,6
post_policy,B01278364,post_policy__B01278364-I1,2025-09-18,86
post_policy,B01278368,post_policy__B01278364-I1,2025-09-18,39
post_policy,B01278555,post_policy__B01278555-I1,2025-09-18,123
post_policy,B01278989,post_policy__B01278989-I1,2025-08-29,22
post_policy,B01279497,post_policy__B01279497-I1,2025-09-30,19
post_policy,B01280057,post_policy__B01280057-I1,2025-09-10,23
post_policy,B01280400,post_policy__B01280400-I1,2025-09-17,68
post_policy,B01282705,post_policy__B01282705-I1,2025-09-29,27
post_policy,B01282774,post_policy__B01282774-I1,2025-09-12,6
post_policy,B01283545,post_policy__B01283545-I1,2025-09-16,55
post_policy,B01284658,post_policy__B01284658-I1,2025-10-23,22
post_policy,B01285363,post_policy__B01285363-I1,2025-10-21,23
post_policy,B01286523,post_policy__B01286523-I1,2025-09-24,13
post_policy,B01287171,post_policy__B01287171-I1,2025-10-07,18
post_policy,B01288782,post_policy__B01288782-I1,2025-09-22,10
post_policy,B01288936,post_policy__B01288936-I1,2025-09-24,14
post_policy,B01290362,post_policy__B01290362-I1,2025-09-30,33
post_policy,B01290649,post_policy__B01290649-I1,2025-11-20,244
post_policy,B01292122,post_policy__B01292122-I1,2025-10-09,13
post_policy,B01292860,post_policy__B01292860-I1,2025-09-30,21
post_policy,B01293368,post_policy__B01293368-I1,2025-10-29,29
post_policy,B01293782,post_policy__B01293782-I1,2025-10-16,8
post_policy,B01294089,post_policy__B01294089-I1,2025-10-10,12
post_policy,B01295381,post_policy__B01295381-I1,2025-12-31,49
post_policy,B01295651,post_policy__B01295651-I1,2025-11-04,10
post_policy,B01295753,post_policy__B01295753-I1,2025-10-06,35
post_policy,B01296606,post_policy__B01296606-I1,2026-02-03,17
post_policy,B01297506,post_policy__B01297506-I1,2026-01-28,10
post_policy,B01297622,post_policy__B01297622-I1,2025-10-06,99
post_policy,B01333932,post_policy__B01297622-I1,2025-12-16,99
post_policy,B01297629,post_policy__B01297629-I1,2025-10-06,85
post_policy,B01297781,post_policy__B01297781-I1,2026-03-28,11
post_policy,B01297948,post_policy__B01297948-I1,2025-11-04,50
post_policy,B01299926,post_policy__B01299926-I1,2025-12-10,40
post_policy,B01299947,post_policy__B01299947-I1,2025-12-10,80
post_policy,B01299955,post_policy__B01299955-I1,2025-12-10,40
post_policy,B01299958,post_policy__B01299958-I1,2025-12-10,80
post_policy,B01299964,post_policy__B01299964-I1,2025-12-10,80
post_policy,B01299980,post_policy__B01299980-I1,2025-12-10,40
post_policy,B01301055,post_policy__B01301055-I1,2025-10-15,8
post_policy,B01304513,post_policy__B01304513-I1,2025-10-27,8
post_policy,B01305637,post_policy__B01305637-I1,2025-10-31,65
post_policy,B01305673,post_policy__B01305637-I1,2025-10-31,65
post_policy,B01307174,post_policy__B01307174-I1,2025-10-22,10
post_policy,B01308806,post_policy__B01308806-I1,2025-11-03,26
post_policy,B01309948,post_policy__B01309948-I1,2025-12-12,21
post_policy,B01310062,post_policy__B01310062-I1,2025-11-18,8
post_policy,B01312241,post_policy__B01312241-I1,2025-11-24,17
post_policy,B01313117,post_policy__B01312761-I1,2025-11-12,792
post_policy,B01312761,post_policy__B01312761-I1,2025-11-07,268
post_policy,B01313756,post_policy__B01313756-I1,2025-11-13,29
post_policy,B01314291,post_policy__B01314291-I1,2025-11-10,6
post_policy,B01315432,post_policy__B01315432-I1,2026-01-22,85
post_policy,B01316595,post_policy__B01316595-I1,2025-12-04,99
post_policy,B01316678,post_policy__B01316595-I1,2025-12-04,99
post_policy,B01317227,post_policy__B01316595-I1,2025-12-04,99
post_policy,B01339675,post_policy__B01316595-I1,2025-12-30,99
post_policy,B01316713,post_policy__B01316713-I1,2025-11-26,39
post_policy,B01317812,post_policy__B01317812-I1,2026-02-11,14
post_policy,B01318629,post_policy__B01318629-I1,2025-12-12,402
post_policy,B01320755,post_policy__B01320755-I1,2025-12-11,10
post_policy,B01320823,post_policy__B01320823-I1,2025-11-20,99
post_policy,B01320883,post_policy__B01320883-I1,2025-11-24,29
post_policy,B01320997,post_policy__B01320997-I1,2025-12-16,51
post_policy,B01322526,post_policy__B01322526-I1,2026-03-31,55
post_policy,B01323239,post_policy__B01323239-I1,2026-02-13,9
post_policy,B01325256,post_policy__B01325256-I1,2025-12-31,26
post_policy,B01325937,post_policy__B01325937-I1,2025-12-17,259
post_policy,B01325938,post_policy__B01325938-I1,2026-01-08,117
post_policy,B01326334,post_policy__B01326334-I1,2025-12-05,8
post_policy,B01326503,post_policy__B01326503-I1,2025-12-12,6
post_policy,B01327122,post_policy__B01327122-I1,2025-12-19,153
post_policy,B01327155,post_policy__B01327155-I1,2025-12-19,84
post_policy,B01327164,post_policy__B01327164-I1,2025-12-19,60
post_policy,B01327363,post_policy__B01327363-I1,2025-12-11,99
post_policy,B01327466,post_policy__B01327466-I1,2025-12-08,21
post_policy,B01327545,post_policy__B01327545-I1,2026-01-13,22
post_policy,B01328056,post_policy__B01328056-I1,2026-02-03,99
post_policy,B01328084,post_policy__B01328084-I1,2025-12-10,6
post_policy,B01328207,post_policy__B01328207-I1,2025-12-05,6
post_policy,B01328396,post_policy__B01328396-I1,2026-03-27,25
post_policy,B01328440,post_policy__B01328440-I1,2025-12-04,86
post_policy,B01328447,post_policy__B01328440-I1,2025-12-04,28
post_policy,B01329460,post_policy__B01329460-I1,2025-12-23,9
post_policy,B01329666,post_policy__B01329666-I1,2025-12-18,17
post_policy,B01330190,post_policy__B01330190-I1,2025-12-30,141
post_policy,B01330433,post_policy__B01330433-I1,2026-01-15,8
post_policy,B01331029,post_policy__B01331029-I1,2025-12-30,34
post_policy,B01331189,post_policy__B01331189-I1,2025-12-18,53
post_policy,B01332121,post_policy__B01332121-I1,2026-03-25,327
post_policy,B01332608,post_policy__B01332608-I1,2026-01-05,59
post_policy,B01334385,post_policy__B01334385-I1,2025-12-22,27
post_policy,B01335005,post_policy__B01335005-I1,2026-02-05,21
post_policy,B01335160,post_policy__B01335160-I1,2025-12-19,12
post_policy,B01336182,post_policy__B01336182-I1,2025-12-24,10
post_policy,B01336599,post_policy__B01336599-I1,2025-12-24,18
post_policy,B01337345,post_policy__B01337345-I1,2026-02-24,302
post_policy,B01339846,post_policy__B01339846-I1,2026-01-09,22
post_policy,B01339874,post_policy__B01339874-I1,2026-01-08,70
post_policy,B01340191,post_policy__B01340191-I1,2026-03-10,6
post_policy,B01340730,post_policy__B01340730-I1,2026-03-27,48
post_policy,B01340930,post_policy__B01340930-I1,2026-01-01,8
post_policy,B01341355,post_policy__B01341355-I1,2026-01-01,80
post_policy,B01341540,post_policy__B01341540-I1,2026-01-14,18
post_policy,B01341650,post_policy__B01341650-I1,2026-01-06,7
post_policy,B01342166,post_policy__B01342166-I1,2026-01-28,11
post_policy,B01342709,post_policy__B01342709-I1,2026-02-26,95
post_policy,B01347372,post_policy__B01347372-I1,2026-01-29,8
post_policy,B01347462,post_policy__B01347462-I1,2026-02-02,40
post_policy,B01348174,post_policy__B01348174-I1,2026-01-27,77
post_policy,B01348178,post_policy__B01348178-I1,2026-01-26,16
post_policy,B01348242,post_policy__B01348242-I1,2026-01-21,94
post_policy,B01348392,post_policy__B01348392-I1,2026-01-23,73
post_policy,B01348890,post_policy__B01348890-I1,2026-03-31,99
post_policy,B01348893,post_policy__B01348890-I1,2026-03-31,98
post_policy,B01349019,post_policy__B01349019-I1,2026-01-22,10
post_policy,B01375085,post_policy__B01349019-I1,2026-03-25,10
post_policy,B01349788,post_policy__B01349788-I1,2026-01-23,55
post_policy,B01350174,post_policy__B01350174-I1,2026-03-19,95
post_policy,B01350177,post_policy__B01350174-I1,2026-03-19,95
post_policy,B01372886,post_policy__B01350174-I1,2026-03-19,90
post_policy,B01350570,post_policy__B01350570-I1,2026-02-17,99
post_policy,B01350955,post_policy__B01350955-I1,2026-03-05,20
post_policy,B01352178,post_policy__B01352178-I1,2026-05-20,165
post_policy,B01352508,post_policy__B01352508-I1,2026-02-11,10
post_policy,B01352664,post_policy__B01352664-I1,2026-02-11,29
post_policy,B01352714,post_policy__B01352714-I1,2026-01-30,78
post_policy,B01353092,post_policy__B01353092-I1,2026-04-09,22
post_policy,B01354779,post_policy__B01354779-I1,2026-03-18,63
post_policy,B01356232,post_policy__B01356232-I1,2026-02-06,34
post_policy,B01357632,post_policy__B01357632-I1,2026-02-10,56
post_policy,B01358059,post_policy__B01358059-I1,2026-03-05,14
post_policy,B01358487,post_policy__B01358487-I1,2026-02-19,45
post_policy,B01358527,post_policy__B01358527-I1,2026-02-20,69
post_policy,B01359723,post_policy__B01359723-I1,2026-02-17,6
post_policy,B01360530,post_policy__B01360530-I1,2026-03-03,45
post_policy,B01361090,post_policy__B01361090-I1,2026-02-19,31
post_policy,B01362967,post_policy__B01362967-I1,2026-03-09,70
post_policy,B01363074,post_policy__B01363074-I1,2026-03-10,8
post_policy,B01363430,post_policy__B01363430-I1,2026-03-04,42
post_policy,B01364772,post_policy__B01364772-I1,2026-03-05,36
post_policy,B01365066,post_policy__B01365066-I1,2026-03-05,27
post_policy,B01365225,post_policy__B01365225-I1,2026-03-17,10
post_policy,B01366205,post_policy__B01366205-I1,2026-03-06,12
post_policy,B01367549,post_policy__B01367549-I1,2026-03-24,34
post_policy,B01367848,post_policy__B01367848-I1,2026-05-20,65
post_policy,B01367960,post_policy__B01367960-I1,2026-05-01,10
post_policy,B01368061,post_policy__B01368061-I1,2026-03-13,11
post_policy,B01370571,post_policy__B01370571-I1,2026-03-12,20
post_policy,B01370830,post_policy__B01370830-I1,2026-03-23,14
post_policy,B01371177,post_policy__B01371177-I1,2026-04-07,18
post_policy,B01373413,post_policy__B01373413-I1,2026-03-23,71
post_policy,B01373493,post_policy__B01373493-I1,2026-06-01,71
post_policy,B01373573,post_policy__B01373573-I1,2026-03-18,10
post_policy,B01373634,post_policy__B01373634-I1,2026-03-23,96
post_policy,B01374176,post_policy__B01374176-I1,2026-03-18,7
post_policy,B01374436,post_policy__B01374436-I1,2026-03-31,6
post_policy,B01374856,post_policy__B01374856-I1,2026-03-24,51
post_policy,B01375113,post_policy__B01375113-I1,2026-05-19,23
post_policy,B01375530,post_policy__B01375530-I1,2026-04-21,98
post_policy,B01376426,post_policy__B01376426-I1,2026-03-26,85
post_policy,B01376613,post_policy__B01376613-I1,2026-03-31,73
post_policy,B01377276,post_policy__B01377276-I1,2026-04-15,14
post_policy,B01377452,post_policy__B01377452-I1,2026-04-01,157
post_policy,B01377733,post_policy__B01377733-I1,2026-03-26,25
post_policy,B01379089,post_policy__B01379089-I1,2026-05-04,55
post_policy,B01379312,post_policy__B01379312-I1,2026-04-13,24
post_policy,B01379434,post_policy__B01379434-I1,2026-03-30,75
post_policy,B01379437,post_policy__B01379437-I1,2026-03-29,75
post_policy,B01379995,post_policy__B01379995-I1,2026-04-02,16
post_policy,B01380483,post_policy__B01380483-I1,2026-04-07,7
post_policy,B01381465,post_policy__B01381465-I1,2026-07-08,10
post_policy,B01381870,post_policy__B01381870-I1,2026-04-14,59
post_policy,B01385132,post_policy__B01385132-I1,2026-04-09,12
post_policy,B01385319,post_policy__B01385319-I1,2026-04-29,6
post_policy,B01386156,post_policy__B01386156-I1,2026-04-16,7
post_policy,B01390326,post_policy__B01390326-I1,2026-04-29,82
post_policy,B01390458,post_policy__B01390326-I1,2026-04-29,82
post_policy,B01390460,post_policy__B01390326-I1,2026-04-29,64
post_policy,B01391270,post_policy__B01391270-I1,2026-05-06,60
post_policy,B01391600,post_policy__B01391600-I1,2026-05-01,10
post_policy,B01393179,post_policy__B01393179-I1,2026-06-08,13
post_policy,B01393288,post_policy__B01393288-I1,2026-04-29,7
post_policy,B01395686,post_policy__B01395686-I1,2026-05-08,22
post_policy,B01398835,post_policy__B01398835-I1,2026-05-15,45
post_policy,B01399120,post_policy__B01399120-I1,2026-05-21,85
post_policy,B01400199,post_policy__B01400199-I1,2026-06-04,224
post_policy,B01401790,post_policy__B01401790-I1,2026-05-20,6
post_policy,B01401889,post_policy__B01401889-I1,2026-05-20,31
post_policy,B01402482,post_policy__B01402482-I1,2026-06-02,23
post_policy,B01403349,post_policy__B01403349-I1,2026-05-18,15
post_policy,B01404767,post_policy__B01404767-I1,2026-06-03,12
post_policy,B01405711,post_policy__B01405711-I1,2026-06-10,18
post_policy,B01405960,post_policy__B01405960-I1,2026-07-03,42
post_policy,B01408961,post_policy__B01408961-I1,2026-06-10,99
post_policy,B01408963,post_policy__B01408961-I1,2026-06-10,99
post_policy,B01409426,post_policy__B01409426-I1,2026-06-25,99
post_policy,B01410734,post_policy__B01410734-I1,2026-06-09,20
post_policy,B01411828,post_policy__B01411828-I1,2026-06-11,99
post_policy,B01412138,post_policy__B01412138-I1,2026-06-10,169
post_policy,B01412657,post_policy__B01412655-I1,2026-06-10,224
post_policy,B01412655,post_policy__B01412655-I1,2026-06-10,206
post_policy,B01414331,post_policy__B01414331-I1,2026-06-15,12
post_policy,B01415308,post_policy__B01415308-I1,2026-06-12,76
post_policy,B01418533,post_policy__B01418533-I1,2026-06-19,7
post_policy,B01419135,post_policy__B01419135-I1,2026-06-19,48
post_policy,B01419789,post_policy__B01419789-I1,2026-07-01,8
post_policy,B01420894,post_policy__B01420894-I1,2026-07-01,12
post_policy,B01422332,post_policy__B01422332-I1,2026-07-02,147
post_policy,B01424708,post_policy__B01424708-I1,2026-07-08,30
post_policy,M01030184,post_policy__M01030184-I1,2025-08-05,282
post_policy,M01148044,post_policy__M01148044-I1,2025-01-07,30
post_policy,M01152650,post_policy__M01152650-I1,2025-03-26,12
post_policy,M01153465,post_policy__M01153465-I1,2025-12-11,350
post_policy,M01312755,post_policy__M01153465-I1,2025-12-11,220
post_policy,M01155663,post_policy__M01155663-I1,2025-01-02,190
post_policy,M01164499,post_policy__M01164499-I1,2025-02-12,36
post_policy,M01167063,post_policy__M01167063-I1,2025-01-22,12
post_policy,M01189399,post_policy__M01189399-I1,2025-03-28,66
post_policy,M01196888,post_policy__M01196888-I1,2025-03-25,48
post_policy,M01203893,post_policy__M01203893-I1,2025-04-15,20
post_policy,M01209233,post_policy__M01209233-I1,2025-05-20,282
post_policy,M01220215,post_policy__M01220215-I1,2025-05-09,9
post_policy,M01230688,post_policy__M01230688-I1,2025-07-21,43
post_policy,M01230881,post_policy__M01230881-I1,2025-09-24,15
post_policy,M01231645,post_policy__M01231645-I1,2025-10-10,276
post_policy,M01241552,post_policy__M01241552-I1,2025-06-16,113
post_policy,M01243425,post_policy__M01243425-I1,2025-07-03,77
post_policy,M01248702,post_policy__M01248702-I1,2025-07-29,7
post_policy,M01251433,post_policy__M01251433-I1,2025-07-07,7
post_policy,M01267340,post_policy__M01257136-I1,2025-08-21,24
post_policy,M01257136,post_policy__M01257136-I1,2025-07-26,23
post_policy,M01257465,post_policy__M01257465-I1,2025-08-06,83
post_policy,M01260000,post_policy__M01260000-I1,2025-07-31,217
post_policy,M01265797,post_policy__M01265797-I1,2025-08-13,18
post_policy,M01268347,post_policy__M01268347-I1,2025-09-16,278
post_policy,M01270610,post_policy__M01270610-I1,2025-08-21,85
post_policy,M01272711,post_policy__M01272711-I1,2025-08-18,6
post_policy,M01273621,post_policy__M01273621-I1,2025-09-10,54
post_policy,M01274330,post_policy__M01274330-I1,2025-09-23,459
post_policy,M01274493,post_policy__M01274493-I1,2025-09-12,84
post_policy,M01279610,post_policy__M01279610-I1,2025-10-23,32
post_policy,M01280065,post_policy__M01280065-I1,2026-01-01,72
post_policy,M01280354,post_policy__M01280354-I1,2025-11-24,6
post_policy,M01282164,post_policy__M01282164-I1,2025-09-17,15
post_policy,M01282953,post_policy__M01282953-I1,2025-09-26,15
post_policy,M01283731,post_policy__M01283731-I1,2025-11-28,10
post_policy,M01290581,post_policy__M01290581-I1,2025-12-15,21
post_policy,M01293643,post_policy__M01293643-I1,2025-10-03,41
post_policy,M01294550,post_policy__M01294550-I1,2025-09-29,8
post_policy,M01301888,post_policy__M01301888-I1,2025-12-02,86
post_policy,M01304775,post_policy__M01304775-I1,2025-11-26,8
post_policy,M01305839,post_policy__M01305839-I1,2025-11-05,99
post_policy,M01305858,post_policy__M01305839-I1,2025-11-05,98
post_policy,M01306253,post_policy__M01306253-I1,2026-03-24,99
post_policy,M01318077,post_policy__M01318077-I1,2025-12-02,14
post_policy,M01318466,post_policy__M01318466-I1,2025-11-25,96
post_policy,M01323220,post_policy__M01323220-I1,2025-12-18,51
post_policy,M01325392,post_policy__M01325392-I1,2025-12-29,86
post_policy,M01335408,post_policy__M01335408-I1,2025-12-30,88
post_policy,M01335998,post_policy__M01335998-I1,2025-12-19,86
post_policy,M01338581,post_policy__M01338581-I1,2026-03-04,99
post_policy,M01338583,post_policy__M01338581-I1,2026-03-04,99
post_policy,M01338590,post_policy__M01338581-I1,2026-03-04,99
post_policy,M01338597,post_policy__M01338581-I1,2026-03-04,99
post_policy,M01338604,post_policy__M01338581-I1,2026-03-04,99
post_policy,M01338609,post_policy__M01338581-I1,2026-03-04,99
post_policy,M01338614,post_policy__M01338581-I1,2026-03-04,99
post_policy,M01339025,post_policy__M01339025-I1,2026-03-28,88
post_policy,M01339782,post_policy__M01339782-I1,2026-01-14,20
post_policy,M01352171,post_policy__M01352171-I1,2026-03-27,16
post_policy,M01352841,post_policy__M01352841-I1,2026-03-11,62
post_policy,M01358817,post_policy__M01358817-I1,2026-02-23,12
post_policy,M01360104,post_policy__M01360104-I1,2026-03-26,300
post_policy,M01361353,post_policy__M01361353-I1,2026-03-17,70
post_policy,M01363005,post_policy__M01363005-I1,2026-03-06,211
post_policy,M01363035,post_policy__M01363035-I1,2026-03-17,481
post_policy,M01364168,post_policy__M01364168-I1,2026-03-09,29
post_policy,M01366344,post_policy__M01366344-I1,2026-03-08,12
post_policy,M01368684,post_policy__M01368684-I1,2026-03-25,21
post_policy,M01369116,post_policy__M01369116-I1,2026-03-19,99
post_policy,M01369988,post_policy__M01369988-I1,2026-03-31,16
post_policy,M01370073,post_policy__M01370073-I1,2026-03-26,141
post_policy,M01370578,post_policy__M01370578-I1,2026-03-20,456
post_policy,M01372322,post_policy__M01372322-I1,2026-03-27,95
post_policy,M01373185,post_policy__M01373185-I1,2026-03-26,75
post_policy,M01373193,post_policy__M01373193-I1,2026-03-26,69
post_policy,M01373235,post_policy__M01373235-I1,2026-03-27,105
post_policy,M01376293,post_policy__M01376293-I1,2026-03-27,95
post_policy,M01377138,post_policy__M01377138-I1,2026-03-25,120
post_policy,M01382130,post_policy__M01382130-I1,2026-04-21,430
post_policy,M01387640,post_policy__M01387640-I1,2026-04-27,20
post_policy,M01393124,post_policy__M01393124-I1,2026-04-28,99
post_policy,M01417673,post_policy__M01393124-I1,2026-06-19,72
post_policy,M01396956,post_policy__M01396956-I1,2026-06-03,27
post_policy,M01400243,post_policy__M01400243-I1,2026-05-15,50
post_policy,M01405104,post_policy__M01405104-I1,2026-06-22,6
post_policy,Q00976282,post_policy__Q00976282-I1,2025-03-28,16
post_policy,Q01025398,post_policy__Q01025398-I1,2025-08-06,706
post_policy,Q01081356,post_policy__Q01081356-I1,2025-01-30,9
post_policy,Q01111758,post_policy__Q01111758-I1,2025-11-18,53
post_policy,Q01117795,post_policy__Q01117795-I1,2025-06-20,59
post_policy,Q01127079,post_policy__Q01127079-I1,2025-04-03,27
post_policy,Q01148313,post_policy__Q01148313-I1,2025-01-02,14
post_policy,Q01149759,post_policy__Q01149759-I1,2025-03-11,39
post_policy,Q01150703,post_policy__Q01150703-I1,2025-01-02,89
post_policy,Q01150733,post_policy__Q01150733-I1,2025-01-16,89
post_policy,Q01154656,post_policy__Q01154656-I1,2025-04-15,23
post_policy,Q01157077,post_policy__Q01157077-I1,2025-01-28,89
post_policy,Q01159553,post_policy__Q01159553-I1,2025-03-28,14
post_policy,Q01164389,post_policy__Q01164389-I1,2025-07-28,11
post_policy,Q01169174,post_policy__Q01169174-I1,2025-03-14,35
post_policy,Q01177035,post_policy__Q01177035-I1,2025-04-23,21
post_policy,Q01177691,post_policy__Q01177691-I1,2025-02-11,99
post_policy,Q01177738,post_policy__Q01177691-I1,2025-02-11,74
post_policy,Q01222315,post_policy__Q01177691-I1,2025-05-13,57
post_policy,Q01178202,post_policy__Q01178202-I1,2025-05-05,9
post_policy,Q01179016,post_policy__Q01179016-I1,2025-02-12,30
post_policy,Q01182912,post_policy__Q01182912-I1,2025-02-21,20
post_policy,Q01183594,post_policy__Q01183594-I1,2025-02-21,22
post_policy,Q01183635,post_policy__Q01183635-I1,2025-03-07,57
post_policy,Q01360563,post_policy__Q01189789-I1,2025-03-25,98
post_policy,Q01360583,post_policy__Q01189789-I1,2025-03-25,56
post_policy,Q01196791,post_policy__Q01196791-I1,2025-04-14,310
post_policy,Q01197266,post_policy__Q01197266-I1,2025-04-10,43
post_policy,Q01197853,post_policy__Q01197853-I1,2025-05-20,99
post_policy,Q01197909,post_policy__Q01197909-I1,2025-03-26,20
post_policy,Q01201790,post_policy__Q01201790-I1,2025-04-01,27
post_policy,Q01203592,post_policy__Q01203592-I1,2025-10-22,84
post_policy,Q01205884,post_policy__Q01205884-I1,2025-05-05,17
post_policy,Q01206649,post_policy__Q01206649-I1,2025-04-11,93
post_policy,Q01206655,post_policy__Q01206649-I1,2025-06-03,92
post_policy,Q01207697,post_policy__Q01207697-I1,2025-04-10,57
post_policy,Q01216113,post_policy__Q01207697-I1,2025-04-30,29
post_policy,Q01213391,post_policy__Q01213391-I1,2025-04-23,6
post_policy,Q01216684,post_policy__Q01216684-I1,2025-07-03,7
post_policy,Q01216692,post_policy__Q01216692-I1,2025-07-01,9
post_policy,Q01217045,post_policy__Q01217045-I1,2025-09-02,13
post_policy,Q01219029,post_policy__Q01219029-I1,2025-05-16,26
post_policy,Q01219474,post_policy__Q01219474-I1,2025-05-07,6
post_policy,Q01276104,post_policy__Q01219474-I1,2025-10-16,6
post_policy,Q01223124,post_policy__Q01223124-I1,2025-05-12,6
post_policy,Q01223823,post_policy__Q01223823-I1,2025-10-06,99
post_policy,Q01226130,post_policy__Q01226130-I1,2025-05-19,32
post_policy,Q01226562,post_policy__Q01226562-I1,2025-06-11,94
post_policy,Q01228195,post_policy__Q01228195-I1,2025-09-03,479
post_policy,Q01228656,post_policy__Q01228656-I1,2025-05-21,55
post_policy,Q01233524,post_policy__Q01233524-I1,2025-08-11,213
post_policy,Q01234060,post_policy__Q01234060-I1,2025-06-03,53
post_policy,Q01237492,post_policy__Q01237492-I1,2025-07-31,12
post_policy,Q01241345,post_policy__Q01241345-I1,2025-06-16,20
post_policy,Q01242193,post_policy__Q01242193-I1,2025-06-24,124
post_policy,Q01242296,post_policy__Q01242296-I1,2025-06-18,6
post_policy,Q01243880,post_policy__Q01243880-I1,2025-07-11,99
post_policy,Q01243899,post_policy__Q01243880-I1,2025-07-11,99
post_policy,Q01245408,post_policy__Q01243880-I1,2025-07-11,99
post_policy,Q01245454,post_policy__Q01243880-I1,2025-07-11,99
post_policy,Q01245455,post_policy__Q01243880-I1,2025-07-11,99
post_policy,Q01245449,post_policy__Q01243880-I1,2025-07-11,96
post_policy,Q01246317,post_policy__Q01246317-I1,2025-07-09,44
post_policy,Q01246536,post_policy__Q01246536-I1,2025-07-09,56
post_policy,Q01247998,post_policy__Q01247998-I1,2025-08-29,12
post_policy,Q01252831,post_policy__Q01252831-I1,2025-07-25,24
post_policy,Q01254135,post_policy__Q01254135-I1,2025-07-14,29
post_policy,Q01254595,post_policy__Q01254595-I1,2025-10-06,330
post_policy,Q01254580,post_policy__Q01254595-I1,2025-10-07,99
post_policy,Q01254598,post_policy__Q01254598-I1,2025-08-05,10
post_policy,Q01254688,post_policy__Q01254688-I1,2025-07-17,10
post_policy,Q01255929,post_policy__Q01255929-I1,2025-07-17,15
post_policy,Q01257109,post_policy__Q01257109-I1,2026-06-18,26
post_policy,Q01257354,post_policy__Q01257354-I1,2025-07-18,9
post_policy,Q01261026,post_policy__Q01261008-I1,2025-08-04,87
post_policy,Q01261008,post_policy__Q01261008-I1,2025-08-04,84
post_policy,Q01261032,post_policy__Q01261008-I1,2025-08-04,82
post_policy,Q01261212,post_policy__Q01261189-I1,2025-07-30,73
post_policy,Q01261189,post_policy__Q01261189-I1,2025-07-30,60
post_policy,Q01261622,post_policy__Q01261622-I1,2025-09-26,31
post_policy,Q01262024,post_policy__Q01262024-I1,2025-08-05,8
post_policy,Q01262724,post_policy__Q01262724-I1,2025-09-26,9
post_policy,Q01263805,post_policy__Q01263805-I1,2025-08-12,387
post_policy,Q01297222,post_policy__Q01266074-I1,2025-10-06,99
post_policy,Q01297223,post_policy__Q01266074-I1,2025-10-06,99
post_policy,Q01266074,post_policy__Q01266074-I1,2025-08-06,88
post_policy,Q01266649,post_policy__Q01266649-I1,2025-08-19,18
post_policy,Q01279065,post_policy__Q01266649-I1,2025-09-03,18
post_policy,Q01270242,post_policy__Q01270242-I1,2025-08-15,58
post_policy,Q01273138,post_policy__Q01273138-I1,2025-08-20,22
post_policy,Q01273433,post_policy__Q01273433-I1,2025-09-08,28
post_policy,Q01274348,post_policy__Q01274348-I1,2025-09-24,26
post_policy,Q01274353,post_policy__Q01274353-I1,2025-10-23,50
post_policy,Q01275550,post_policy__Q01275550-I1,2025-11-18,300
post_policy,Q01275800,post_policy__Q01275800-I1,2025-08-29,560
post_policy,Q01278129,post_policy__Q01278129-I1,2025-09-02,89
post_policy,Q01295343,post_policy__Q01278129-I1,2025-10-06,88
post_policy,Q01283118,post_policy__Q01283118-I1,2025-10-06,12
post_policy,Q01283772,post_policy__Q01283772-I1,2025-09-16,90
post_policy,Q01283915,post_policy__Q01283772-I1,2025-09-16,86
post_policy,Q01284406,post_policy__Q01284406-I1,2025-09-15,7
post_policy,Q01285795,post_policy__Q01285795-I1,2025-09-19,32
post_policy,Q01285957,post_policy__Q01285957-I1,2025-10-16,24
post_policy,Q01288130,post_policy__Q01288130-I1,2025-09-16,99
post_policy,Q01332594,post_policy__Q01288130-I1,2025-12-15,68
post_policy,Q01297609,post_policy__Q01288130-I1,2025-10-24,67
post_policy,Q01288509,post_policy__Q01288509-I1,2025-10-06,50
post_policy,Q01289631,post_policy__Q01289631-I1,2025-12-12,227
post_policy,Q01289649,post_policy__Q01289649-I1,2025-12-12,173
post_policy,Q01292334,post_policy__Q01292334-I1,2025-10-10,6
post_policy,Q01294536,post_policy__Q01294536-I1,2025-09-30,16
post_policy,Q01297449,post_policy__Q01297449-I1,2026-03-11,99
post_policy,Q01297475,post_policy__Q01297475-I1,2026-03-03,26
post_policy,Q01297947,post_policy__Q01297947-I1,2025-10-05,45
post_policy,Q01301298,post_policy__Q01301298-I1,2025-10-17,56
post_policy,Q01305115,post_policy__Q01305115-I1,2025-12-29,6
post_policy,Q01306272,post_policy__Q01306272-I1,2026-02-03,14
post_policy,Q01310882,post_policy__Q01310882-I1,2025-10-30,6
post_policy,Q01311038,post_policy__Q01311038-I1,2026-03-27,121
post_policy,Q01311738,post_policy__Q01311738-I1,2025-11-04,8
post_policy,Q01312530,post_policy__Q01312530-I1,2025-11-04,7
post_policy,Q01314166,post_policy__Q01314166-I1,2025-11-10,56
post_policy,Q01316403,post_policy__Q01316403-I1,2026-01-14,8
post_policy,Q01340455,post_policy__Q01316403-I1,2026-01-14,8
post_policy,Q01317452,post_policy__Q01317360-I1,2025-11-26,70
post_policy,Q01317360,post_policy__Q01317360-I1,2025-11-26,63
post_policy,Q01317435,post_policy__Q01317435-I1,2025-12-02,105
post_policy,Q01321774,post_policy__Q01321774-I1,2025-12-24,23
post_policy,Q01321936,post_policy__Q01321936-I1,2026-03-05,6
post_policy,Q01322445,post_policy__Q01322445-I1,2025-12-04,17
post_policy,Q01327168,post_policy__Q01327168-I1,2025-12-17,156
post_policy,Q01327614,post_policy__Q01327614-I1,2026-03-19,105
post_policy,Q01363441,post_policy__Q01331303-I1,2026-03-12,74
post_policy,Q01331303,post_policy__Q01331303-I1,2025-12-30,65
post_policy,Q01332495,post_policy__Q01332495-I1,2025-12-17,147
post_policy,Q01332573,post_policy__Q01332573-I1,2025-12-28,74
post_policy,Q01334547,post_policy__Q01334547-I1,2025-12-18,56
post_policy,Q01335532,post_policy__Q01335532-I1,2025-12-18,72
post_policy,Q01337462,post_policy__Q01337462-I1,2025-12-26,62
post_policy,Q01338971,post_policy__Q01338971-I1,2025-12-29,99
post_policy,Q01339235,post_policy__Q01338971-I1,2026-01-06,98
post_policy,Q01338980,post_policy__Q01338971-I1,2026-01-06,92
post_policy,Q01339840,post_policy__Q01339840-I1,2026-01-02,55
post_policy,Q01348692,post_policy__Q01348692-I1,2026-02-03,88
post_policy,Q01349116,post_policy__Q01349116-I1,2026-02-06,14
post_policy,Q01350371,post_policy__Q01350371-I1,2026-02-05,79
post_policy,Q01351121,post_policy__Q01351121-I1,2026-01-26,79
post_policy,Q01351567,post_policy__Q01351567-I1,2026-03-12,6
post_policy,Q01355642,post_policy__Q01355642-I1,2026-03-06,14
post_policy,Q01358193,post_policy__Q01358193-I1,2026-03-02,181
post_policy,Q01359877,post_policy__Q01359877-I1,2026-03-05,83
post_policy,Q01360550,post_policy__Q01360550-I1,2026-05-04,62
post_policy,Q01363758,post_policy__Q01363758-I1,2026-02-25,37
post_policy,Q01366543,post_policy__Q01366543-I1,2026-03-25,71
post_policy,Q01367014,post_policy__Q01367014-I1,2026-04-06,285
post_policy,Q01367701,post_policy__Q01367701-I1,2026-05-14,8
post_policy,Q01368573,post_policy__Q01368573-I1,2026-03-21,27
post_policy,Q01369413,post_policy__Q01369413-I1,2026-03-16,10
post_policy,Q01370714,post_policy__Q01370714-I1,2026-03-19,28
post_policy,Q01371758,post_policy__Q01371758-I1,2026-03-30,46
post_policy,Q01372175,post_policy__Q01372175-I1,2026-03-27,43
post_policy,Q01372263,post_policy__Q01372263-I1,2026-03-27,54
post_policy,Q01372550,post_policy__Q01372550-I1,2026-03-17,21
post_policy,Q01373869,post_policy__Q01373869-I1,2026-03-24,41
post_policy,Q01374880,post_policy__Q01374880-I1,2026-03-27,15
post_policy,Q01375903,post_policy__Q01375903-I1,2026-03-27,93
post_policy,Q01376083,post_policy__Q01376083-I1,2026-03-26,6
post_policy,Q01376570,post_policy__Q01376570-I1,2026-03-26,108
post_policy,Q01377260,post_policy__Q01377260-I1,2026-05-18,74
post_policy,Q01379385,post_policy__Q01379385-I1,2026-05-27,137
post_policy,Q01381898,post_policy__Q01381898-I1,2026-05-12,26
post_policy,Q01385871,post_policy__Q01385871-I1,2026-06-05,23
post_policy,Q01386972,post_policy__Q01386972-I1,2026-04-20,99
post_policy,Q01388823,post_policy__Q01388823-I1,2026-05-12,99
post_policy,Q01388824,post_policy__Q01388823-I1,2026-05-13,99
post_policy,Q01389162,post_policy__Q01389162-I1,2026-05-18,91
post_policy,Q01391142,post_policy__Q01391142-I1,2026-05-19,38
post_policy,Q01392067,post_policy__Q01392067-I1,2026-06-19,16
post_policy,Q01392216,post_policy__Q01392216-I1,2026-04-27,10
post_policy,Q01392882,post_policy__Q01392882-I1,2026-05-02,16
post_policy,Q01395583,post_policy__Q01395583-I1,2026-05-11,68
post_policy,Q01400983,post_policy__Q01400983-I1,2026-06-12,6
post_policy,Q01403185,post_policy__Q01403184-I1,2026-06-25,36
post_policy,Q01403184,post_policy__Q01403184-I1,2026-06-24,12
post_policy,Q01404406,post_policy__Q01404406-I1,2026-05-21,17
post_policy,Q01409428,post_policy__Q01409428-I1,2026-06-02,18
post_policy,Q01412354,post_policy__Q01412354-I1,2026-06-11,99
post_policy,Q01412564,post_policy__Q01412564-I1,2026-06-16,17
post_policy,Q01412346,post_policy__Q01412952-I1,2026-06-12,97
post_policy,Q01412952,post_policy__Q01412952-I1,2026-06-09,71
post_policy,Q01414913,post_policy__Q01414913-I1,2026-06-11,15
post_policy,Q01415856,post_policy__Q01415856-I1,2026-06-16,58
post_policy,Q01417752,post_policy__Q01415856-I1,2026-06-16,50
post_policy,Q01416408,post_policy__Q01416407-I1,2026-06-30,99
post_policy,Q01424030,post_policy__Q01416407-I1,2026-07-02,77
post_policy,Q01421621,post_policy__Q01421621-I1,2026-07-06,60
post_policy,Q01425201,post_policy__Q01425201-I1,2026-07-01,10
post_policy,S01222096,post_policy__S01222096-I1,2025-06-02,92
post_policy,S01286566,post_policy__S01222096-I1,2026-01-23,37
post_policy,S01305841,post_policy__S01271498-I1,2025-10-01,6
post_policy,S01324750,post_policy__S01324750-I1,2026-02-26,20
post_policy,S01328926,post_policy__S01328926-I1,2025-12-08,74
post_policy,S01329990,post_policy__S01328926-I1,2025-12-08,74
post_policy,S01330466,post_policy__S01330466-I1,2025-12-23,89
post_policy,S01340695,post_policy__S01340695-I1,2026-03-17,15
post_policy,S01412771,post_policy__S01412771-I1,2026-06-12,26
post_policy,X00932163,post_policy__X00932163-I1,2026-03-25,329
post_policy,X00945951,post_policy__X00945951-I1,2025-10-22,347
post_policy,X01059040,post_policy__X01059040-I1,2025-01-07,213
post_policy,X01074672,post_policy__X01074672-I1,2025-02-06,25
post_policy,X01089171,post_policy__X01089171-I1,2025-04-23,56
post_policy,X01129497,post_policy__X01129497-I1,2025-05-01,25
post_policy,X01213596,post_policy__X01129497-I1,2025-05-01,20
post_policy,X01129499,post_policy__X01129499-I1,2025-03-20,68
post_policy,X01130512,post_policy__X01130512-I1,2025-03-03,15
post_policy,X01131311,post_policy__X01131311-I1,2025-01-28,49
post_policy,X01133461,post_policy__X01133461-I1,2025-02-25,60
post_policy,X01139238,post_policy__X01139238-I1,2025-06-02,16
post_policy,X01140437,post_policy__X01140437-I1,2025-11-18,48
post_policy,X01288603,post_policy__X01150556-I1,2025-10-17,57
post_policy,X01150556,post_policy__X01150556-I1,2025-03-27,56
post_policy,X01150557,post_policy__X01150557-I1,2025-04-11,76
post_policy,X01150558,post_policy__X01150558-I1,2025-03-27,80
post_policy,X01156469,post_policy__X01156469-I1,2025-06-13,28
post_policy,X01157279,post_policy__X01157279-I1,2025-01-14,213
post_policy,X01157822,post_policy__X01157822-I1,2025-01-14,22
post_policy,X01162972,post_policy__X01162972-I1,2025-02-07,6
post_policy,X01165951,post_policy__X01165951-I1,2025-03-05,14
post_policy,X01166460,post_policy__X01166460-I1,2025-03-13,78
post_policy,X01169727,post_policy__X01169727-I1,2025-01-27,53
post_policy,X01171568,post_policy__X01171565-I1,2025-03-10,69
post_policy,X01172496,post_policy__X01172496-I1,2025-04-28,12
post_policy,X01175719,post_policy__X01175719-I1,2025-02-05,29
post_policy,X01176903,post_policy__X01176903-I1,2025-03-12,12
post_policy,X01177042,post_policy__X01177042-I1,2025-03-03,53
post_policy,X01177831,post_policy__X01177831-I1,2025-02-11,7
post_policy,X01178301,post_policy__X01178301-I1,2025-02-19,24
post_policy,X01178432,post_policy__X01178424-I1,2025-04-27,76
post_policy,X01178424,post_policy__X01178424-I1,2025-04-24,68
post_policy,X01179136,post_policy__X01179136-I1,2025-03-04,14
post_policy,X01179451,post_policy__X01179451-I1,2025-07-21,10
post_policy,X01180463,post_policy__X01180463-I1,2025-02-17,32
post_policy,X01180882,post_policy__X01180882-I1,2025-03-17,14
post_policy,X01181228,post_policy__X01181228-I1,2025-02-19,48
post_policy,X01181650,post_policy__X01181650-I1,2025-02-20,16
post_policy,X01182248,post_policy__X01182248-I1,2025-03-17,18
post_policy,X01183559,post_policy__X01183559-I1,2025-03-04,27
post_policy,X01183632,post_policy__X01183632-I1,2025-02-20,8
post_policy,X01184008,post_policy__X01184008-I1,2025-09-08,45
post_policy,X01184270,post_policy__X01184270-I1,2025-03-03,38
post_policy,X01185640,post_policy__X01185640-I1,2025-03-06,15
post_policy,X01186318,post_policy__X01186318-I1,2025-03-10,77
post_policy,X01187721,post_policy__X01187721-I1,2025-03-04,58
post_policy,X01188928,post_policy__X01188928-I1,2025-03-10,8
post_policy,X01190580,post_policy__X01190580-I1,2025-04-21,11
post_policy,X01190590,post_policy__X01190590-I1,2025-07-18,93
post_policy,X01192769,post_policy__X01192769-I1,2025-03-11,17
post_policy,X01193962,post_policy__X01193962-I1,2025-06-25,60
post_policy,X01194018,post_policy__X01194018-I1,2025-03-28,10
post_policy,X01194061,post_policy__X01194061-I1,2025-04-08,10
post_policy,X01194154,post_policy__X01194154-I1,2025-03-17,55
post_policy,X01194388,post_policy__X01194388-I1,2025-04-01,57
post_policy,X01194963,post_policy__X01194963-I1,2025-03-28,21
post_policy,X01195000,post_policy__X01195000-I1,2025-03-28,10
post_policy,X01195428,post_policy__X01195428-I1,2025-03-28,33
post_policy,X01197447,post_policy__X01197447-I1,2025-05-08,99
post_policy,X01197955,post_policy__X01197955-I1,2025-05-14,9
post_policy,X01198346,post_policy__X01198346-I1,2025-03-24,17
post_policy,X01198370,post_policy__X01198370-I1,2025-06-04,41
post_policy,X01199827,post_policy__X01199827-I1,2025-03-24,51
post_policy,X01200778,post_policy__X01200778-I1,2025-04-02,38
post_policy,X01201226,post_policy__X01201226-I1,2025-03-31,14
post_policy,X01201390,post_policy__X01201390-I1,2025-03-31,99
post_policy,X01202536,post_policy__X01201390-I1,2025-03-31,65
post_policy,X01201502,post_policy__X01201502-I1,2025-05-15,83
post_policy,X01202159,post_policy__X01202004-I1,2025-03-31,72
post_policy,X01202004,post_policy__X01202004-I1,2025-03-31,56
post_policy,X01202216,post_policy__X01202216-I1,2025-03-28,64
post_policy,X01204411,post_policy__X01204411-I1,2025-04-28,20
post_policy,X01204634,post_policy__X01204634-I1,2025-05-30,15
post_policy,X01204834,post_policy__X01204834-I1,2025-05-12,29
post_policy,X01205902,post_policy__X01205902-I1,2025-10-23,45
post_policy,X01205996,post_policy__X01205996-I1,2025-04-24,29
post_policy,X01206247,post_policy__X01206247-I1,2025-05-28,37
post_policy,X01206249,post_policy__X01206249-I1,2025-06-10,76
post_policy,X01207746,post_policy__X01207746-I1,2025-04-10,92
post_policy,X01207859,post_policy__X01207859-I1,2025-04-15,27
post_policy,X01208463,post_policy__X01208463-I1,2025-04-09,20
post_policy,X01208579,post_policy__X01208579-I1,2025-04-10,25
post_policy,X01208796,post_policy__X01208796-I1,2025-04-10,10
post_policy,X01209024,post_policy__X01209024-I1,2025-04-11,25
post_policy,X01212075,post_policy__X01212075-I1,2025-04-30,99
post_policy,X01213692,post_policy__X01213692-I1,2025-04-25,54
post_policy,X01213760,post_policy__X01213760-I1,2025-04-23,9
post_policy,X01214155,post_policy__X01214155-I1,2025-05-19,22
post_policy,X01214816,post_policy__X01214816-I1,2025-07-03,13
post_policy,X01217545,post_policy__X01217545-I1,2025-05-20,12
post_policy,X01217737,post_policy__X01217737-I1,2025-05-05,32
post_policy,X01218464,post_policy__X01218464-I1,2025-05-05,15
post_policy,X01218505,post_policy__X01218505-I1,2025-05-02,47
post_policy,X01219259,post_policy__X01219259-I1,2025-09-19,304
post_policy,X01220923,post_policy__X01220923-I1,2025-05-12,98
post_policy,X01221074,post_policy__X01221074-I1,2025-05-08,8
post_policy,X01221313,post_policy__X01221313-I1,2025-05-07,52
post_policy,X01222893,post_policy__X01222893-I1,2025-05-16,99
post_policy,X01222960,post_policy__X01222893-I1,2025-05-19,99
post_policy,X01223342,post_policy__X01223342-I1,2025-07-31,99
post_policy,X01223350,post_policy__X01223342-I1,2025-10-24,99
post_policy,X01228107,post_policy__X01223342-I1,2025-10-24,99
post_policy,X01224829,post_policy__X01224829-I1,2025-05-16,14
post_policy,X01225221,post_policy__X01225221-I1,2025-05-15,73
post_policy,X01225724,post_policy__X01225724-I1,2025-06-03,24
post_policy,X01228219,post_policy__X01228219-I1,2025-05-22,45
post_policy,X01228918,post_policy__X01228918-I1,2025-05-30,26
post_policy,X01229428,post_policy__X01229428-I1,2025-06-06,340
post_policy,X01229470,post_policy__X01229470-I1,2025-05-21,26
post_policy,X01230263,post_policy__X01230263-I1,2025-06-06,44
post_policy,X01233373,post_policy__X01233373-I1,2025-06-01,99
post_policy,X01255584,post_policy__X01233373-I1,2025-07-23,99
post_policy,X01233626,post_policy__X01233626-I1,2025-05-30,10
post_policy,X01235438,post_policy__X01235438-I1,2025-06-18,96
post_policy,X01236327,post_policy__X01236327-I1,2025-06-26,23
post_policy,X01238419,post_policy__X01238419-I1,2025-06-10,64
post_policy,X01239762,post_policy__X01239762-I1,2025-06-16,71
post_policy,X01250532,post_policy__X01239762-I1,2025-07-07,61
post_policy,X01242652,post_policy__X01242652-I1,2025-07-15,13
post_policy,X01243818,post_policy__X01243818-I1,2025-06-23,42
post_policy,X01244736,post_policy__X01244736-I1,2025-10-09,41
post_policy,X01245717,post_policy__X01245717-I1,2025-06-24,20
post_policy,X01245869,post_policy__X01245869-I1,2025-07-01,15
post_policy,X01245967,post_policy__X01245967-I1,2025-07-03,41
post_policy,X01246119,post_policy__X01246119-I1,2025-06-24,26
post_policy,X01249518,post_policy__X01249518-I1,2025-07-02,39
post_policy,X01250288,post_policy__X01250288-I1,2025-07-07,99
post_policy,X01297496,post_policy__X01250398-I1,2025-10-17,94
post_policy,X01297399,post_policy__X01250398-I1,2025-10-17,84
post_policy,X01250398,post_policy__X01250398-I1,2025-07-14,77
post_policy,X01250967,post_policy__X01250967-I1,2025-07-11,53
post_policy,X01251204,post_policy__X01251204-I1,2025-07-07,23
post_policy,X01252229,post_policy__X01252229-I1,2025-08-11,36
post_policy,X01252512,post_policy__X01252512-I1,2025-07-15,56
post_policy,X01252513,post_policy__X01252512-I1,2025-07-15,56
post_policy,X01252547,post_policy__X01252547-I1,2025-07-08,99
post_policy,X01252589,post_policy__X01252589-I1,2025-07-09,99
post_policy,X01252694,post_policy__X01252694-I1,2025-07-08,84
post_policy,X01273665,post_policy__X01252745-I1,2025-08-20,99
post_policy,X01252870,post_policy__X01252870-I1,2025-08-25,14
post_policy,X01253814,post_policy__X01253814-I1,2025-07-13,99
post_policy,X01255412,post_policy__X01255412-I1,2025-07-24,84
post_policy,X01250818,post_policy__X01255412-I1,2025-08-20,84
post_policy,X01257342,post_policy__X01257342-I1,2025-07-18,41
post_policy,X01257696,post_policy__X01257696-I1,2025-08-11,50
post_policy,X01258871,post_policy__X01258871-I1,2025-07-23,10
post_policy,X01339801,post_policy__X01258871-I1,2025-12-30,10
post_policy,X01260540,post_policy__X01260540-I1,2025-09-23,27
post_policy,X01261535,post_policy__X01261535-I1,2025-10-07,160
post_policy,X01262505,post_policy__X01262505-I1,2025-07-31,55
post_policy,X01263390,post_policy__X01263390-I1,2025-08-21,45
post_policy,X01367594,post_policy__X01265022-I1,2026-03-20,207
post_policy,X01265022,post_policy__X01265022-I1,2025-08-25,91
post_policy,X01266286,post_policy__X01266286-I1,2025-08-05,20
post_policy,X01266624,post_policy__X01266624-I1,2025-08-07,44
post_policy,X01268019,post_policy__X01268019-I1,2025-08-26,23
post_policy,X01268364,post_policy__X01268364-I1,2025-09-11,20
post_policy,X01269646,post_policy__X01269646-I1,2025-08-22,45
post_policy,X01270754,post_policy__X01270754-I1,2026-02-12,59
post_policy,X01271221,post_policy__X01271221-I1,2025-08-18,34
post_policy,X01271675,post_policy__X01271675-I1,2025-08-14,11
post_policy,X01271939,post_policy__X01271939-I1,2025-08-21,28
post_policy,X01272418,post_policy__X01272418-I1,2025-11-03,15
post_policy,X01272686,post_policy__X01272686-I1,2025-08-20,28
post_policy,X01273997,post_policy__X01273997-I1,2025-08-22,80
post_policy,X01274535,post_policy__X01274535-I1,2025-08-22,9
post_policy,X01275600,post_policy__X01275600-I1,2026-02-05,99
post_policy,X01275923,post_policy__X01275923-I1,2025-09-17,25
post_policy,X01276512,post_policy__X01276512-I1,2025-11-04,54
post_policy,X01427588,post_policy__X01279257-I1,2025-09-02,35
post_policy,X01281848,post_policy__X01281848-I1,2025-09-19,20
post_policy,X01281979,post_policy__X01281979-I1,2025-11-12,28
post_policy,X01282233,post_policy__X01282233-I1,2025-10-17,22
post_policy,X01374245,post_policy__X01283025-I1,2025-10-01,48
post_policy,X01283953,post_policy__X01283953-I1,2025-09-09,13
post_policy,X01284098,post_policy__X01284098-I1,2025-09-10,34
post_policy,X01287248,post_policy__X01287248-I1,2025-10-28,11
post_policy,X01287397,post_policy__X01287397-I1,2025-09-15,13
post_policy,X01289720,post_policy__X01289720-I1,2025-09-24,11
post_policy,X01290422,post_policy__X01290422-I1,2025-09-22,6
post_policy,X01293675,post_policy__X01293675-I1,2025-10-06,293
post_policy,X01293919,post_policy__X01293919-I1,2026-01-27,42
post_policy,X01294705,post_policy__X01294705-I1,2025-10-05,99
post_policy,X01295375,post_policy__X01295375-I1,2025-10-03,40
post_policy,X01297411,post_policy__X01297411-I1,2025-10-05,64
post_policy,X01298827,post_policy__X01298827-I1,2025-10-08,55
post_policy,X01298866,post_policy__X01298866-I1,2025-11-06,47
post_policy,X01298990,post_policy__X01298990-I1,2025-11-21,510
post_policy,X01299859,post_policy__X01299859-I1,2025-11-17,48
post_policy,X01374029,post_policy__X01301172-I1,2025-10-17,36
post_policy,X01306345,post_policy__X01306345-I1,2025-11-10,99
post_policy,X01306444,post_policy__X01306444-I1,2025-12-10,74
post_policy,X01306883,post_policy__X01306883-I1,2025-11-22,33
post_policy,X01309119,post_policy__X01309119-I1,2025-11-11,32
post_policy,X01310533,post_policy__X01310533-I1,2025-11-04,8
post_policy,X01310551,post_policy__X01310551-I1,2025-11-04,31
post_policy,X01310786,post_policy__X01310786-I1,2025-11-04,14
post_policy,X01311362,post_policy__X01311362-I1,2025-11-11,21
post_policy,X01311873,post_policy__X01311873-I1,2025-12-05,20
post_policy,X01312159,post_policy__X01312159-I1,2026-03-27,14
post_policy,X01314502,post_policy__X01314502-I1,2025-11-17,6
post_policy,X01314575,post_policy__X01314575-I1,2025-12-10,23
post_policy,X01314968,post_policy__X01314968-I1,2025-12-03,18
post_policy,X01319910,post_policy__X01319910-I1,2025-11-18,43
post_policy,X01320059,post_policy__X01320059-I1,2025-12-10,19
post_policy,X01320193,post_policy__X01320193-I1,2025-12-26,12
post_policy,X01320218,post_policy__X01320218-I1,2025-11-17,23
post_policy,X01320305,post_policy__X01320305-I1,2025-11-26,13
post_policy,X01320773,post_policy__X01320773-I1,2025-12-01,44
post_policy,X01321206,post_policy__X01321206-I1,2025-11-24,63
post_policy,X01323307,post_policy__X01323307-I1,2026-01-20,483
post_policy,X01374146,post_policy__X01323712-I1,2025-11-24,53
post_policy,X01323944,post_policy__X01323944-I1,2025-12-02,15
post_policy,X01326332,post_policy__X01326332-I1,2025-12-08,16
post_policy,X01328713,post_policy__X01328713-I1,2025-12-09,13
post_policy,X01329063,post_policy__X01329063-I1,2025-12-11,31
post_policy,X01329938,post_policy__X01329938-I1,2026-02-06,9
post_policy,X01330109,post_policy__X01330109-I1,2025-12-16,183
post_policy,X01330651,post_policy__X01330651-I1,2026-02-02,7
post_policy,X01331754,post_policy__X01331754-I1,2025-12-29,34
post_policy,X01333161,post_policy__X01333161-I1,2025-12-16,23
post_policy,X01333272,post_policy__X01333272-I1,2026-01-06,27
post_policy,X01336180,post_policy__X01336180-I1,2025-12-19,31
post_policy,X01336373,post_policy__X01336373-I1,2026-01-28,6
post_policy,X01336538,post_policy__X01336538-I1,2025-12-23,33
post_policy,X01336607,post_policy__X01336607-I1,2025-12-22,30
post_policy,X01337054,post_policy__X01337054-I1,2025-12-29,69
post_policy,X01337563,post_policy__X01337563-I1,2026-06-03,36
post_policy,X01338717,post_policy__X01338717-I1,2026-04-27,99
post_policy,X01338737,post_policy__X01338717-I1,2026-04-27,99
post_policy,X01338741,post_policy__X01338717-I1,2026-04-27,99
post_policy,X01339817,post_policy__X01339817-I1,2026-01-09,39
post_policy,X01340454,post_policy__X01340454-I1,2025-12-30,28
post_policy,X01341081,post_policy__X01341081-I1,2025-12-31,9
post_policy,X01341100,post_policy__X01341100-I1,2026-01-05,99
post_policy,X01341530,post_policy__X01341530-I1,2026-02-09,32
post_policy,X01342047,post_policy__X01342047-I1,2026-02-04,23
post_policy,X01342626,post_policy__X01342626-I1,2026-01-08,99
post_policy,X01344208,post_policy__X01344208-I1,2026-01-12,15
post_policy,X01344449,post_policy__X01344449-I1,2026-01-14,30
post_policy,X01344450,post_policy__X01344450-I1,2026-01-14,31
post_policy,X01345034,post_policy__X01345034-I1,2026-01-28,9
post_policy,X01345190,post_policy__X01345190-I1,2026-06-08,14
post_policy,X01345266,post_policy__X01345266-I1,2026-01-13,82
post_policy,X01345288,post_policy__X01345288-I1,2026-01-13,14
post_policy,X01346560,post_policy__X01346560-I1,2026-01-19,70
post_policy,X01347541,post_policy__X01347541-I1,2026-02-25,36
post_policy,X01347911,post_policy__X01347911-I1,2026-03-19,68
post_policy,X01348434,post_policy__X01348434-I1,2026-03-17,84
post_policy,X01350003,post_policy__X01350003-I1,2026-03-23,214
post_policy,X01350023,post_policy__X01350023-I1,2026-02-02,8
post_policy,X01350912,post_policy__X01350912-I1,2026-02-03,10
post_policy,X01351386,post_policy__X01351386-I1,2026-02-04,60
post_policy,X01352893,post_policy__X01352893-I1,2026-02-02,89
post_policy,X01353032,post_policy__X01353032-I1,2026-02-02,80
post_policy,X01353046,post_policy__X01353046-I1,2026-02-12,28
post_policy,X01353256,post_policy__X01353256-I1,2026-02-04,20
post_policy,X01353589,post_policy__X01353589-I1,2026-03-27,71
post_policy,X01354549,post_policy__X01354549-I1,2026-02-04,60
post_policy,X01356194,post_policy__X01356168-I1,2026-03-20,308
post_policy,X01369931,post_policy__X01356168-I1,2026-03-20,307
post_policy,X01356168,post_policy__X01356168-I1,2026-03-20,145
post_policy,X01356311,post_policy__X01356311-I1,2026-02-19,8
post_policy,X01357581,post_policy__X01357581-I1,2026-03-11,99
post_policy,X01363916,post_policy__X01357774-I1,2026-02-10,19
post_policy,X01357937,post_policy__X01357937-I1,2026-02-16,16
post_policy,X01358000,post_policy__X01358000-I1,2026-03-03,7
post_policy,X01358456,post_policy__X01358456-I1,2026-02-11,98
post_policy,X01358459,post_policy__X01358456-I1,2026-02-11,92
post_policy,X01359471,post_policy__X01359460-I1,2026-02-17,98
post_policy,X01359460,post_policy__X01359460-I1,2026-02-17,82
post_policy,X01360064,post_policy__X01360064-I1,2026-02-25,23
post_policy,X01361123,post_policy__X01361123-I1,2026-02-19,16
post_policy,X01361482,post_policy__X01361482-I1,2026-02-24,7
post_policy,X01363016,post_policy__X01363016-I1,2026-03-29,62
post_policy,X01363484,post_policy__X01363484-I1,2026-02-25,6
post_policy,X01364936,post_policy__X01364936-I1,2026-03-02,23
post_policy,X01366142,post_policy__X01366142-I1,2026-03-04,15
post_policy,X01366278,post_policy__X01366278-I1,2026-03-10,36
post_policy,X01366285,post_policy__X01366285-I1,2026-04-24,17
post_policy,X01366730,post_policy__X01366730-I1,2026-03-12,44
post_policy,X01368456,post_policy__X01368451-I1,2026-03-16,98
post_policy,X01368451,post_policy__X01368451-I1,2026-03-16,97
post_policy,X01368586,post_policy__X01368586-I1,2026-03-30,37
post_policy,X01372889,post_policy__X01372889-I1,2026-04-07,26
post_policy,X01374198,post_policy__X01374198-I1,2026-03-26,220
post_policy,X01374418,post_policy__X01374418-I1,2026-03-29,34
post_policy,X01375075,post_policy__X01375075-I1,2026-03-27,106
post_policy,X01376382,post_policy__X01376382-I1,2026-03-26,135
post_policy,X01377488,post_policy__X01377488-I1,2026-03-27,83
post_policy,X01377544,post_policy__X01377488-I1,2026-03-27,76
post_policy,X01378020,post_policy__X01378020-I1,2026-04-08,34
post_policy,X01378792,post_policy__X01378792-I1,2026-04-28,53
post_policy,X01379161,post_policy__X01379161-I1,2026-03-29,99
post_policy,X01380155,post_policy__X01380155-I1,2026-03-31,35
post_policy,X01380303,post_policy__X01380303-I1,2026-04-01,97
post_policy,X01380506,post_policy__X01380506-I1,2026-03-30,11
post_policy,X01380511,post_policy__X01380511-I1,2026-03-31,99
post_policy,X01380721,post_policy__X01380721-I1,2026-03-31,81
post_policy,X01380723,post_policy__X01380721-I1,2026-03-31,80
post_policy,X01380790,post_policy__X01380790-I1,2026-03-31,60
post_policy,X01380803,post_policy__X01380803-I1,2026-03-31,99
post_policy,X01381162,post_policy__X01381162-I1,2026-04-01,19
post_policy,X01381185,post_policy__X01381185-I1,2026-04-17,19
post_policy,X01384861,post_policy__X01384861-I1,2026-04-22,68
post_policy,X01386026,post_policy__X01386026-I1,2026-04-20,52
post_policy,X01387133,post_policy__X01387133-I1,2026-04-23,99
post_policy,X01388531,post_policy__X01387133-I1,2026-04-23,99
post_policy,X01388820,post_policy__X01388820-I1,2026-04-28,34
post_policy,X01390442,post_policy__X01390442-I1,2026-05-13,21
post_policy,X01390796,post_policy__X01390796-I1,2026-04-22,11
post_policy,X01391209,post_policy__X01391209-I1,2026-04-24,15
post_policy,X01391499,post_policy__X01391499-I1,2026-05-21,22
post_policy,X01392564,post_policy__X01392564-I1,2026-05-29,99
post_policy,X01393299,post_policy__X01393299-I1,2026-05-20,63
post_policy,X01393720,post_policy__X01393720-I1,2026-04-30,11
post_policy,X01396877,post_policy__X01396877-I1,2026-05-29,30
post_policy,X01398197,post_policy__X01398197-I1,2026-05-26,28
post_policy,X01399358,post_policy__X01399358-I1,2026-05-22,25
post_policy,X01399831,post_policy__X01399831-I1,2026-05-29,49
post_policy,X01399986,post_policy__X01399986-I1,2026-05-12,99
post_policy,X01400166,post_policy__X01400166-I1,2026-05-13,15
post_policy,X01401011,post_policy__X01401011-I1,2026-05-14,69
post_policy,X01403386,post_policy__X01403386-I1,2026-05-20,39
post_policy,X01404499,post_policy__X01404499-I1,2026-05-20,49
post_policy,X01408506,post_policy__X01408506-I1,2026-06-12,80
post_policy,X01408773,post_policy__X01408773-I1,2026-06-02,92
post_policy,X01410192,post_policy__X01410192-I1,2026-06-24,80
post_policy,X01411374,post_policy__X01411374-I1,2026-06-09,47
post_policy,X01411426,post_policy__X01411426-I1,2026-06-22,47
post_policy,X01413550,post_policy__X01413550-I1,2026-06-10,10
post_policy,X01413917,post_policy__X01413917-I1,2026-06-15,12
post_policy,X01414518,post_policy__X01414518-I1,2026-06-11,37
post_policy,X01414592,post_policy__X01414592-I1,2026-06-11,37
post_policy,X01414980,post_policy__X01414980-I1,2026-06-17,12
post_policy,X01415890,post_policy__X01415890-I1,2026-06-26,74
post_policy,X01416155,post_policy__X01416155-I1,2026-06-17,13
post_policy,X01416342,post_policy__X01416342-I1,2026-06-15,99
post_policy,X01417654,post_policy__X01417499-I1,2026-06-18,99
post_policy,X01417499,post_policy__X01417499-I1,2026-06-17,28
post_policy,X01417981,post_policy__X01417981-I1,2026-06-23,33
post_policy,X01418945,post_policy__X01418945-I1,2026-06-18,92
post_policy,X01424193,post_policy__X01424193-I1,2026-07-08,39
