sample,parent_id,parent_total_units,n_components,included_ab,composition_eligible,lot_area_sqft,residential_far,built_far
historical,historical__121189579,37,1,FALSE,TRUE,4496,3.44,0
historical,historical__121204641,45,1,FALSE,TRUE,5298,6,0
historical,historical__121204721,361,1,FALSE,TRUE,76578,7.52,0
historical,historical__121204776,10,1,FALSE,TRUE,4217,10,3.91
historical,historical__121204801,50,1,TRUE,TRUE,4275,7.52,3.95
historical,historical__121204829,29,1,TRUE,TRUE,5473,3.44,1.5
historical,historical__121204874,277,1,TRUE,TRUE,14812,10,1.08
historical,historical__121204892,63,1,TRUE,TRUE,1788,10,2.63
historical,historical__121204945,10,1,FALSE,TRUE,2472,4,2.04
historical,historical__121204963,11,1,FALSE,TRUE,2581,4,2.2
historical,historical__121205025,174,1,FALSE,TRUE,11825,6.02,2.37
historical,historical__121205089,10,1,FALSE,TRUE,2681,6.02,0
historical,historical__121205187,32,1,TRUE,TRUE,2043,10,4.93
historical,historical__121205203,71,1,TRUE,TRUE,8092,6,2.99
historical,historical__121205221,144,1,TRUE,TRUE,5604,10,3.4399999999999995
historical,historical__121205301,26,1,TRUE,TRUE,2650,4,0
historical,historical__121205356,86,1,TRUE,TRUE,1773,10,3.28
historical,historical__121205445,164,1,TRUE,TRUE,20375,3.44,0.26
historical,historical__121205454,496,1,TRUE,TRUE,17275,10,0
historical,historical__121205481,12,1,TRUE,TRUE,2523,4,0
historical,historical__121205506,12,1,TRUE,TRUE,7283,7.52,0
historical,historical__121205524,160,1,TRUE,TRUE,1415,0,0
historical,historical__121205597,164,1,TRUE,TRUE,2592,6,4.52
historical,historical__121205640,229,1,TRUE,TRUE,4933,10,2.96
historical,historical__121205686,133,1,TRUE,TRUE,1975,10,2.02
historical,historical__121205711,12,1,FALSE,TRUE,4087,4,1.06
historical,historical__121205935,31,1,TRUE,TRUE,4996,6.02,0
historical,historical__121206015,42,1,TRUE,TRUE,1817,4,1.82
historical,historical__121206042,21,1,TRUE,TRUE,2798,3.4399999999999995,0
historical,historical__121206097,357,1,FALSE,TRUE,20199,3.44,0
historical,historical__121206140,480,1,TRUE,TRUE,9885,10,0
historical,historical__121206186,37,1,TRUE,TRUE,9666,6.02,2.99
historical,historical__121206337,52,1,TRUE,TRUE,5225,6.02,8.44
historical,historical__121206364,8,1,TRUE,TRUE,1500,3.44,0
historical,historical__121206417,51,1,TRUE,TRUE,5164,3.44,0
historical,historical__121206499,108,1,TRUE,TRUE,2500,10,2.8
historical,historical__121206569,29,1,TRUE,TRUE,3508,10,1.77
historical,historical__121206676,15,1,TRUE,TRUE,2200,6.02,2
historical,historical__121206685,142,1,TRUE,TRUE,18100,6.02,0.19
historical,historical__121206756,14,1,FALSE,TRUE,5255,10,3.21
historical,historical__121206818,97,1,TRUE,TRUE,13168,3.44,0.96
historical,historical__121207014,131,1,TRUE,TRUE,12588,10,2.25
historical,historical__121207185,14,1,TRUE,TRUE,2375,6.02,0.8
historical,historical__121207292,495,2,TRUE,TRUE,32395,6.02,0
historical,historical__121207309,330,1,TRUE,TRUE,15975,10,3.91
historical,historical__121207354,81,1,TRUE,TRUE,3531,7.52,4.33
historical,historical__121207504,614,1,TRUE,TRUE,42540,6.02,1.1950230228974719
historical,historical__121207728,22,1,TRUE,TRUE,6485,4,0
historical,historical__121207764,232,1,TRUE,TRUE,17642,10,0
historical,historical__121207826,10,1,TRUE,TRUE,2467,6.02,1.11
historical,historical__121207933,7,1,FALSE,TRUE,1665,3,0
historical,historical__121207942,160,1,TRUE,TRUE,2469,10,2.4
historical,historical__121207988,10,1,FALSE,TRUE,2498,3.4399999999999995,0
historical,historical__121208040,11,1,FALSE,TRUE,2000,3.44,0
historical,historical__121208077,75,1,TRUE,TRUE,8162,6.02,2.13
historical,historical__121208095,97,1,TRUE,TRUE,2312,8,3.98
historical,historical__121208102,7,1,FALSE,TRUE,3746,10,2.7
historical,historical__121208709,21,1,FALSE,TRUE,1775,3.44,0
historical,historical__121208861,28,1,TRUE,TRUE,5221,10,2.6
historical,historical__121208905,59,1,TRUE,TRUE,10000,3.44,0.93
historical,historical__121209138,88,1,TRUE,TRUE,11800,6.02,0.37
historical,historical__121209165,23,1,FALSE,TRUE,2475,3.44,1.92
historical,historical__121209174,92,1,TRUE,TRUE,15450,3.44,0
historical,historical__121209192,100,1,FALSE,TRUE,10625,10,0
historical,historical__121209281,453,1,TRUE,TRUE,15939,10,6.2
historical,historical__121209361,54,1,TRUE,TRUE,1840,7.52,0
historical,historical__121209469,23,1,TRUE,TRUE,4392,3.44,0
historical,historical__121209502,171,1,TRUE,TRUE,5034,10,0
historical,historical__121209575,92,1,TRUE,TRUE,12490,3.44,1.45
historical,historical__121209600,26,1,FALSE,TRUE,937,6.02,3.95
historical,historical__123253273,14,1,TRUE,TRUE,2767,10,2.92
historical,historical__123692334,58,1,TRUE,TRUE,1883,10,2.35
historical,historical__123740336,113,1,TRUE,TRUE,2523,6.02,2.56
historical,historical__123752153,22,2,FALSE,TRUE,4968,10,2.33
historical,historical__123756015,65,1,TRUE,TRUE,1469,7.52,0
historical,historical__123765817,12,1,FALSE,TRUE,1779,4,2.09
historical,historical__123777305,59,1,TRUE,TRUE,2517,6,4
historical,historical__123800093,54,1,FALSE,TRUE,1932,7.52,3
historical,historical__123854944,14,1,TRUE,TRUE,2500,4,0
historical,historical__123872363,14,1,TRUE,TRUE,2500,3.44,0
historical,historical__123872416,13,1,TRUE,TRUE,2492,3.44,0
historical,historical__123910517,28,1,TRUE,TRUE,4738,4,0
historical,historical__123910526,10,1,TRUE,TRUE,2300,4,0
historical,historical__140913064,23,1,TRUE,TRUE,2057,0,2.11
historical,historical__140968031,11,1,TRUE,TRUE,1993,3.44,0
historical,historical__210178966,107,1,TRUE,TRUE,10790,3.44,0.8299999999999998
historical,historical__210178993,37,1,TRUE,TRUE,3616,3.44,0
historical,historical__210179082,25,1,TRUE,TRUE,5000,3.44,1.02
historical,historical__210179144,9,1,TRUE,TRUE,5000,2.43,0.56
historical,historical__210179171,17,1,TRUE,TRUE,2500,6.02,0.86
historical,historical__210179199,8,1,TRUE,TRUE,2500,3.44,1.24
historical,historical__210179215,80,1,TRUE,TRUE,5300,5,0.29
historical,historical__210179224,43,1,TRUE,TRUE,7303,3.44,1.92
historical,historical__210179242,153,1,TRUE,TRUE,13337,0,0
historical,historical__210179279,82,1,TRUE,TRUE,3189,3.44,0
historical,historical__210179457,171,1,FALSE,TRUE,21218,6.02,0.12
historical,historical__210179475,9,1,TRUE,TRUE,5000,2.43,0.56
historical,historical__210179493,55,1,TRUE,TRUE,6500,3,1.52
historical,historical__210179518,148,1,TRUE,TRUE,4855,3.44,0.43
historical,historical__210179545,36,1,TRUE,TRUE,6029,6.019999999999999,0
historical,historical__210179581,36,1,TRUE,TRUE,2500,3.44,0.77
historical,historical__210179616,119,1,TRUE,TRUE,1110,5,0
historical,historical__210179625,36,1,TRUE,TRUE,4219,2.43,0.71
historical,historical__210179634,116,1,TRUE,TRUE,2500,3.44,0
historical,historical__210179670,18,1,TRUE,TRUE,3632,3.44,0
historical,historical__210179705,245,1,TRUE,TRUE,24165,7.52,0.67
historical,historical__210179732,188,1,TRUE,TRUE,15635,4.2,1
historical,historical__210179750,29,1,TRUE,TRUE,8700,2.43,0.5
historical,historical__210179778,8,1,TRUE,TRUE,2336,3,0
historical,historical__210179803,221,1,TRUE,TRUE,32350,2.43,0
historical,historical__210179821,116,1,TRUE,TRUE,10962,6.02,0
historical,historical__210179830,133,1,TRUE,TRUE,11081,0,0.08
historical,historical__210179876,12,1,TRUE,TRUE,2500,3.44,0
historical,historical__210179910,35,1,TRUE,TRUE,6520,3.44,0
historical,historical__210179929,542,1,FALSE,TRUE,191500,3.44,0.17
historical,historical__210179965,163,1,TRUE,TRUE,2242,6.02,0
historical,historical__210179974,160,1,TRUE,TRUE,2250,6.02,1.56
historical,historical__210179983,85,1,TRUE,TRUE,6854,6.02,1.5
historical,historical__210179992,182,1,FALSE,TRUE,4900,3.44,0
historical,historical__210180016,25,1,TRUE,TRUE,2700,3.44,0.87
historical,historical__210180070,95,1,FALSE,TRUE,1149,3.44,0
historical,historical__210180105,265,1,TRUE,TRUE,60979,1.25,0.17
historical,historical__210180123,23,1,FALSE,TRUE,2440,3.44,0
historical,historical__210180178,134,1,TRUE,TRUE,2740,3.44,0.5
historical,historical__210180221,218,1,TRUE,TRUE,29530,6.02,0
historical,historical__210180258,93,1,TRUE,TRUE,15800,2.43,0.49
historical,historical__210180294,251,1,TRUE,TRUE,24123,0,0.25
historical,historical__210180310,10,1,TRUE,TRUE,2475,3.44,0.75
historical,historical__210180356,85,1,TRUE,TRUE,12500,6.02,0
historical,historical__210180365,72,1,TRUE,TRUE,2500,3.44,0
historical,historical__210180445,20,2,TRUE,TRUE,5500,3,0.935
historical,historical__210180490,13,1,TRUE,TRUE,7250,6.02,1
historical,historical__210180533,264,2,TRUE,TRUE,24880,6.019999999999999,0.5859726688102894
historical,historical__210180604,101,1,TRUE,TRUE,44717,6.02,0.19999999999999998
historical,historical__210180720,420,2,FALSE,TRUE,53532,6.02,0
historical,historical__210180800,44,1,TRUE,TRUE,2500,6.02,0
historical,historical__210180819,570,2,TRUE,TRUE,70063,5.856133194410744,1.1471104577308993
historical,historical__210180855,40,1,TRUE,TRUE,500,2.43,0
historical,historical__210180864,279,1,TRUE,TRUE,76664,6.02,2.62
historical,historical__210180891,118,1,TRUE,TRUE,15280,3.44,0
historical,historical__210180908,42,1,FALSE,TRUE,679000,2.43,1.5
historical,historical__210180953,16,1,TRUE,TRUE,679000,2.43,1.5
historical,historical__210180971,35,1,TRUE,TRUE,1988,6.02,1.12
historical,historical__210181051,22,1,TRUE,TRUE,2500,6.02,1.32
historical,historical__210181060,155,1,TRUE,TRUE,3650,6.02,1.1
historical,historical__210181079,205,1,TRUE,TRUE,12613,1.25,0
historical,historical__210181131,51,1,TRUE,TRUE,4073,3.44,0.62
historical,historical__210181202,200,1,TRUE,TRUE,24700,6.02,1.6
historical,historical__210181248,66,1,TRUE,TRUE,10000,3,1
historical,historical__210181337,154,1,TRUE,TRUE,12776,6.02,0
historical,historical__210181364,27,1,TRUE,TRUE,6000,4.2,0
historical,historical__210181373,150,1,TRUE,TRUE,13950,2.43,1
historical,historical__210181382,117,1,TRUE,TRUE,679000,2.43,1.5
historical,historical__210181444,12,1,TRUE,TRUE,2500,3.44,0.55
historical,historical__210181462,24,1,TRUE,TRUE,2535,3.44,0.68
historical,historical__210181541,13,1,TRUE,TRUE,2620,3.4399999999999995,0
historical,historical__210181569,43,1,TRUE,TRUE,2863,4,0.47
historical,historical__210181603,33,1,TRUE,TRUE,5664,3.44,0
historical,historical__210181738,25,1,TRUE,TRUE,5000,3.44,0.65
historical,historical__210181747,102,1,TRUE,TRUE,17775,6.02,0.20534458509142053
historical,historical__210181854,25,1,TRUE,TRUE,4318,3.44,0.32
historical,historical__210181925,74,1,TRUE,TRUE,2001,3.44,0.68
historical,historical__210181952,15,1,TRUE,TRUE,2579,3.44,0
historical,historical__210181989,21,1,TRUE,TRUE,2450,6.02,1.32
historical,historical__210182041,154,1,TRUE,TRUE,2003,3.44,0
historical,historical__210182069,710,1,TRUE,TRUE,120272,3.44,0.2648164161234535
historical,historical__210182096,45,1,TRUE,TRUE,5000,3.44,0.46
historical,historical__210182112,55,1,TRUE,TRUE,3125,6.02,1.09
historical,historical__210182121,16,1,TRUE,TRUE,3156,3.44,0
historical,historical__210182158,135,1,FALSE,TRUE,100981,3.44,0
historical,historical__210182194,46,1,TRUE,TRUE,2280,6.02,1.11
historical,historical__210182256,224,1,FALSE,TRUE,100981,3.44,0
historical,historical__210182283,61,1,TRUE,TRUE,4750,6.02,0
historical,historical__210182309,105,1,FALSE,TRUE,12589,3.4399999999999995,0
historical,historical__210182327,33,1,TRUE,TRUE,6498,3.44,0.32
historical,historical__210182336,13,1,TRUE,TRUE,2710,3.44,0
historical,historical__210182354,39,1,TRUE,TRUE,3250,3.44,0
historical,historical__210182372,182,1,TRUE,TRUE,45090,4,0.12000000000000001
historical,historical__210182390,49,1,TRUE,TRUE,2875,3.44,0.61
historical,historical__210182407,52,1,TRUE,TRUE,6340,6.02,1.6100000000000003
historical,historical__210182443,40,1,TRUE,TRUE,5000,2.43,0
historical,historical__210182461,10,1,TRUE,TRUE,6200,3.44,0.46
historical,historical__210182470,10,1,TRUE,TRUE,6200,3.44,0.46
historical,historical__210182498,16,1,TRUE,TRUE,6200,3.44,0.46
historical,historical__210182513,38,1,TRUE,TRUE,7470,3.44,0
historical,historical__220212543,73,1,TRUE,TRUE,1485,6.02,0.87
historical,historical__220212589,44,1,TRUE,TRUE,2854,3.44,0
historical,historical__220212641,8,1,FALSE,TRUE,2589,2.43,0
historical,historical__220212650,8,1,FALSE,TRUE,2500,2.43,0
historical,historical__220212678,8,1,FALSE,TRUE,2875,2.43,0
historical,historical__220212703,8,1,FALSE,TRUE,3111,3.44,0
historical,historical__220212712,8,1,FALSE,TRUE,2500,3.44,0
historical,historical__220212767,8,1,FALSE,TRUE,1886,2.43,0
historical,historical__220212918,251,1,TRUE,TRUE,22381,4.2,0
historical,historical__220517698,82,1,TRUE,TRUE,18008,2.43,0
historical,historical__220606084,8,1,TRUE,TRUE,3184,1.25,0
historical,historical__220632411,23,1,TRUE,TRUE,2270,3.44,1.32
historical,historical__220636523,33,1,TRUE,TRUE,3312,3.4400000000000004,0
historical,historical__220638237,27,1,TRUE,TRUE,5380,3.44,0.81
historical,historical__220656243,10,1,TRUE,TRUE,3750,3,0.58
historical,historical__220656261,26,1,TRUE,TRUE,2500,3.44,0.63
historical,historical__220671075,165,1,TRUE,TRUE,16865,5,1.12
historical,historical__220672644,22,1,TRUE,TRUE,5000,3,0
historical,historical__220678835,43,1,TRUE,TRUE,2500,6.02,0.93
historical,historical__220685373,10,1,TRUE,TRUE,2075,3.44,0
historical,historical__220685453,43,1,TRUE,TRUE,2500,6.02,0.68
historical,historical__220688511,15,1,TRUE,TRUE,4982,2.43,0.16
historical,historical__220688539,33,1,TRUE,TRUE,3080,6.02,0.8899999999999999
historical,historical__220689048,54,1,TRUE,TRUE,4963,3.4400000000000004,0.38
historical,historical__220689431,30,1,TRUE,TRUE,3125,3,1.08
historical,historical__220689459,10,1,TRUE,TRUE,2735,2.43,0.56
historical,historical__220689529,10,1,TRUE,TRUE,2500,3,0.42
historical,historical__220689921,215,1,TRUE,TRUE,31900,6.02,0.29
historical,historical__220691393,10,1,TRUE,TRUE,5250,3,0.34
historical,historical__220691400,10,1,TRUE,TRUE,5250,3,0.34
historical,historical__220693514,8,1,TRUE,TRUE,2320,3,0.62
historical,historical__220693952,45,1,TRUE,TRUE,4500,3.44,1
historical,historical__220693961,53,1,TRUE,TRUE,5000,2.43,0
historical,historical__220694586,30,1,TRUE,TRUE,2000,3.44,0
historical,historical__220694602,66,1,TRUE,TRUE,5544,4,0.73
historical,historical__220694611,15,1,TRUE,TRUE,4735,2.43,0
historical,historical__220694700,59,1,TRUE,TRUE,15040,2.43,0.72
historical,historical__220694719,57,1,TRUE,TRUE,11300,3.44,0
historical,historical__220696174,31,1,TRUE,TRUE,4254,3.44,0.76
historical,historical__220696432,66,1,TRUE,TRUE,1600,6.02,0.64
historical,historical__220696628,8,1,TRUE,TRUE,2500,2.43,0.55
historical,historical__220696717,64,1,TRUE,TRUE,14863,2.43,0
historical,historical__220696851,301,2,TRUE,TRUE,24027,6.019999999999999,0.33523452782286595
historical,historical__220698555,35,1,TRUE,TRUE,7299,5,0.51
historical,historical__220699705,48,1,TRUE,TRUE,1764,3.44,0
historical,historical__220700873,562,1,TRUE,TRUE,203910,2.43,0
historical,historical__220704744,105,1,TRUE,TRUE,3750,3.44,0
historical,historical__220704753,72,1,TRUE,TRUE,9742,3.4399999999999995,0
historical,historical__220705887,11,1,TRUE,TRUE,7125,1.25,0.46
historical,historical__220706118,20,1,TRUE,TRUE,7500,2,0.25
historical,historical__220706369,50,1,TRUE,TRUE,10300,2.43,0
historical,historical__220706779,8,1,TRUE,TRUE,2485,2.43,0.64
historical,historical__220706840,16,1,TRUE,TRUE,6625,2.43,0.42
historical,historical__220707867,10,1,TRUE,TRUE,2375,3.44,0.97
historical,historical__220707885,13,1,TRUE,TRUE,2652,3.4399999999999995,0.34
historical,historical__220707929,124,1,TRUE,TRUE,21078,4,0.98
historical,historical__220708241,56,1,TRUE,TRUE,5156,3.44,0.68
historical,historical__220708321,21,1,TRUE,TRUE,4372,3.44,0.42
historical,historical__220708401,88,1,TRUE,TRUE,2276,4,0
historical,historical__220708410,10,1,TRUE,TRUE,1800,2.43,0
historical,historical__220708651,12,1,TRUE,TRUE,3125,3.44,0.54
historical,historical__220708688,17,1,TRUE,TRUE,3165,3.44,0.63
historical,historical__220708848,53,1,TRUE,TRUE,9723,5,0.67
historical,historical__220708857,16,1,TRUE,TRUE,6000,1.25,0.68
historical,historical__220709491,17,1,TRUE,TRUE,3000,3.44,0.66
historical,historical__220709785,34,1,TRUE,TRUE,4142,3.44,0.82
historical,historical__220711264,9,1,TRUE,TRUE,7500,0.9,0.25
historical,historical__220711941,19,1,TRUE,TRUE,2190,6.02,1.24
historical,historical__220712058,20,1,TRUE,TRUE,4950,3,0.4
historical,historical__220712272,27,1,TRUE,TRUE,6150,2.43,0.79
historical,historical__220712735,8,1,TRUE,TRUE,2556,2.43,0
historical,historical__220712762,9,1,TRUE,TRUE,3000,2,0.66
historical,historical__220712780,10,1,TRUE,TRUE,2926,3,0.61
historical,historical__220712888,32,1,TRUE,TRUE,5171,2.43,0.4600000000000001
historical,historical__220714494,38,1,TRUE,TRUE,2500,3.44,0.67
historical,historical__220715304,22,1,TRUE,TRUE,5214,2.43,0.55
historical,historical__220715313,21,1,TRUE,TRUE,3600,3.44,0.87
historical,historical__220716125,13,1,TRUE,TRUE,4025,2.43,0.29
historical,historical__220716376,11,1,TRUE,TRUE,8677,0.75,0
historical,historical__220716937,16,2,TRUE,TRUE,3120,2.43,0.94
historical,historical__220716964,113,1,TRUE,TRUE,5517,2.43,0
historical,historical__220717598,10,1,TRUE,TRUE,3750,2.43,0
historical,historical__220717927,18,1,TRUE,TRUE,1898,3.44,1.01
historical,historical__220718016,18,2,TRUE,TRUE,4642,3,0
historical,historical__220718043,11,1,TRUE,TRUE,2500,3.44,0
historical,historical__220718052,10,1,TRUE,TRUE,2340,3.44,0
historical,historical__220719177,19,1,TRUE,TRUE,3750,4,0
historical,historical__220720049,21,1,TRUE,TRUE,2500,6.02,1.48
historical,historical__220720655,12,1,TRUE,TRUE,2500,3.44,0.53
historical,historical__220721404,12,1,TRUE,TRUE,3825,3.44,0
historical,historical__220721413,10,1,TRUE,TRUE,3825,3.44,0
historical,historical__220721841,16,2,TRUE,TRUE,5000,2.43,0.37
historical,historical__220722813,33,1,TRUE,TRUE,6675,3.44,0.45
historical,historical__220722822,26,1,TRUE,TRUE,5400,2.43,0.2
historical,historical__220723732,55,1,TRUE,TRUE,12500,3,0
historical,historical__220723741,52,1,TRUE,TRUE,10709,3.44,0.83
historical,historical__220723750,22,1,TRUE,TRUE,2500,3,0
historical,historical__220725721,10,1,TRUE,TRUE,4400,2.43,0.27
historical,historical__220725730,10,1,TRUE,TRUE,4400,2.43,0.27
historical,historical__220726230,16,1,TRUE,TRUE,5997,2,0.24
historical,historical__220727113,23,1,TRUE,TRUE,5407,3.4399999999999995,0
historical,historical__220727462,131,1,TRUE,TRUE,11747,6.019999999999999,0
historical,historical__220728096,54,1,TRUE,TRUE,9500,3.44,0.05
historical,historical__220729086,10,1,TRUE,TRUE,2500,3.44,0.7
historical,historical__220730582,10,1,TRUE,TRUE,2500,3,0
historical,historical__220731420,8,1,TRUE,TRUE,2500,3.44,0
historical,historical__220731581,13,1,TRUE,TRUE,2861,3.44,0.41
historical,historical__220731607,18,1,TRUE,TRUE,2035,3.44,0.86
historical,historical__220731625,15,1,TRUE,TRUE,3194,3.4400000000000004,0.48
historical,historical__220732580,28,1,TRUE,TRUE,5610,3.4400000000000004,0.43000000000000005
historical,historical__220732777,10,1,TRUE,TRUE,5722,0.75,0.19
historical,historical__220732946,65,1,TRUE,TRUE,35525,2.43,1.86
historical,historical__220733384,24,1,TRUE,TRUE,4327,3.44,0.95
historical,historical__240274528,76,2,TRUE,TRUE,9069,3.44,0.28891608777152944
historical,historical__240275796,90,1,TRUE,TRUE,5000,2.43,0
historical,historical__240276107,11,1,TRUE,TRUE,2500,3.44,0
historical,historical__240276900,35,1,TRUE,TRUE,3503,3.44,0
historical,historical__240278828,73,1,TRUE,TRUE,5074,3,1.26
historical,historical__240280753,16,1,TRUE,TRUE,3062,2,0
historical,historical__240281173,14,2,TRUE,TRUE,4750,2,0.44
historical,historical__240284553,50,1,TRUE,TRUE,12557,2.43,0.08
historical,historical__240285865,56,1,TRUE,TRUE,7500,2.43,0.28
historical,historical__240286800,25,1,TRUE,TRUE,2500,3.44,1.13
historical,historical__240286837,12,1,TRUE,TRUE,2500,3.44,0
historical,historical__240288416,6,1,TRUE,TRUE,5000,0.75,0.3
historical,historical__240288755,111,1,TRUE,TRUE,2690,6.02,0.84
historical,historical__240289923,17,1,TRUE,TRUE,3556,3.44,0
historical,historical__240289941,46,1,TRUE,TRUE,2976,3.4400000000000004,0.46
historical,historical__240291215,18,1,TRUE,TRUE,3800,3.44,0
historical,historical__240292349,22,1,TRUE,TRUE,4583,2.43,0.65
historical,historical__240292367,10,1,TRUE,TRUE,5092,3,0.11
historical,historical__240292795,44,1,TRUE,TRUE,3685,3,0.39
historical,historical__240293339,59,1,TRUE,TRUE,5000,2.43,0.59
historical,historical__240294597,10,1,TRUE,TRUE,3894,3.44,0.48
historical,historical__240294604,10,1,TRUE,TRUE,3894,3.44,0.48
historical,historical__240294686,51,1,TRUE,TRUE,5863,6.019999999999999,0
historical,historical__240294944,32,1,TRUE,TRUE,2373,2,0
historical,historical__240296390,7,1,TRUE,TRUE,1989,2.43,0.69
historical,historical__240296657,110,1,TRUE,TRUE,10350,7.52,0.89
historical,historical__240297219,44,1,TRUE,TRUE,2479,6.02,2.45
historical,historical__240297558,25,1,TRUE,TRUE,5000,3.44,0.69
historical,historical__240298968,70,1,TRUE,TRUE,8708,4.2,0.17
historical,historical__240299084,33,1,TRUE,TRUE,2500,2.43,0
historical,historical__240299128,30,1,TRUE,TRUE,6750,3,0.55
historical,historical__240299137,10,1,TRUE,TRUE,4515,2.43,0.8
historical,historical__240299146,10,1,TRUE,TRUE,4515,2.43,0.8
historical,historical__240299155,8,1,TRUE,TRUE,5287,2.43,0.47
historical,historical__240299226,6,1,TRUE,TRUE,5000,2.43,0.56
historical,historical__240300535,36,1,TRUE,TRUE,7125,3.44,0.45
historical,historical__240301017,61,1,TRUE,TRUE,5945,3.44,0.4
historical,historical__240301099,38,1,TRUE,TRUE,2925,3.44,0.57
historical,historical__240301286,13,1,TRUE,TRUE,2525,3.44,0.89
historical,historical__240301552,88,1,TRUE,TRUE,3495,6.02,0.7
historical,historical__240301721,67,1,TRUE,TRUE,2536,6.02,0.8
historical,historical__240301794,64,1,TRUE,TRUE,5000,6.02,0
historical,historical__321069197,42,1,TRUE,TRUE,4225,3.44,1.04
historical,historical__321069721,21,1,TRUE,TRUE,2548,2,0.66
historical,historical__321091377,15,1,TRUE,TRUE,930,2.43,1
historical,historical__321385602,40,1,FALSE,TRUE,2000,3,2.25
historical,historical__321385611,68,1,TRUE,TRUE,1043,6,0
historical,historical__321385700,171,1,FALSE,TRUE,146900,2.43,0.53
historical,historical__321385728,21,1,TRUE,TRUE,4715,2.43,0.55
historical,historical__321385737,8,1,TRUE,TRUE,4000,2.43,0.36
historical,historical__321385844,53,1,TRUE,TRUE,7046,2,0.19
historical,historical__321385862,94,1,TRUE,TRUE,1833,3,0
historical,historical__321385880,50,1,TRUE,TRUE,985,4,0
historical,historical__321385933,19,1,TRUE,TRUE,3300,3,0.3
historical,historical__321386059,316,2,TRUE,TRUE,39700,3.3350125944584383,0
historical,historical__321386077,52,1,TRUE,TRUE,7500,2.43,0
historical,historical__321386095,27,1,TRUE,TRUE,13058,2,0.7100000000000001
historical,historical__321386111,8,1,TRUE,TRUE,13058,2,0.7100000000000001
historical,historical__321386175,100,1,FALSE,TRUE,2000,6,1.32
historical,historical__321386200,10,1,TRUE,TRUE,2500,3,0.6
historical,historical__321386264,13,1,TRUE,TRUE,4000,2.43,0.48
historical,historical__321386273,8,1,FALSE,TRUE,2400,2.43,1
historical,historical__321386326,10,1,FALSE,TRUE,4220,2,0.66
historical,historical__321386344,12,1,FALSE,TRUE,3750,1.25,0
historical,historical__321386380,14,1,TRUE,TRUE,2500,4,1.01
historical,historical__321386567,44,1,TRUE,TRUE,10000,3,1
historical,historical__321386585,7,1,TRUE,TRUE,3500,2.43,0.73
historical,historical__321386932,29,1,TRUE,TRUE,9750,2.43,0
historical,historical__321386950,43,1,TRUE,TRUE,22500,2,0.78
historical,historical__321387012,8,1,TRUE,TRUE,2500,3,1.05
historical,historical__321387021,745,3,TRUE,TRUE,106018,6.02,0
historical,historical__321387030,8,1,TRUE,TRUE,2500,2.43,0.75
historical,historical__321387067,33,1,TRUE,TRUE,2500,3,1.56
historical,historical__321387094,6,1,TRUE,TRUE,2500,2,0.91
historical,historical__321387138,6,1,FALSE,TRUE,2500,2,0
historical,historical__321387156,6,1,TRUE,TRUE,2600,2,0.76
historical,historical__321387263,139,1,TRUE,TRUE,25790,0,0.85
historical,historical__321387281,18,1,TRUE,TRUE,1800,2.43,1.56
historical,historical__321387290,136,1,TRUE,TRUE,22300,2.43,0.54
historical,historical__321387352,121,1,TRUE,TRUE,10000,10,4.6
historical,historical__321387361,21,1,TRUE,TRUE,2500,3,0.8
historical,historical__321387450,236,1,TRUE,TRUE,1550,4.2,1.37
historical,historical__321387478,264,1,TRUE,TRUE,10520,4,0.28
historical,historical__321387539,26,1,TRUE,TRUE,8059,2.43,0.19
historical,historical__321387575,70,1,TRUE,TRUE,12500,2.43,0.79
historical,historical__321387619,71,1,FALSE,TRUE,10000,2.43,0
historical,historical__321387913,52,1,TRUE,TRUE,3057,6,0
historical,historical__321457712,13,1,TRUE,TRUE,4000,2.43,0.45
historical,historical__321512412,6,1,TRUE,TRUE,1903,2.43,1.2
historical,historical__321570769,81,1,TRUE,TRUE,2500,2.43,0
historical,historical__321588082,9,1,TRUE,TRUE,2955,2.43,0.91
historical,historical__321588091,25,1,TRUE,TRUE,2500,2.43,1
historical,historical__321588171,9,1,TRUE,TRUE,4100,2.43,0.4
historical,historical__321588180,8,1,TRUE,TRUE,2500,2.43,0.36
historical,historical__321588199,10,1,TRUE,TRUE,3500,2.43,0
historical,historical__321588215,9,1,TRUE,TRUE,4000,2.43,0.65
historical,historical__321588224,9,1,TRUE,TRUE,4015,2.43,0.73
historical,historical__321588233,9,1,TRUE,TRUE,4015,2.43,0.73
historical,historical__321588297,9,1,TRUE,TRUE,4000,2.43,0.65
historical,historical__321588377,8,1,FALSE,TRUE,2500,2.43,0.38
historical,historical__321588402,8,1,FALSE,TRUE,1500,2,1
historical,historical__321588554,10,1,TRUE,TRUE,2500,4,1.95
historical,historical__321588563,9,1,TRUE,TRUE,4000,2.43,0.48
historical,historical__321588572,9,1,TRUE,TRUE,4000,2.43,0.48
historical,historical__321588590,8,1,TRUE,TRUE,2500,2.43,0
historical,historical__321588643,39,1,FALSE,TRUE,1500,2.43,0
historical,historical__321588670,7,1,FALSE,TRUE,2500,2,0.52
historical,historical__321588705,120,1,TRUE,TRUE,1500,4.2,1
historical,historical__321588714,50,1,TRUE,TRUE,10000,3.44,0.35
historical,historical__321588956,7,1,FALSE,TRUE,2033,2.43,0
historical,historical__321588965,14,1,TRUE,TRUE,4667,2,0.7
historical,historical__321588983,46,1,TRUE,TRUE,6474,3.4400000000000004,0.79
historical,historical__321588992,10,1,TRUE,TRUE,3500,2.43,0.53
historical,historical__321589116,19,1,FALSE,TRUE,10028,2.43,0
historical,historical__321589125,57,1,TRUE,TRUE,8102,4,0.43
historical,historical__321589134,376,1,TRUE,TRUE,47643,5,0
historical,historical__321589410,8,1,FALSE,TRUE,3835,3,1.41
historical,historical__321589474,8,1,FALSE,TRUE,4000,2.43,0
historical,historical__321589483,10,1,FALSE,TRUE,5000,2,1
historical,historical__321589624,10,1,TRUE,TRUE,2700,2.43,0.94
historical,historical__321589642,8,1,TRUE,TRUE,7500,2.43,0
historical,historical__321589688,8,1,TRUE,TRUE,7500,2.43,0
historical,historical__321589697,8,1,TRUE,TRUE,7500,2.43,0
historical,historical__321589704,374,1,TRUE,TRUE,44599,2.43,0
historical,historical__321589713,121,1,TRUE,TRUE,1667,3,0
historical,historical__321589722,57,1,TRUE,TRUE,13867,3,1
historical,historical__321589731,12,1,TRUE,TRUE,2700,2.43,0.66
historical,historical__321589740,13,2,TRUE,FALSE,4000,2.43,0.5
historical,historical__321589786,16,1,TRUE,TRUE,3588,2.43,0.64
historical,historical__321589802,6,1,FALSE,TRUE,2000,2,0
historical,historical__321589839,10,1,TRUE,TRUE,1875,2.43,1.5
historical,historical__321589857,8,1,TRUE,TRUE,2700,2.43,1.22
historical,historical__321589884,58,1,TRUE,TRUE,19991,2,0
historical,historical__321589893,49,1,TRUE,TRUE,9800,2.43,0.19
historical,historical__321589991,7,1,TRUE,TRUE,2500,2,0.6
historical,historical__321590060,45,1,FALSE,TRUE,1954,2.43,0
historical,historical__321590113,569,1,TRUE,TRUE,16600,10,3.73
historical,historical__321590177,22,1,TRUE,TRUE,1481,1.25,0
historical,historical__321590186,10,1,TRUE,TRUE,6590,2.43,0.83
historical,historical__321590275,15,1,TRUE,TRUE,10000,2,0.82
historical,historical__321590293,71,1,TRUE,TRUE,95000,3,1.3
historical,historical__321590300,7,1,FALSE,TRUE,2500,2,0
historical,historical__321590319,28,1,TRUE,TRUE,6333,3,0.26
historical,historical__321590328,175,1,TRUE,TRUE,23119,4,1
historical,historical__321590337,45,1,FALSE,TRUE,3883,3,0
historical,historical__321590346,143,1,TRUE,TRUE,20000,3,0
historical,historical__321590382,62,1,TRUE,TRUE,7500,2.43,0
historical,historical__321590435,12,1,FALSE,TRUE,6170,2,0
historical,historical__321590444,37,1,FALSE,TRUE,2492,3,0
historical,historical__321590453,23,2,FALSE,TRUE,4095,2,0
historical,historical__321590532,682,1,TRUE,TRUE,122384,0,0
historical,historical__321590541,46,1,TRUE,TRUE,10000,2.43,0
historical,historical__321590578,10,1,FALSE,TRUE,2250,2,0
historical,historical__321590649,93,1,FALSE,TRUE,496775,2.43,1.68
historical,historical__321590701,8,1,TRUE,TRUE,3000,2.43,0
historical,historical__321590747,10,1,FALSE,TRUE,2000,3,0
historical,historical__321590756,10,1,FALSE,TRUE,2000,3,0
historical,historical__321590765,13,1,FALSE,TRUE,3060,4.2,0
historical,historical__321590854,8,1,TRUE,TRUE,2500,2,0.84
historical,historical__321590907,6,1,TRUE,TRUE,4100,2.43,0.62
historical,historical__321590989,22,1,TRUE,TRUE,4040,3.44,0
historical,historical__321591050,7,1,TRUE,TRUE,9800,2.43,0.19
historical,historical__321591755,21,1,TRUE,TRUE,2058,4,0
historical,historical__321591782,6,1,FALSE,TRUE,2500,1.35,0
historical,historical__321591817,16,1,TRUE,TRUE,3597,2.43,0
historical,historical__321591862,10,1,TRUE,TRUE,1667,2.43,0
historical,historical__321591871,10,1,TRUE,TRUE,2500,4,0.56
historical,historical__321591899,7,1,TRUE,TRUE,4100,2.43,0.62
historical,historical__321591933,7,1,TRUE,TRUE,1833,2,1.2
historical,historical__321591988,23,1,FALSE,TRUE,2149,3,0
historical,historical__321592059,30,1,TRUE,TRUE,1745,6.02,2.17
historical,historical__321592095,8,1,TRUE,TRUE,3850,3,0.51
historical,historical__321592102,8,1,TRUE,TRUE,3850,3,0.51
historical,historical__321592139,13,1,TRUE,TRUE,7769,2.43,2.18
historical,historical__321592148,7,1,FALSE,TRUE,2500,2,0.77
historical,historical__321592157,233,1,TRUE,TRUE,5000,4,0.5
historical,historical__321592184,9,1,TRUE,TRUE,2700,2.43,1.33
historical,historical__321592200,229,1,TRUE,TRUE,3760,10,1.28
historical,historical__321592246,10,1,TRUE,TRUE,1600,4,0
historical,historical__321592308,80,1,TRUE,TRUE,18537,2,1
historical,historical__321592344,171,1,TRUE,TRUE,17985,6.02,0.06
historical,historical__321592442,7,1,TRUE,TRUE,1740,2.4300000000000006,0
historical,historical__321592549,31,1,TRUE,TRUE,6069,2.43,0.36000000000000004
historical,historical__321592558,15,1,TRUE,TRUE,2675,3.44,0.56
historical,historical__321592576,50,1,TRUE,TRUE,7800,3,1.39
historical,historical__321592585,8,1,TRUE,TRUE,3500,2.43,0.69
historical,historical__321592594,7,1,TRUE,TRUE,3500,2.43,0.69
historical,historical__321592610,7,1,TRUE,TRUE,5600,0.75,0
historical,historical__321592683,8,1,TRUE,TRUE,2400,3,0.55
historical,historical__321592709,55,1,TRUE,TRUE,3917,2.43,0
historical,historical__321592718,123,1,TRUE,TRUE,17586,3,0.19
historical,historical__321592763,103,1,TRUE,TRUE,10000,2.43,2.5
historical,historical__321592790,98,1,TRUE,TRUE,15804,4.2,1.27
historical,historical__321592807,29,1,FALSE,TRUE,5600,4,0.63
historical,historical__321592825,184,1,TRUE,TRUE,95000,3,1.3
historical,historical__321593049,7,1,TRUE,TRUE,2504,2,0.41
historical,historical__321593085,8,1,TRUE,TRUE,2542,2,0.58
historical,historical__321593101,104,1,TRUE,TRUE,12000,6,0.78
historical,historical__321593227,8,1,TRUE,TRUE,5000,0.9,0.68
historical,historical__321593236,6,1,TRUE,TRUE,2500,2.43,0.62
historical,historical__321593263,10,1,TRUE,TRUE,3383,1.25,0.63
historical,historical__321593361,10,1,TRUE,TRUE,1787,3,1.5
historical,historical__321593432,41,1,TRUE,TRUE,2812,3,0
historical,historical__321593469,24,1,TRUE,TRUE,6000,3,0
historical,historical__321593539,43,1,TRUE,TRUE,2000,4,2.1
historical,historical__321593548,8,1,TRUE,TRUE,2500,2.43,0.82
historical,historical__321593557,20,1,FALSE,TRUE,7500,2.43,0
historical,historical__321593673,108,1,FALSE,TRUE,21667,2.43,0
historical,historical__321593682,24,1,TRUE,TRUE,2504,2,0.98
historical,historical__321593735,46,1,TRUE,TRUE,4110,4.2,1.8
historical,historical__321593744,42,1,TRUE,TRUE,14153,6,0.99
historical,historical__321593806,21,1,FALSE,TRUE,9600,3,1.73
historical,historical__321593815,16,1,TRUE,TRUE,3750,2.43,0.53
historical,historical__321593986,569,1,TRUE,TRUE,55385,3,0
historical,historical__321594137,320,1,TRUE,TRUE,43648,5.4,1.75
historical,historical__321594155,66,1,TRUE,TRUE,3925,3.44,0.61
historical,historical__321594164,27,1,TRUE,TRUE,2348,3.44,0
historical,historical__321594226,135,1,TRUE,TRUE,13500,4,0
historical,historical__321594262,18,1,FALSE,TRUE,12500,2.43,0.72
historical,historical__321594324,11,1,FALSE,TRUE,5000,3,0.61
historical,historical__321594379,8,1,TRUE,TRUE,3500,2.43,0.73
historical,historical__321594388,33,1,TRUE,TRUE,3150,3.44,0.64
historical,historical__321594422,116,1,TRUE,TRUE,4000,3.44,0.71
historical,historical__321594501,6,1,TRUE,TRUE,2050,2.43,0.83
historical,historical__321594547,6,1,FALSE,TRUE,8742,2.43,0.32
historical,historical__321594672,127,1,TRUE,TRUE,20000,4,0
historical,historical__321594681,18,1,TRUE,TRUE,3705,2.4300000000000006,0.42
historical,historical__321594832,160,1,TRUE,TRUE,33000,2.43,0
historical,historical__321594967,26,1,TRUE,TRUE,1548,2.43,0
historical,historical__321595029,24,1,TRUE,TRUE,1875,4,0.8
historical,historical__321595047,10,1,FALSE,TRUE,2600,2.43,0
historical,historical__321595083,58,1,TRUE,TRUE,20000,0.9,0.42
historical,historical__321595092,174,1,TRUE,TRUE,37500,2.43,0
historical,historical__321595145,441,1,TRUE,TRUE,12603,10,3.168273998205505
historical,historical__321595216,15,1,TRUE,TRUE,3552,2.43,0.39
historical,historical__321595341,11,1,FALSE,TRUE,2650,1.35,0
historical,historical__321595350,15,1,FALSE,TRUE,9833,1.35,0
historical,historical__321595369,6,1,FALSE,TRUE,2354,3,1
historical,historical__321595403,798,1,TRUE,TRUE,116535,0,0
historical,historical__321595458,9,1,TRUE,TRUE,2500,2.43,1.02
historical,historical__321595582,39,1,TRUE,TRUE,9350,2.43,0
historical,historical__321595608,174,3,TRUE,TRUE,39323,5.032832629217758,0
historical,historical__321595617,8,1,TRUE,TRUE,5000,2.43,0
historical,historical__321595653,53,1,TRUE,TRUE,12075,2.43,0.6
historical,historical__321595662,8,1,TRUE,TRUE,2500,2.43,1.25
historical,historical__321595715,9,1,TRUE,TRUE,4100,2.43,0.72
historical,historical__321595733,69,1,TRUE,TRUE,8546,2.7,0
historical,historical__321595751,76,1,TRUE,TRUE,11816,4,1.5599999999999998
historical,historical__321595797,90,1,TRUE,TRUE,12808,4.2,0
historical,historical__321595831,16,1,FALSE,TRUE,5000,1.25,0
historical,historical__321595840,8,1,TRUE,TRUE,2504,2,0
historical,historical__321595902,9,1,TRUE,TRUE,4000,2.43,0.61
historical,historical__321595911,9,1,TRUE,TRUE,4000,2.43,0.61
historical,historical__321596000,34,1,TRUE,TRUE,5625,2.43,1.01
historical,historical__321596037,7,1,FALSE,TRUE,2500,2,0.4
historical,historical__321596144,47,1,FALSE,TRUE,5000,3.44,0.43
historical,historical__321596206,9,1,TRUE,TRUE,4100,2.43,0.72
historical,historical__321596242,7,1,TRUE,TRUE,1800,3,0
historical,historical__321596340,17,1,FALSE,TRUE,5715,2.43,0
historical,historical__321596386,13,1,FALSE,TRUE,2152,2.43,0
historical,historical__321596395,12,1,FALSE,TRUE,4300,2.43,0
historical,historical__321596402,60,1,FALSE,TRUE,2500,4.2,0
historical,historical__321596484,165,1,TRUE,TRUE,27000,3.44,1.6
historical,historical__321596493,8,1,TRUE,TRUE,2679,2.43,0.52
historical,historical__321596518,10,1,FALSE,TRUE,3750,2,0.81
historical,historical__321596536,157,1,TRUE,TRUE,22025,3.44,0
historical,historical__321596625,50,1,TRUE,TRUE,4400,4,0.65
historical,historical__321596661,10,1,TRUE,TRUE,2800,2.43,0.4
historical,historical__321596830,25,1,TRUE,TRUE,6000,3,0.3
historical,historical__321596858,38,1,TRUE,TRUE,2265,4.2,2.3
historical,historical__321596947,6,1,FALSE,TRUE,2500,2,0.7
historical,historical__321596965,8,1,TRUE,TRUE,2700,2.43,1.33
historical,historical__321597009,58,1,TRUE,TRUE,5000,4,0.16
historical,historical__321597090,12,1,TRUE,TRUE,1995,2,0
historical,historical__321597116,8,1,TRUE,TRUE,1601432,0,0
historical,historical__321597134,8,1,TRUE,TRUE,1601432,0,0
historical,historical__321597143,8,1,TRUE,TRUE,1601432,0,0
historical,historical__321597152,8,1,TRUE,TRUE,1601432,0,0
historical,historical__321597189,29,1,TRUE,TRUE,2400,4,1
historical,historical__321597205,7,1,TRUE,TRUE,5000,1.25,0.12
historical,historical__321597269,8,1,TRUE,TRUE,1601432,0,0
historical,historical__321597278,8,1,TRUE,TRUE,1601432,0,0
historical,historical__321597287,8,1,TRUE,TRUE,1601432,0,0
historical,historical__321597296,8,1,TRUE,TRUE,1601432,0,0
historical,historical__321597303,8,1,TRUE,TRUE,1601432,0,0
historical,historical__321597312,8,1,TRUE,TRUE,1601432,0,0
historical,historical__321597321,8,1,TRUE,TRUE,1601432,0,0
historical,historical__321597330,8,1,TRUE,TRUE,1601432,0,0
historical,historical__321597349,8,1,TRUE,TRUE,1601432,0,0
historical,historical__321597358,8,1,TRUE,TRUE,1601432,0,0
historical,historical__321597367,8,1,TRUE,TRUE,1601432,0,0
historical,historical__321597376,8,1,TRUE,TRUE,1601432,0,0
historical,historical__321597385,8,1,TRUE,TRUE,1601432,0,0
historical,historical__321597394,8,1,TRUE,TRUE,1601432,0,0
historical,historical__321597401,8,1,TRUE,TRUE,1601432,0,0
historical,historical__321597410,8,1,TRUE,TRUE,1601432,0,0
historical,historical__321597429,8,1,TRUE,TRUE,1601432,0,0
historical,historical__321597438,8,1,TRUE,TRUE,1601432,0,0
historical,historical__321597447,8,1,TRUE,TRUE,1601432,0,0
historical,historical__321597456,8,1,TRUE,TRUE,1601432,0,0
historical,historical__321597465,8,1,TRUE,TRUE,1601432,0,0
historical,historical__321597474,8,1,TRUE,TRUE,1601432,0,0
historical,historical__321597483,8,1,TRUE,TRUE,1601432,0,0
historical,historical__321597492,8,1,TRUE,TRUE,1601432,0,0
historical,historical__321597508,8,1,TRUE,TRUE,1601432,0,0
historical,historical__321597517,8,1,TRUE,TRUE,1601432,0,0
historical,historical__321597606,208,1,TRUE,TRUE,36833,4.2,0
historical,historical__321597624,7,1,TRUE,TRUE,2500,2,0.4
historical,historical__321597688,75,1,TRUE,TRUE,13958,2.43,0.10000000000000002
historical,historical__321597759,8,1,TRUE,TRUE,5000,2.43,0
historical,historical__321597777,240,1,TRUE,TRUE,37700,4.2,0
historical,historical__321597795,124,1,TRUE,TRUE,19635,4,0.11
historical,historical__321597802,6,1,FALSE,TRUE,5400,1.25,0
historical,historical__321597811,17,1,TRUE,TRUE,3000,4,0.96
historical,historical__321597884,9,1,TRUE,TRUE,3200,2,0.09
historical,historical__321597955,26,1,FALSE,TRUE,1778,4,0
historical,historical__321597982,29,1,TRUE,TRUE,7358,3,3.6300000000000003
historical,historical__321598008,69,1,TRUE,TRUE,3751,2.43,1.28
historical,historical__321598080,15,1,FALSE,TRUE,5565,2.43,0
historical,historical__321598142,39,1,TRUE,TRUE,2150,2.43,0
historical,historical__321598188,49,1,TRUE,TRUE,8000,4,0
historical,historical__321598231,14,1,FALSE,TRUE,3304,4,1
historical,historical__321598259,10,1,FALSE,TRUE,1728,2.43,2.44
historical,historical__321598277,67,1,TRUE,TRUE,2500,4,1.35
historical,historical__321598286,17,1,TRUE,TRUE,4000,2.43,0.83
historical,historical__321598302,24,1,TRUE,TRUE,4767,3,0
historical,historical__321598348,143,1,TRUE,TRUE,18000,6.02,1.39
historical,historical__321598400,350,1,TRUE,TRUE,12800,0,1
historical,historical__321598491,6,1,FALSE,TRUE,2021,4,1.15
historical,historical__321598614,8,1,FALSE,TRUE,6300,4,0
historical,historical__321598678,6,1,TRUE,TRUE,2000,2.43,0
historical,historical__321598687,10,1,TRUE,TRUE,2500,3,0.64
historical,historical__321598721,16,1,TRUE,TRUE,9000,3,0.53
historical,historical__321598838,46,1,TRUE,TRUE,6500,6.02,0
historical,historical__321598883,66,1,TRUE,TRUE,3050,2.43,0.39
historical,historical__321598927,11,1,FALSE,TRUE,4000,2.43,0
historical,historical__321598945,10,1,FALSE,TRUE,4000,2.43,0
historical,historical__321599007,18,2,FALSE,TRUE,6000,2.43,0
historical,historical__321599043,6,1,TRUE,TRUE,2000,2,2.07
historical,historical__321599070,13,1,TRUE,TRUE,2610,4,0.67
historical,historical__321599105,55,1,TRUE,TRUE,15810,3,1.02
historical,historical__321599132,69,1,TRUE,TRUE,10000,4.2,0
historical,historical__321599141,463,2,TRUE,TRUE,56242,5,0
historical,historical__321599150,72,1,TRUE,TRUE,16269,2.43,0.19
historical,historical__321599212,174,1,TRUE,TRUE,46000,0,0.74
historical,historical__321599267,7,1,FALSE,TRUE,2500,2,0
historical,historical__321599294,26,1,FALSE,TRUE,5000,2.43,0
historical,historical__321599506,8,1,FALSE,TRUE,2679,2.43,0.6
historical,historical__321599515,27,1,FALSE,TRUE,4904,6.02,1.77
historical,historical__321599551,607,3,FALSE,TRUE,94500,5,1.75
historical,historical__321599597,9,1,TRUE,TRUE,4100,2.43,0.4
historical,historical__321599622,7,1,FALSE,TRUE,2500,2,0.6
historical,historical__321599908,16,1,TRUE,TRUE,4100,2.43,0.32
historical,historical__321600077,7,1,TRUE,TRUE,2178,0,0
historical,historical__321600095,9,1,TRUE,TRUE,4100,2.43,0.53
historical,historical__321600102,9,1,TRUE,TRUE,4100,2.43,0.53
historical,historical__321600120,20,1,TRUE,TRUE,3500,2.43,1.56
historical,historical__321600139,58,1,TRUE,TRUE,5000,4,0
historical,historical__321600166,6,1,FALSE,TRUE,2000,2.43,0
historical,historical__321600255,8,1,FALSE,TRUE,4375,2.43,0
historical,historical__321600362,107,1,TRUE,TRUE,7574,2.43,0
historical,historical__321600380,52,1,TRUE,TRUE,62472,10,0
historical,historical__321600479,8,1,TRUE,TRUE,1500,2.43,0
historical,historical__321600497,44,1,TRUE,TRUE,4892,6.02,0
historical,historical__321600530,124,1,TRUE,TRUE,1227637,0.5,0.36
historical,historical__321600736,140,1,FALSE,TRUE,5500,4,0
historical,historical__321600763,7,1,FALSE,TRUE,2450,2,0
historical,historical__321600772,10,1,FALSE,TRUE,2500,4.2,0
historical,historical__321600781,10,1,FALSE,TRUE,2500,4.2,0
historical,historical__321600790,18,1,FALSE,TRUE,2000,2,0
historical,historical__321601012,216,1,TRUE,TRUE,5000,2.43,0.45
historical,historical__321601021,44,1,TRUE,TRUE,36547,3,0.82
historical,historical__321601263,236,1,FALSE,TRUE,23333,4.2,0
historical,historical__321601398,23,1,TRUE,TRUE,4070,4,2.31
historical,historical__321721570,6,1,TRUE,TRUE,2404,2.43,0.87
historical,historical__321729616,9,1,TRUE,TRUE,4000,2.43,0.77
historical,historical__321729661,10,1,TRUE,TRUE,3200,2.43,0.63
historical,historical__321729670,10,1,TRUE,TRUE,2500,3,1.13
historical,historical__321729714,7,1,TRUE,TRUE,2000,2.43,1.78
historical,historical__321729723,6,1,TRUE,TRUE,2467,2.43,0
historical,historical__321766282,10,1,FALSE,TRUE,2250,2,0.83
historical,historical__321773602,23,1,TRUE,TRUE,5000,3,1.32
historical,historical__321797230,9,1,TRUE,TRUE,4000,2.43,0.77
historical,historical__321821748,8,1,TRUE,TRUE,6000,1.25,0.27
historical,historical__321833646,6,1,TRUE,TRUE,4000,1.35,0.52
historical,historical__321834592,6,1,TRUE,TRUE,5800,0.75,0
historical,historical__321849461,10,1,TRUE,TRUE,7000,2,1
historical,historical__321849470,10,1,TRUE,TRUE,7000,2,1
historical,historical__321904383,16,1,TRUE,TRUE,8000,2,0.3
historical,historical__321904631,10,1,TRUE,TRUE,2500,3,0.98
historical,historical__321906470,22,1,TRUE,TRUE,4000,4,0.78
historical,historical__321908281,8,1,TRUE,TRUE,1770,2.43,0
historical,historical__321908539,10,1,TRUE,TRUE,2500,3,0.96
historical,historical__321908593,6,1,TRUE,TRUE,2500,2,0.88
historical,historical__321910394,44,1,TRUE,TRUE,6000,2.43,0.38
historical,historical__321912891,6,1,TRUE,TRUE,4000,2.43,0.45
historical,historical__321913293,10,1,TRUE,TRUE,4000,2.43,0.78
historical,historical__321913382,7,1,TRUE,TRUE,2400,2.43,0
historical,historical__321913596,9,1,TRUE,TRUE,6700,0.9,0.27
historical,historical__321913603,8,1,FALSE,TRUE,3709,2,0.75
historical,historical__321913836,6,1,TRUE,TRUE,4000,2.43,0.5
historical,historical__321915718,41,1,TRUE,TRUE,2300,4,1.4
historical,historical__321915736,10,1,TRUE,TRUE,2000,2.43,1.38
historical,historical__321915898,27,1,TRUE,TRUE,8238,2.43,0.22
historical,historical__321918421,38,1,TRUE,TRUE,7650,4,0.69
historical,historical__321918608,8,1,TRUE,TRUE,1129,4,0
historical,historical__321920640,13,1,TRUE,TRUE,3440,3,0.8700000000000001
historical,historical__321921140,10,1,FALSE,TRUE,3600,2.43,0.75
historical,historical__321921435,7,1,TRUE,TRUE,4000,2.43,0.5
historical,historical__321921523,6,1,TRUE,TRUE,6487,0.9,0.54
historical,historical__321921872,6,1,TRUE,TRUE,3760,2.43,0.5
historical,historical__321923549,50,1,TRUE,TRUE,4350,4,0.78
historical,historical__321923665,7,1,TRUE,TRUE,2225,2.43,0.65
historical,historical__321924281,8,1,TRUE,TRUE,4920,1.25,0.3
historical,historical__321925011,8,1,TRUE,TRUE,5000,2.43,0.79
historical,historical__321925020,8,1,TRUE,TRUE,5000,2.43,0.79
historical,historical__321925075,10,1,TRUE,TRUE,2500,3,0.9
historical,historical__321925333,7,1,TRUE,TRUE,2517,2.43,1.1
historical,historical__321925725,6,1,FALSE,TRUE,2250,2,0
historical,historical__321928054,8,1,TRUE,TRUE,2500,2.43,0.52
historical,historical__321929703,8,1,TRUE,TRUE,2400,3,0
historical,historical__321929776,51,1,TRUE,TRUE,11867,4,0
historical,historical__321930087,8,1,TRUE,TRUE,2785,2,0.8400000000000001
historical,historical__321931068,6,1,TRUE,TRUE,2003,2,0.92
historical,historical__321937400,6,1,TRUE,TRUE,2500,1.35,0
historical,historical__321937767,10,1,TRUE,TRUE,3000,2.43,0.82
historical,historical__321937776,36,1,TRUE,TRUE,4100,2.43,0.63
historical,historical__321938347,18,1,TRUE,TRUE,2037,3,1.74
historical,historical__321939676,68,1,TRUE,TRUE,6658,6,1.99
historical,historical__321939783,10,1,TRUE,TRUE,2500,2.7,0.79
historical,historical__321941048,10,1,TRUE,TRUE,3228,2.43,0
historical,historical__321941182,66,1,TRUE,TRUE,9650,2.43,0.25
historical,historical__321943359,8,1,TRUE,TRUE,2500,2.43,0
historical,historical__321946481,21,1,TRUE,TRUE,2425,3,1.01
historical,historical__321948238,10,1,TRUE,TRUE,3600,2.43,0
historical,historical__321948666,19,1,TRUE,TRUE,4400,2.43,0.81
historical,historical__321954364,51,1,TRUE,TRUE,10000,4,0.65
historical,historical__321955041,7,1,TRUE,TRUE,2199,2.43,0.67
historical,historical__321956353,9,1,TRUE,TRUE,4000,2.43,0.78
historical,historical__321956362,9,1,TRUE,TRUE,4000,2.43,0.78
historical,historical__321958850,6,1,TRUE,TRUE,1800,2.43,0
historical,historical__321962738,9,1,TRUE,TRUE,3000,2.43,0.7
historical,historical__321964317,14,2,TRUE,TRUE,6430,2.43,0.4166376360808709
historical,historical__321967467,7,1,TRUE,TRUE,4527,1.25,0.73
historical,historical__321968340,16,1,TRUE,TRUE,4225,3.44,0.6
historical,historical__321969991,17,1,TRUE,TRUE,4000,2.43,0.67
historical,historical__321970006,17,1,TRUE,TRUE,4000,2.43,0.51
historical,historical__321970328,12,1,TRUE,TRUE,5250,3,0
historical,historical__321973316,19,1,TRUE,TRUE,1265,2.43,1.16
historical,historical__321974388,6,1,TRUE,TRUE,3983,1.35,0
historical,historical__321980692,8,1,TRUE,TRUE,4007,2.43,0
historical,historical__321981851,17,1,TRUE,TRUE,9937,3,0
historical,historical__321982182,41,1,TRUE,TRUE,6720,4,0.7299999999999999
historical,historical__321982645,9,1,TRUE,TRUE,2000,2.43,0
historical,historical__321982654,10,1,TRUE,TRUE,3150,2.43,0.35
historical,historical__321982663,8,1,TRUE,TRUE,2550,2.43,0.44
historical,historical__321983742,20,2,TRUE,TRUE,6144,2.43,0.39500488281249996
historical,historical__321989185,19,1,TRUE,TRUE,2500,2.43,1.62
historical,historical__321989336,9,1,TRUE,TRUE,4000,2.43,0.42
historical,historical__321989407,12,1,TRUE,TRUE,6230,4,1.06
historical,historical__321989489,14,1,TRUE,TRUE,3280,2.43,0.8600000000000001
historical,historical__321991797,8,1,TRUE,TRUE,2500,2.43,1.35
historical,historical__321992475,54,1,TRUE,TRUE,4823,2.43,0
historical,historical__321992974,37,1,TRUE,TRUE,4000,2.43,0.64
historical,historical__321993018,7,1,TRUE,TRUE,1183,2.43,0
historical,historical__321994945,9,1,TRUE,TRUE,2365,2.43,0
historical,historical__321995490,12,1,TRUE,TRUE,2454,2,0
historical,historical__321995917,33,1,TRUE,TRUE,3715,3,1.1
historical,historical__322000268,15,1,TRUE,TRUE,4000,3,0.77
historical,historical__322002818,247,1,TRUE,TRUE,4930,6,1.9900000000000002
historical,historical__322003354,6,1,TRUE,TRUE,2500,2.43,0.15
historical,historical__322003363,8,1,TRUE,TRUE,1875,2.43,0
historical,historical__322008876,26,1,TRUE,TRUE,3121,2.43,0.44
historical,historical__322008894,8,1,TRUE,TRUE,1875,2.43,0
historical,historical__322012674,34,1,TRUE,TRUE,7575,3,0.4
historical,historical__322015010,41,1,TRUE,TRUE,3042,2.43,0.39
historical,historical__322015412,13,1,TRUE,TRUE,4000,4,0.46
historical,historical__322017759,11,1,TRUE,TRUE,2620,4,0.87
historical,historical__322018758,12,1,TRUE,TRUE,3867,0.75,0.57
historical,historical__322020406,40,1,TRUE,TRUE,3000,4,0.55
historical,historical__322020610,6,1,TRUE,TRUE,7400,2.43,0
historical,historical__322030734,10,1,TRUE,TRUE,2500,3,0.48
historical,historical__322031145,6,1,TRUE,TRUE,2000,2.43,0.59
historical,historical__322031840,9,1,TRUE,TRUE,2000,2.43,0.81
historical,historical__322033651,28,1,TRUE,TRUE,5008,2.43,0.4
historical,historical__322033866,6,1,TRUE,TRUE,2000,2.43,0.31
historical,historical__322034810,6,1,TRUE,TRUE,4000,2.43,0.8
historical,historical__322036266,9,1,TRUE,TRUE,4000,2.43,0.65
historical,historical__322036275,9,1,TRUE,TRUE,4000,2.43,0.65
historical,historical__322037871,45,1,TRUE,TRUE,10766,2.43,0
historical,historical__322039824,8,1,TRUE,TRUE,5526,2.43,0.37
historical,historical__322039842,9,1,TRUE,TRUE,5526,2.43,0.37
historical,historical__322039888,7,1,TRUE,TRUE,1250,2,0.47
historical,historical__322039968,23,1,TRUE,TRUE,7183,2.43,0.99
historical,historical__322040732,10,1,FALSE,TRUE,4385,3,1.53
historical,historical__322041544,10,1,TRUE,TRUE,4383,2.43,0.25
historical,historical__322046219,46,1,TRUE,TRUE,8567,4,0
historical,historical__322047352,44,1,TRUE,TRUE,10040,2.43,0.55
historical,historical__322060345,6,1,TRUE,TRUE,4000,2.43,0.65
historical,historical__322060354,6,1,TRUE,TRUE,4000,2.43,0.65
historical,historical__322061344,7,1,TRUE,TRUE,4000,2.43,0.26
historical,historical__322061362,20,1,TRUE,TRUE,4750,2.43,0
historical,historical__322064902,23,1,FALSE,TRUE,4400,4,1.11
historical,historical__322064939,26,1,TRUE,TRUE,6000,3,0.54
historical,historical__322064948,45,1,FALSE,TRUE,8000,4,2.2
historical,historical__322069710,9,1,FALSE,TRUE,5000,2.43,0.58
historical,historical__322071510,47,1,TRUE,TRUE,5030,3,0.58
historical,historical__322071690,6,1,TRUE,TRUE,2000,2.43,0
historical,historical__322072519,8,1,FALSE,TRUE,3500,2,0.58
historical,historical__322084409,10,1,TRUE,TRUE,2504,2.43,0
historical,historical__322084551,8,1,FALSE,TRUE,5500,2,0.26
historical,historical__322084882,34,1,FALSE,TRUE,2200,6.02,1.56
historical,historical__322085391,6,1,FALSE,TRUE,6000,1.25,0.18
historical,historical__322085417,59,1,TRUE,TRUE,8200,2.43,0
historical,historical__322085541,10,1,TRUE,TRUE,3000,2.43,1.17
historical,historical__322086363,6,1,TRUE,TRUE,2000,2.43,0
historical,historical__340740620,13,1,TRUE,TRUE,3325,2.43,0.34
historical,historical__340743495,13,1,TRUE,TRUE,3837,2.43,0
historical,historical__340747053,8,1,TRUE,TRUE,2500,2.43,0
historical,historical__340751813,103,1,TRUE,TRUE,17464,2.43,0.49000000000000005
historical,historical__340752714,61,1,TRUE,TRUE,9816,4,0.14
historical,historical__340752769,28,1,TRUE,TRUE,1656,6.02,1.81
historical,historical__340754945,32,1,TRUE,TRUE,1667,4,1.92
historical,historical__340755365,13,2,TRUE,TRUE,4000,2.43,0.8
historical,historical__340757862,7,1,TRUE,TRUE,4000,2.43,0.8
historical,historical__340760082,18,1,TRUE,TRUE,5497,1.25,1
historical,historical__340764104,7,1,TRUE,TRUE,2500,1.35,0
historical,historical__340765602,231,1,TRUE,TRUE,10460,6.02,1
historical,historical__340766816,9,1,TRUE,TRUE,4000,2.43,0.57
historical,historical__340766852,9,1,TRUE,TRUE,4000,2.43,0.57
historical,historical__340769083,6,1,TRUE,TRUE,1953,2,0.68
historical,historical__340769332,53,1,TRUE,TRUE,10000,3,1
historical,historical__340770473,20,2,FALSE,TRUE,5033,3,0
historical,historical__340770669,8,1,TRUE,TRUE,5000,2.43,0.55
historical,historical__340770678,8,1,TRUE,TRUE,5000,2.43,0.55
historical,historical__340771613,27,1,TRUE,TRUE,5462,2.43,0.99
historical,historical__340777010,12,1,TRUE,TRUE,3600,2,0
historical,historical__340779580,8,1,TRUE,TRUE,2500,2.43,0
historical,historical__340786411,18,1,TRUE,TRUE,3500,3.44,1.03
historical,historical__340795483,22,1,TRUE,TRUE,12753,2.43,1.17
historical,historical__340797141,79,1,TRUE,TRUE,2000,6.02,1.02
historical,historical__340798355,6,1,TRUE,TRUE,4000,2.43,0.38
historical,historical__340802073,74,1,TRUE,TRUE,15000,4,0.12
historical,historical__340803045,10,1,TRUE,TRUE,1733,2.43,0
historical,historical__340803367,29,1,TRUE,TRUE,5900,4,1.85
historical,historical__340805631,10,1,TRUE,TRUE,4007,2,0.54
historical,historical__340806042,8,1,TRUE,TRUE,1800,2.43,1.35
historical,historical__340806239,29,1,TRUE,TRUE,3150,2.43,0
historical,historical__420665104,130,1,FALSE,TRUE,1600,5,1
historical,historical__420665131,11,1,TRUE,TRUE,5000,2,0.24
historical,historical__420665177,9,1,TRUE,TRUE,6000,1.25,0.45
historical,historical__420665239,7,1,FALSE,TRUE,3530,2,0.63
historical,historical__420665346,1132,2,FALSE,TRUE,28703,0,0
historical,historical__420665417,7,1,TRUE,TRUE,2377,2,1.15
historical,historical__420665499,99,1,TRUE,TRUE,20575,2.43,0.97
historical,historical__420665541,315,1,TRUE,TRUE,7117,7.52,0.01
historical,historical__420665667,164,1,TRUE,TRUE,9195,8,0
historical,historical__420665845,478,2,TRUE,TRUE,71862,5,0.3357268097186274
historical,historical__420665863,14,1,TRUE,TRUE,4224,2.43,0.37
historical,historical__420666005,224,1,FALSE,TRUE,9479,2.43,0
historical,historical__420666014,65,2,TRUE,TRUE,16040,3,1.2384850374064837
historical,historical__420666032,103,1,TRUE,TRUE,14000,5,1.43
historical,historical__420666050,18,1,TRUE,TRUE,6120,2,0.46
historical,historical__420666087,101,1,TRUE,TRUE,25224,3,0.74
historical,historical__420666176,605,1,TRUE,TRUE,45080,7.52,0.72
historical,historical__420666210,80,1,TRUE,TRUE,6550,2.43,0
historical,historical__420666274,12,1,TRUE,TRUE,3071,1.35,0.55
historical,historical__420666283,364,1,TRUE,TRUE,22800,5,0.75
historical,historical__420666611,10,1,TRUE,TRUE,3816,2.43,0
historical,historical__420666620,33,1,TRUE,TRUE,11200,2,0.48
historical,historical__420666684,24,1,TRUE,TRUE,5050,4,0.42
historical,historical__420666773,60,1,TRUE,TRUE,11050,3,1.27
historical,historical__420666782,14,1,TRUE,TRUE,5000,2,0
historical,historical__420667004,117,1,TRUE,TRUE,17812,2.43,0.85
historical,historical__420667068,157,1,TRUE,TRUE,11610,7.52,0.99
historical,historical__420667120,314,1,TRUE,TRUE,1300,10,1.85
historical,historical__420667148,146,1,FALSE,TRUE,7625,3,0
historical,historical__420667237,16,1,TRUE,TRUE,7400,2,0.57
historical,historical__420667264,92,1,TRUE,TRUE,5856,2.43,0.6
historical,historical__420667335,30,1,TRUE,TRUE,2179,3,0
historical,historical__420667371,26,1,TRUE,TRUE,2640,3.44,1.14
historical,historical__420667488,538,3,TRUE,TRUE,17568,3.44,0
historical,historical__420667709,16,1,TRUE,TRUE,10650,3,0.74
historical,historical__420667736,29,1,FALSE,TRUE,4033,3,0.59
historical,historical__421133008,33,1,TRUE,TRUE,5000,2.43,0.53
historical,historical__421133026,99,2,TRUE,TRUE,30008,3,1
historical,historical__421133106,10,1,TRUE,TRUE,4191,2.43,0
historical,historical__421133115,117,1,TRUE,TRUE,2500,5,1
historical,historical__421133151,614,1,TRUE,TRUE,99500,5,0
historical,historical__421133160,51,1,TRUE,TRUE,6174,4,1
historical,historical__421133179,51,1,TRUE,TRUE,5400,4,1
historical,historical__421133213,51,1,TRUE,TRUE,7915,5,0.76
historical,historical__421133222,165,1,TRUE,TRUE,37565,2.43,0.82
historical,historical__421133295,29,1,TRUE,TRUE,7000,4,0.5
historical,historical__421133302,237,1,TRUE,TRUE,389978,3.44,0
historical,historical__421133320,60,1,TRUE,TRUE,14614,2.43,0.62
historical,historical__421133419,223,1,TRUE,TRUE,6250,4,0
historical,historical__421133464,175,1,TRUE,TRUE,43800,2.43,0.79
historical,historical__421133543,23,1,TRUE,TRUE,8178,2,0.3
historical,historical__421133623,301,1,TRUE,TRUE,2500,7.52,0.95
historical,historical__421133632,1386,2,TRUE,TRUE,374464,5,0.554009571013502
historical,historical__421133794,94,1,TRUE,TRUE,16000,2.43,0
historical,historical__421133810,19,1,TRUE,TRUE,1200,2.43,0
historical,historical__421133865,55,1,TRUE,TRUE,5063,4,0
historical,historical__421133883,50,1,TRUE,TRUE,13250,3,0
historical,historical__421133909,20,1,TRUE,TRUE,2521,3,0.94
historical,historical__421133918,49,1,TRUE,TRUE,10552,3,0
historical,historical__421133972,81,1,TRUE,TRUE,15028,3,0.01
historical,historical__421134132,185,1,TRUE,TRUE,60000,0,0
historical,historical__421134178,133,1,TRUE,TRUE,20483,3.4400000000000004,0
historical,historical__421134187,252,1,TRUE,TRUE,15610,3.44,0
historical,historical__421318719,6,1,TRUE,TRUE,2500,3,0.3
historical,historical__421647613,12,1,TRUE,TRUE,5000,1.25,2.46
historical,historical__421674600,10,1,TRUE,TRUE,2500,3,0.71
historical,historical__421684868,46,1,TRUE,TRUE,13200,3,0
historical,historical__421694857,800,1,TRUE,TRUE,65599,2.43,0
historical,historical__421719894,10,1,FALSE,TRUE,1869,2.43,0.71
historical,historical__421721916,34,1,TRUE,TRUE,6400,3.44,2.14
historical,historical__421723638,6,1,TRUE,TRUE,2521,2,0.99
historical,historical__421723647,8,1,TRUE,TRUE,2585,4,0.68
historical,historical__421724487,20,1,TRUE,TRUE,4000,2,0.42
historical,historical__421728973,60,1,TRUE,TRUE,12800,2,0.73
historical,historical__421730693,7,1,TRUE,TRUE,2438,2,0.8499999999999999
historical,historical__421731665,24,1,TRUE,TRUE,5000,1.35,0.31
historical,historical__421732959,10,1,TRUE,TRUE,3752,2,0.6
historical,historical__421738524,27,1,TRUE,TRUE,2500,4,1.21
historical,historical__421744125,6,1,TRUE,TRUE,3394,2.43,0.9
historical,historical__421746739,8,1,TRUE,TRUE,2500,3,0.52
historical,historical__421765511,12,2,TRUE,TRUE,4724,2,0.26814563928873836
historical,historical__421779007,20,2,TRUE,TRUE,8000,2,0.215
historical,historical__421779132,17,1,TRUE,TRUE,4000,2.43,1.01
historical,historical__421779267,20,1,TRUE,TRUE,2523,2,1.06
historical,historical__421779285,9,1,TRUE,TRUE,2242,3,0.45
historical,historical__421780905,11,1,TRUE,TRUE,4375,2,0.61
historical,historical__421786856,29,1,TRUE,TRUE,5000,2,0.55
historical,historical__421794080,7,1,TRUE,TRUE,2500,2,0.71
historical,historical__421794259,34,1,TRUE,TRUE,2681,3.44,1.3
historical,historical__421796989,21,1,TRUE,TRUE,4772,3,1
historical,historical__421797318,21,3,TRUE,TRUE,25000,2,0.792
historical,historical__421797611,40,1,TRUE,TRUE,6900,3,0.12
historical,historical__421798022,15,1,TRUE,TRUE,5638,2,0.69
historical,historical__421858430,8,1,TRUE,TRUE,3075,2,0.61
historical,historical__421861845,54,1,TRUE,TRUE,15589,3,0.1
historical,historical__421862746,9,1,TRUE,TRUE,8350,1.25,0.26
historical,historical__421883162,8,1,TRUE,TRUE,1975,5,0.75
historical,historical__421883359,29,1,TRUE,TRUE,1800,2.43,0.78
historical,historical__421889674,39,1,TRUE,TRUE,4300,5,0
historical,historical__421890895,24,4,TRUE,TRUE,18740,2,0.37991248665955174
historical,historical__421891974,15,1,TRUE,TRUE,9900,0.9,0
historical,historical__421893473,10,1,TRUE,TRUE,2220,3,1.17
historical,historical__421905834,7,1,TRUE,TRUE,12308,0.6,0.16
historical,historical__421914263,10,1,FALSE,TRUE,3335,3,0.74
historical,historical__421914539,46,1,TRUE,TRUE,10000,2,0.82
historical,historical__421916699,8,1,TRUE,TRUE,6000,0.9,0.46
historical,historical__421921308,14,1,TRUE,TRUE,4677,3,0.4
historical,historical__421921460,10,1,TRUE,TRUE,3800,3,0.66
historical,historical__421922478,10,1,TRUE,TRUE,2440,3,1.1
historical,historical__421928356,8,1,TRUE,TRUE,3000,2,0.7
historical,historical__421928472,6,1,TRUE,TRUE,2000,2,0.7
historical,historical__421928953,133,1,TRUE,TRUE,10000,2.43,0
historical,historical__421929097,10,1,TRUE,TRUE,5000,2,0.57
historical,historical__421929239,40,1,TRUE,TRUE,3341,2.43,0.45
historical,historical__421934483,18,1,TRUE,TRUE,9625,0.9,0.49
historical,historical__421936212,17,1,TRUE,TRUE,6500,2,0.85
historical,historical__421936846,7,1,TRUE,TRUE,4700,1.25,0.41
historical,historical__421943277,17,1,TRUE,TRUE,2000,2.43,0
historical,historical__421943776,18,1,TRUE,TRUE,3650,3,0.72
historical,historical__421946942,11,1,TRUE,TRUE,2500,2,0
historical,historical__421948600,16,1,TRUE,TRUE,2550,2.43,0
historical,historical__421949734,21,1,FALSE,TRUE,6500,1.25,1
historical,historical__421950366,21,1,TRUE,TRUE,3031,3,0.43
historical,historical__421958698,44,1,TRUE,TRUE,12734,3,0.99
historical,historical__421962479,42,1,FALSE,TRUE,9480,2.43,0.17
historical,historical__440597481,76,1,TRUE,TRUE,7350,3,0.37
historical,historical__440608941,38,1,TRUE,TRUE,10075,2,0.51
historical,historical__440609986,7,1,TRUE,TRUE,2502,2,0.76
historical,historical__440615568,24,1,FALSE,TRUE,10001,2,0.28
historical,historical__440618020,10,1,TRUE,TRUE,2404,3,1
historical,historical__440620794,28,1,TRUE,TRUE,5000,4,1.02
historical,historical__440635582,18,3,TRUE,TRUE,8000,0.75,0
historical,historical__440639203,64,1,TRUE,TRUE,16143,3,0.72
historical,historical__440641174,8,1,TRUE,TRUE,3859,2,0
historical,historical__440645517,7,1,TRUE,TRUE,2856,2,0.54
historical,historical__440648694,11,1,TRUE,TRUE,1900,1.25,0
historical,historical__440651572,8,1,TRUE,TRUE,2500,3,1.11
historical,historical__440653071,27,1,FALSE,TRUE,2028,5,0.87
historical,historical__440655765,7,1,TRUE,TRUE,2000,2.43,1.05
historical,historical__440657095,30,1,TRUE,TRUE,7500,4,0
historical,historical__440660633,29,1,TRUE,TRUE,3887,3,0.38
historical,historical__440663729,8,1,TRUE,TRUE,3000,2.43,0.84
historical,historical__440665139,16,1,FALSE,TRUE,1800,2.43,1.14
historical,historical__440667155,10,1,TRUE,TRUE,2446,3,0.7
historical,historical__510113654,53,1,TRUE,TRUE,5000,2.43,0.33
historical,historical__510115518,30,1,TRUE,TRUE,8640,0.75,0.25
historical,historical__510115670,270,1,TRUE,TRUE,53422,2.43,0
historical,historical__510115876,24,1,FALSE,TRUE,41101,0.5,0.14
historical,historical__540179821,6,1,FALSE,TRUE,10098,0.5,0.16
historical,historical__B00481199,10,1,TRUE,TRUE,5250,3,1.37
historical,historical__B00482197,7,1,FALSE,TRUE,2500,2,0
historical,historical__B00482269,48,1,TRUE,TRUE,4320,3.44,0.44
historical,historical__B00482291,8,1,FALSE,TRUE,3458,2.43,1.52
historical,historical__B00483059,10,1,TRUE,TRUE,3200,3,0.26
historical,historical__B00484750,10,1,TRUE,TRUE,3100,2.43,0.55
historical,historical__B00490362,6,1,FALSE,TRUE,2300,2,0.6
historical,historical__B00490620,16,1,FALSE,TRUE,10730,3.44,1
historical,historical__B00490655,27,1,TRUE,TRUE,4400,2.43,0.82
historical,historical__B00492211,7,1,TRUE,TRUE,2500,2,1
historical,historical__B00495212,190,1,FALSE,TRUE,533900,2.43,1.73
historical,historical__B00497204,58,1,FALSE,TRUE,111040,4.2,0
historical,historical__B00497676,24,1,TRUE,TRUE,4700,3,0
historical,historical__B00498758,8,1,TRUE,TRUE,1840,3,1
historical,historical__B00498781,6,1,TRUE,TRUE,4367,2,0.4
historical,historical__B00499750,9,1,TRUE,TRUE,3000,2.43,0.51
historical,historical__B00500021,6,1,FALSE,TRUE,2542,2,1.2
historical,historical__B00501024,7,1,TRUE,TRUE,2400,4,1.13
historical,historical__B00501131,131,1,FALSE,TRUE,23436,4,0
historical,historical__B00501187,9,1,TRUE,TRUE,8000,0.75,0.21
historical,historical__B00508599,6,1,TRUE,TRUE,2030,2.43,0.82
historical,historical__B00508605,9,1,TRUE,TRUE,3500,2.43,0.4
historical,historical__B00509455,120,1,TRUE,TRUE,111040,4.2,0
historical,historical__B00511219,36,1,TRUE,TRUE,3200,4,0.85
historical,historical__B00512095,8,1,TRUE,TRUE,2440,6.02,0.8799999999999999
historical,historical__B00515659,7,1,TRUE,TRUE,2400,4,1.13
historical,historical__B00516009,6,1,FALSE,TRUE,4500,2,0.39
historical,historical__B00517128,8,1,TRUE,TRUE,3022,2.43,0.71
historical,historical__B00517454,7,1,TRUE,TRUE,6887,0.75,0
historical,historical__B00517601,44,1,TRUE,TRUE,2500,2.43,0
historical,historical__B00519039,10,1,FALSE,TRUE,3600,2.43,0.36
historical,historical__B00520132,375,1,TRUE,TRUE,17988,0,0
historical,historical__B00527324,6,1,TRUE,TRUE,2000,1.25,0
historical,historical__B00528655,25,1,TRUE,TRUE,2580,2,0
historical,historical__B00529365,10,1,TRUE,TRUE,3400,2.43,0.48
historical,historical__B00529604,55,1,TRUE,TRUE,1360,4,1.41
historical,historical__B00531676,24,1,TRUE,TRUE,2375,2.43,1
historical,historical__B00537084,8,1,TRUE,TRUE,2175,2.43,1.62
historical,historical__B00539478,834,1,TRUE,TRUE,220768,6.02,0.47
historical,historical__B00542600,473,1,FALSE,TRUE,19450,10,5.89
historical,historical__B00543029,14,1,TRUE,TRUE,3300,2.43,0.34
historical,historical__B00545879,20,1,TRUE,TRUE,4000,1.25,0
historical,historical__B00548222,9,1,TRUE,TRUE,3060,2.43,0.65
historical,historical__B00550357,43,1,FALSE,TRUE,2200,4,0.65
historical,historical__B00554452,20,1,FALSE,TRUE,3700,2.43,0.58
historical,historical__B00560052,10,1,TRUE,TRUE,2000,2.43,0
historical,historical__B00560232,87,1,TRUE,TRUE,12000,3.44,0
historical,historical__B00560420,91,1,TRUE,TRUE,2517,3.44,0
historical,historical__B00561184,77,1,TRUE,TRUE,5890,4,0
historical,historical__B00561383,17,1,TRUE,TRUE,4000,2.43,0.28
historical,historical__B00563007,14,2,TRUE,TRUE,4000,2.43,0.51
historical,historical__B00564411,163,1,TRUE,TRUE,7192,10,3.67
historical,historical__B00565465,231,1,TRUE,TRUE,17564,9,2.34
historical,historical__B00568816,109,1,TRUE,TRUE,25123,3.44,0
historical,historical__B00570830,10,1,TRUE,TRUE,2500,2.43,0.45
historical,historical__B00571785,557,1,TRUE,TRUE,279,10,0
historical,historical__B00574135,7,1,TRUE,TRUE,4000,2.43,0.71
historical,historical__B00574205,6,1,TRUE,TRUE,4000,2.43,0.71
historical,historical__B00575016,10,1,TRUE,TRUE,2500,4,1.95
historical,historical__B00575531,8,1,TRUE,TRUE,4758,2,0.37
historical,historical__B00577160,63,1,TRUE,TRUE,8258,4,0.89
historical,historical__B00578168,26,1,TRUE,TRUE,5487,6.02,0.28
historical,historical__B00578576,23,1,TRUE,TRUE,2404,2.43,1.11
historical,historical__B00578743,16,1,TRUE,TRUE,2000,2.43,0.86
historical,historical__B00579218,7,1,FALSE,TRUE,2500,2,0.56
historical,historical__B00580210,39,1,FALSE,TRUE,9000,4,1.12
historical,historical__B00580365,187,1,TRUE,TRUE,15017,0,0.32
historical,historical__B00583473,31,1,TRUE,TRUE,1875,4,1
historical,historical__B00584279,10,1,TRUE,TRUE,2500,3,0.5
historical,historical__B00587387,311,1,TRUE,TRUE,146105,2.43,0.67
historical,historical__B00588575,63,1,TRUE,TRUE,4487,2.43,0
historical,historical__B00588594,314,1,TRUE,TRUE,9380,10,4
historical,historical__B00588653,41,1,TRUE,TRUE,34250,3.44,3.06
historical,historical__B00589058,10,1,TRUE,TRUE,2625,3,0.98
historical,historical__B00591118,158,1,TRUE,TRUE,28500,0,0.35
historical,historical__B00591681,132,1,TRUE,TRUE,16500,3,1.42
historical,historical__B00593338,197,1,TRUE,TRUE,20000,0,0.9
historical,historical__B00593598,6,1,FALSE,TRUE,5000,4,1
historical,historical__B00594970,123,1,TRUE,TRUE,5000,3,0.46
historical,historical__B00595582,17,1,TRUE,TRUE,10017,1.35,0.58
historical,historical__B00596151,32,1,TRUE,TRUE,5271,2.43,0
historical,historical__B00599515,7,1,TRUE,TRUE,2100,2.43,0.75
historical,historical__B00599662,7,1,TRUE,TRUE,1900,2,0
historical,historical__B00600073,873,5,TRUE,FALSE,46600,0,0.560725321888412
historical,historical__B00600120,363,1,TRUE,TRUE,8699,10,3.22
historical,historical__B00600959,255,1,TRUE,TRUE,40000,0,1.03
historical,historical__B00601179,205,1,TRUE,TRUE,69029,2,2.4
historical,historical__B00601830,9,1,TRUE,TRUE,1800,1.25,0
historical,historical__B00603005,9,1,FALSE,TRUE,2583,2,0
historical,historical__B00604312,22,1,TRUE,TRUE,1875,4,0
historical,historical__B00604480,24,3,FALSE,TRUE,7500,2.43,0.5533333333333333
historical,historical__B00604543,381,1,TRUE,TRUE,20901,6.02,0
historical,historical__B00606335,456,1,TRUE,TRUE,5720,0,1.8
historical,historical__B00606686,8,1,FALSE,TRUE,2500,2.43,0.72
historical,historical__B00606855,14,2,FALSE,TRUE,5000,2,0
historical,historical__B00608234,6,1,FALSE,TRUE,2800,2.43,0.53
historical,historical__B00608472,181,2,TRUE,TRUE,56218,3.4400000000000004,0.20048205201181118
historical,historical__B00608989,12,1,TRUE,TRUE,8144,1.25,0
historical,historical__B00610324,64,1,TRUE,TRUE,10000,3,1
historical,historical__B00611166,668,2,TRUE,TRUE,102070,0,0.25
historical,historical__B00612352,344,1,TRUE,TRUE,47500,0,0.23
historical,historical__B00614012,66,1,TRUE,TRUE,7200,4,1
historical,historical__B00614338,360,1,TRUE,TRUE,39153,0,0
historical,historical__B00614702,50,1,TRUE,TRUE,5058,3,0.52
historical,historical__B00616358,173,1,TRUE,TRUE,8978,0,1
historical,historical__B00619892,10,1,FALSE,TRUE,1875,3,0.98
historical,historical__B00620031,57,1,TRUE,TRUE,28000,0,0.89
historical,historical__B00621061,260,1,TRUE,TRUE,2500,0,1
historical,historical__B00621076,224,1,TRUE,TRUE,30100,0,1
historical,historical__B00621504,274,1,TRUE,TRUE,7850,0,1
historical,historical__B00621533,132,1,TRUE,TRUE,9175,0,0.17
historical,historical__B00622668,328,1,TRUE,TRUE,61621,3.44,0.26
historical,historical__B00622896,41,1,TRUE,TRUE,2222,6.02,2.07
historical,historical__B00624212,43,1,FALSE,TRUE,2500,3,0
historical,historical__B00624645,63,1,TRUE,TRUE,2128,6.02,1.76
historical,historical__B00625252,916,3,TRUE,TRUE,165840,0,0
historical,historical__B00626808,10,1,TRUE,TRUE,4007,2,0.52
historical,historical__B00627782,105,1,TRUE,TRUE,24000,2.43,0.6
historical,historical__B00628878,66,1,TRUE,TRUE,5870,0,1
historical,historical__B00629541,12,1,TRUE,TRUE,9667,1.25,0.41
historical,historical__B00630951,7,1,TRUE,TRUE,2100,2.43,0.75
historical,historical__B00632090,8,1,FALSE,TRUE,3200,2.43,0.68
historical,historical__B00632621,41,1,TRUE,TRUE,3525,3.44,0.89
historical,historical__B00632806,188,1,TRUE,TRUE,13480,0,0.09
historical,historical__B00633202,16,2,TRUE,TRUE,4000,2.43,0.4
historical,historical__B00633393,16,1,TRUE,TRUE,2200,2.43,0.87
historical,historical__B00633617,13,1,TRUE,TRUE,2400,0,0.31
historical,historical__B00634183,20,2,TRUE,TRUE,5000,2.43,0.52
historical,historical__B00635142,15,2,TRUE,TRUE,7187,2,0.3815082788367886
historical,historical__B00635730,119,1,TRUE,TRUE,15000,4.2,1
historical,historical__B00635897,12,2,FALSE,TRUE,5000,4,0
historical,historical__B00636414,22,1,FALSE,TRUE,10206,2,2.62
historical,historical__B00637051,46,1,TRUE,TRUE,5500,4,0
historical,historical__B00637089,17,2,TRUE,TRUE,3425,3,0
historical,historical__B00637594,193,1,TRUE,TRUE,19000,0,0.02
historical,historical__B00637654,10,1,TRUE,TRUE,6880,2,0
historical,historical__B00638074,8,1,FALSE,TRUE,2500,2.43,0
historical,historical__B00639064,20,1,TRUE,TRUE,2000,3.44,0.28
historical,historical__B00640248,83,1,TRUE,TRUE,8400,3.44,0
historical,historical__B00640623,8,1,TRUE,TRUE,3300,2,0.5
historical,historical__B00640761,301,1,TRUE,TRUE,7092,0,0.56
historical,historical__B00642055,6,1,FALSE,TRUE,2500,3,0.66
historical,historical__B00642196,32,1,TRUE,TRUE,6700,2.43,0
historical,historical__B00643477,20,1,TRUE,TRUE,4000,2.43,0.23
historical,historical__B00644465,9,1,TRUE,TRUE,2000,3,0
historical,historical__B00645194,21,1,TRUE,TRUE,2500,4,0.87
historical,historical__B00645335,24,1,TRUE,TRUE,15840,2.43,2.87
historical,historical__B00645411,295,1,TRUE,TRUE,10681,10,2.54
historical,historical__B00645685,133,1,TRUE,TRUE,3757,0,1
historical,historical__B00646589,189,1,TRUE,TRUE,53978,2.43,0
historical,historical__B00648034,322,1,TRUE,TRUE,62820,2.43,0
historical,historical__B00648659,128,1,TRUE,TRUE,19566,4,1
historical,historical__B00648765,8,1,FALSE,TRUE,7676,2,0.54
historical,historical__B00648774,26,1,FALSE,TRUE,9889,4,0.22
historical,historical__B00650836,6,1,TRUE,TRUE,2565,0,0
historical,historical__B00651570,218,1,TRUE,TRUE,49200,3,0.85
historical,historical__B00652243,60,1,TRUE,TRUE,1875,4,0.73
historical,historical__B00653189,9,1,TRUE,TRUE,2400,2.43,0.63
historical,historical__B00653212,139,1,TRUE,TRUE,45837,2.43,2.87
historical,historical__B00653276,294,1,TRUE,TRUE,20073,10,1
historical,historical__B00653688,46,1,TRUE,TRUE,9350,3.44,0.28
historical,historical__B00653960,185,1,TRUE,TRUE,27500,4,0.31
historical,historical__B00655003,174,1,TRUE,TRUE,10068,10,2.91
historical,historical__B00655818,100,1,TRUE,TRUE,32360,2,0.33
historical,historical__B00656247,147,1,TRUE,TRUE,2758,2,0.52
historical,historical__B00658895,9,1,TRUE,TRUE,2000,2.43,0.6
historical,historical__B00660022,22,1,TRUE,TRUE,2004,4,0.58
historical,historical__B00660471,10,1,TRUE,TRUE,2047,4,0.61
historical,historical__B00661493,14,1,TRUE,TRUE,2809,4,0.03
historical,historical__B00662287,9,1,TRUE,TRUE,3000,2.43,0
historical,historical__B00663769,10,1,FALSE,TRUE,3741,2.43,0.66
historical,historical__B00663906,233,1,TRUE,TRUE,2500,2.43,0
historical,historical__B00664091,73,1,TRUE,TRUE,6900,6.02,1.11
historical,historical__B00664860,324,1,TRUE,TRUE,28650,2.43,0
historical,historical__B00665500,270,1,TRUE,TRUE,45129,3.4400000000000004,0
historical,historical__B00665570,300,1,TRUE,TRUE,38500,0,0.18
historical,historical__B00666185,6,1,TRUE,TRUE,1875,3,0.83
historical,historical__B00666575,14,1,TRUE,TRUE,2297,2.43,0.78
historical,historical__B00667228,10,1,TRUE,TRUE,2787,4,0.65
historical,historical__B00668047,82,1,TRUE,TRUE,15578,0,1
historical,historical__B00668695,136,1,TRUE,TRUE,5000,0,0
historical,historical__B00669824,10,1,TRUE,TRUE,2446,3,0
historical,historical__B00670629,54,1,TRUE,TRUE,4000,3,0
historical,historical__B00672250,10,1,TRUE,TRUE,3033,2.43,1.19
historical,historical__B00672674,89,1,TRUE,TRUE,9280,4.2,0.04
historical,historical__B00673459,17,1,TRUE,TRUE,1850,2.43,1
historical,historical__B00673535,23,1,FALSE,TRUE,5000,4,0.28
historical,historical__B00673634,70,1,TRUE,TRUE,13675,4,0.06
historical,historical__B00673635,183,1,TRUE,TRUE,18111,6.02,0.09
historical,historical__B00673986,10,1,TRUE,TRUE,2700,3,0
historical,historical__B00674044,38,1,TRUE,TRUE,4300,2.43,0.47
historical,historical__B00674061,20,1,TRUE,TRUE,3100,3.44,0.97
historical,historical__B00674201,11,1,TRUE,TRUE,3515,2.43,0.04
historical,historical__B00675610,24,1,TRUE,TRUE,1680,2.43,0.95
historical,historical__B00676117,26,1,TRUE,TRUE,7525,2.43,0.3
historical,historical__B00678425,92,1,TRUE,TRUE,11800,0,0.2
historical,historical__B00678516,822,3,FALSE,FALSE,NA,3.5291054366996395,0
historical,historical__B00680247,80,1,TRUE,TRUE,7770,0,0
historical,historical__B00680413,52,1,TRUE,TRUE,1867,2.43,0
historical,historical__B00680820,110,1,TRUE,TRUE,47600,4,0
historical,historical__B00680917,1071,1,TRUE,TRUE,69080,0,0.09
historical,historical__B00681143,328,1,TRUE,TRUE,54756,0,0.82
historical,historical__B00681814,42,1,TRUE,TRUE,2704,2.43,0.9700000000000001
historical,historical__B00682540,7,1,TRUE,TRUE,3800,2.43,0.3
historical,historical__B00682883,6,1,TRUE,TRUE,4000,2.43,0.58
historical,historical__B00683024,8,1,TRUE,TRUE,3750,4,0
historical,historical__B00683366,6,1,FALSE,TRUE,2277,2,0
historical,historical__B00683408,34,1,TRUE,TRUE,6050,3.44,0
historical,historical__B00683623,229,1,TRUE,TRUE,5017,6.02,1.79
historical,historical__B00683718,29,1,TRUE,TRUE,5263,6.02,0.97
historical,historical__B00684074,60,1,TRUE,TRUE,10250,4,0.78
historical,historical__B00684789,240,1,TRUE,TRUE,2118,4,1
historical,historical__B00685211,153,1,FALSE,TRUE,120000,2.43,1
historical,historical__B00685330,8,1,FALSE,TRUE,1480,2.43,0
historical,historical__B00685399,22,1,TRUE,TRUE,5000,2.43,0.52
historical,historical__B00685767,6,1,FALSE,TRUE,2500,4,1.2
historical,historical__B00687734,16,1,TRUE,TRUE,3744,2.43,0
historical,historical__B00687992,6,1,TRUE,TRUE,2000,1.25,0
historical,historical__B00688317,19,1,TRUE,TRUE,3333,4,0.94
historical,historical__B00688688,46,1,TRUE,TRUE,9175,3,1.14
historical,historical__B00689616,35,1,TRUE,TRUE,2500,2.43,0
historical,historical__B00689788,20,1,TRUE,TRUE,2200,4,1.4
historical,historical__B00691370,19,1,TRUE,TRUE,4000,4,0.74
historical,historical__B00691706,13,1,TRUE,TRUE,2800,2.43,0.53
historical,historical__B00691884,6,1,TRUE,TRUE,2000,4,0
historical,historical__B00692002,168,1,TRUE,TRUE,2400,0,0
historical,historical__B00692168,6,1,TRUE,TRUE,2000,1.35,0
historical,historical__B00692303,183,1,TRUE,TRUE,2240,0,0
historical,historical__B00693081,36,1,TRUE,TRUE,16250,2.43,0.32
historical,historical__B00693096,20,1,TRUE,TRUE,2727,2.43,0
historical,historical__B00693828,66,1,TRUE,TRUE,13188,4,2.39
historical,historical__B00694424,18,1,TRUE,TRUE,2800,2.43,0
historical,historical__B00694902,8,1,TRUE,TRUE,5000,2.43,0.35
historical,historical__B00695155,14,1,TRUE,TRUE,2500,2,1
historical,historical__B00695565,29,1,TRUE,TRUE,1875,4,1.99
historical,historical__B00695754,38,1,TRUE,TRUE,10600,2.43,0.64
historical,historical__B00696389,297,2,TRUE,TRUE,40000,4.2,7
historical,historical__B00696395,47,1,TRUE,TRUE,4000,4,0
historical,historical__B00696890,41,1,TRUE,TRUE,8800,4,0.5
historical,historical__B00698051,38,2,FALSE,TRUE,35250,3,0
historical,historical__B00698115,877,4,TRUE,TRUE,177520.78999999998,2.43,0.08419295565325054
historical,historical__B00698275,8,1,TRUE,TRUE,3200,2.43,0
historical,historical__B00699366,8,1,TRUE,TRUE,4000,2.43,0.93
historical,historical__B00699404,110,1,TRUE,TRUE,10000,4,0
historical,historical__B00700725,54,1,TRUE,TRUE,12292,2.43,4.63
historical,historical__B00702705,76,1,TRUE,TRUE,17891,3,1.89
historical,historical__B00703512,34,1,TRUE,TRUE,34125,4,1.4
historical,historical__B00704728,6,1,TRUE,TRUE,4000,2.43,0.58
historical,historical__B00706931,72,1,TRUE,TRUE,5910,3,0.36
historical,historical__B00708599,24,1,TRUE,TRUE,2075,2.43,0.48
historical,historical__B00708684,31,1,TRUE,TRUE,8500,2.43,0.78
historical,historical__B00709512,150,1,TRUE,TRUE,2750,6.02,1.82
historical,historical__B00709786,9,1,TRUE,TRUE,4000,2.43,0.53
historical,historical__B00709787,9,1,TRUE,TRUE,4000,2.43,0.53
historical,historical__B00712067,12,1,TRUE,TRUE,3032,1.25,0.35000000000000003
historical,historical__B00712457,38,1,TRUE,TRUE,13033,2,0
historical,historical__B00712768,8,1,TRUE,TRUE,3339,2.43,0
historical,historical__B00712795,258,1,TRUE,TRUE,18000,0,0.74
historical,historical__B00714447,20,1,TRUE,TRUE,2000,4,1.02
historical,historical__B00715375,259,1,TRUE,TRUE,12000,0,0.33
historical,historical__B00715872,7,1,TRUE,TRUE,2800,2,1.7
historical,historical__B00716392,22,1,TRUE,TRUE,4575,2.43,1.13
historical,historical__B00717487,29,1,TRUE,TRUE,5550,3,0.05
historical,historical__B00718171,45,1,TRUE,TRUE,1933,4.2,0
historical,historical__B00718345,13,2,TRUE,TRUE,4000,2.43,0.42
historical,historical__B00719336,19,1,TRUE,TRUE,2250,3,0
historical,historical__B00723172,8,1,TRUE,TRUE,3600,0,0
historical,historical__B00725680,9,1,TRUE,TRUE,2000,2.43,0
historical,historical__B00725782,6,1,TRUE,TRUE,4000,2.43,0.93
historical,historical__B00725872,22,1,TRUE,TRUE,1500,1.25,0
historical,historical__B00726583,9,1,TRUE,TRUE,4000,2.43,0.41
historical,historical__B00727869,82,1,TRUE,TRUE,8469,0,1
historical,historical__B00729240,10,1,TRUE,TRUE,6693,2.43,0.24
historical,historical__B00729393,34,1,TRUE,TRUE,6400,0,1.33
historical,historical__B00730176,13,1,TRUE,TRUE,5008,2.43,0
historical,historical__B00730595,8,1,FALSE,TRUE,2500,2,0.36
historical,historical__B00731678,20,1,TRUE,TRUE,5592,4,0
historical,historical__B00734162,30,1,TRUE,TRUE,34125,4,1.4
historical,historical__B00734382,50,1,TRUE,TRUE,2500,4,0.24
historical,historical__B00735002,20,1,TRUE,TRUE,5000,2.43,1.5
historical,historical__B00735907,49,1,TRUE,TRUE,4812,6.02,1.19
historical,historical__B00736115,55,1,TRUE,TRUE,3333,10,3.1700000000000004
historical,historical__B00736239,45,1,TRUE,TRUE,4921,3.4399999999999995,1.01
historical,historical__B00736736,8,1,TRUE,TRUE,2484,2.43,0
historical,historical__B00737250,10,1,FALSE,TRUE,4000,2,0
historical,historical__B00738222,6,1,FALSE,TRUE,2500,6.02,0
historical,historical__B00738723,159,1,TRUE,TRUE,28357,4,2.71
historical,historical__B00739051,10,1,TRUE,TRUE,2513,6.02,0
historical,historical__B00739268,9,1,TRUE,TRUE,2250,2.43,1.37
historical,historical__B00740310,74,1,TRUE,TRUE,11000,0.5,0.46
historical,historical__B00741148,22,1,TRUE,TRUE,3357,2,0
historical,historical__B00742563,13,1,TRUE,TRUE,2683,4,1.4
historical,historical__B00744641,9,1,TRUE,TRUE,2120,2.43,0
historical,historical__B00745331,25,1,TRUE,TRUE,11775,2.43,1.85
historical,historical__B00748120,18,1,TRUE,TRUE,4810,3.4400000000000004,0.83
historical,historical__B00751849,48,1,TRUE,TRUE,3913,0,1.5
historical,historical__B00753172,15,1,TRUE,TRUE,2429,2.43,1.1
historical,historical__B00753885,25,1,TRUE,TRUE,4321,3.44,0.98
historical,historical__B00754062,497,1,TRUE,TRUE,160700,2.43,0
historical,historical__B00754304,301,1,FALSE,TRUE,1282,3,0
historical,historical__B00755555,200,1,TRUE,TRUE,30854,0,0.93
historical,historical__B00756710,8,1,FALSE,TRUE,2500,3,0.52
historical,historical__B00757866,75,1,TRUE,TRUE,28558,2.43,0.07
historical,historical__B00762058,10,1,TRUE,TRUE,4006,2.43,1.43
historical,historical__B00766674,28,1,TRUE,TRUE,14178,2,1.61
historical,historical__B00766753,7,1,TRUE,TRUE,2500,2.43,0
historical,historical__B00766828,8,1,TRUE,TRUE,4708,2.43,0.4799999999999999
historical,historical__B00774823,105,1,FALSE,TRUE,37500,3,0.51
historical,historical__B00780032,10,1,TRUE,TRUE,4000,2,0
historical,historical__B00780076,17,1,TRUE,TRUE,3000,2.43,0
historical,historical__B00781122,20,1,FALSE,TRUE,6200,2.43,1.09
historical,historical__B00781447,99,1,TRUE,TRUE,13937,10,2.46
historical,historical__B00781811,40,1,TRUE,TRUE,13056,2.43,0.5
historical,historical__B00781820,7,1,TRUE,TRUE,2500,2,3.93
historical,historical__B00785354,7,1,TRUE,TRUE,2609,2.43,1.15
historical,historical__B00789072,56,1,TRUE,TRUE,14865,2.43,0.4
historical,historical__B00789554,76,1,TRUE,TRUE,5000,3,0.53
historical,historical__B00798016,10,1,TRUE,TRUE,2500,2.43,0
historical,historical__B07994914,8,1,TRUE,TRUE,2500,2.43,0
historical,historical__B07995953,16,1,TRUE,TRUE,2860,2.43,0.56
historical,historical__B07999998,8,1,TRUE,TRUE,2471,2,0
historical,historical__B08000518,19,1,TRUE,TRUE,1086,2.43,0
historical,historical__B08000627,15,1,TRUE,TRUE,2504,2.43,0.86
historical,historical__B08003030,10,1,TRUE,TRUE,4000,2.43,0.9
historical,historical__B08003504,49,1,FALSE,TRUE,8550,2.43,0.09
historical,historical__B08003554,10,1,FALSE,TRUE,4500,2.43,0
historical,historical__B08005181,6,1,TRUE,TRUE,1450,2,0
historical,historical__B08005364,6,1,FALSE,TRUE,1875,2,0
historical,historical__B08005429,8,1,TRUE,TRUE,3000,2.43,0.49
historical,historical__B08008132,19,1,TRUE,TRUE,4300,2.43,0.61
historical,historical__B08010793,8,1,FALSE,TRUE,2850,2.43,0.77
historical,historical__B08011331,24,2,FALSE,TRUE,15581,3,0.489138694563892
historical,historical__B08015349,202,1,TRUE,TRUE,28137,4.2,0
historical,historical__B08021996,184,1,TRUE,TRUE,1282062,0,0
historical,historical__B08022282,8,1,TRUE,TRUE,4044,1.25,0.55
historical,historical__B08022562,30,1,FALSE,TRUE,2955,4,1.24
historical,historical__B08025465,8,1,TRUE,TRUE,3130,2.43,0.45
historical,historical__B08026584,8,1,TRUE,TRUE,1875,4,1.67
historical,historical__B08031421,16,1,TRUE,TRUE,1873,5,0.97
historical,historical__B08038604,8,1,TRUE,TRUE,2500,2.43,0.65
historical,historical__B08042136,14,1,FALSE,TRUE,4435,2.43,0
historical,historical__B08047782,6,1,TRUE,TRUE,2500,2,0.59
historical,historical__M00479953,16,1,TRUE,TRUE,4140,6.02,0
historical,historical__M00492685,28,1,TRUE,TRUE,6525,6.02,3.88
historical,historical__M00499952,190,1,TRUE,TRUE,19750,7.52,2
historical,historical__M00503537,32,1,TRUE,TRUE,4600,6.02,3.9
historical,historical__M00522293,666,1,TRUE,TRUE,20177,10,0
historical,historical__M00530595,7,1,FALSE,TRUE,3845,6.02,0
historical,historical__M00537657,222,1,TRUE,TRUE,16986,10,3.41
historical,historical__M00542354,101,1,TRUE,TRUE,5785,7.52,2.54
historical,historical__M00547165,128,1,TRUE,TRUE,10386,10,3.16
historical,historical__M00550178,26,1,TRUE,TRUE,7560,6.02,1.1
historical,historical__M00551052,28,1,TRUE,TRUE,4796,4,0
historical,historical__M00553059,7,1,FALSE,TRUE,2850,3.44,1.89
historical,historical__M00556884,145,1,FALSE,TRUE,1266,10,0
historical,historical__M00558120,1313,1,TRUE,TRUE,41479,10,0
historical,historical__M00561118,12,1,TRUE,TRUE,2226,6.02,1.8800000000000001
historical,historical__M00574359,70,1,TRUE,TRUE,2100,10,4.73
historical,historical__M00578593,60,1,TRUE,TRUE,7500,4.2,0
historical,historical__M00580473,158,1,TRUE,TRUE,21924,6.02,0
historical,historical__M00587493,15,1,FALSE,TRUE,10255,6.02,0.02
historical,historical__M00599489,698,2,TRUE,TRUE,79933,6.395014074287215,0.4274946517708581
historical,historical__M00600672,188,1,TRUE,TRUE,40261,6.02,1.3915700057127245
historical,historical__M00601955,361,1,FALSE,TRUE,24687,0,0
historical,historical__M00611352,194,1,TRUE,TRUE,4640,10,2.93
historical,historical__M00614697,220,1,TRUE,TRUE,12771,10,1.64
historical,historical__M00625489,453,1,TRUE,TRUE,1875,10,0
historical,historical__M00628716,222,1,TRUE,TRUE,47175,3.44,1.59
historical,historical__M00628781,120,1,TRUE,TRUE,1867,6.019999999999999,1.74
historical,historical__M00629412,57,1,TRUE,TRUE,1296,10,0
historical,historical__M00630979,138,1,TRUE,TRUE,8034,10,7.17
historical,historical__M00632762,399,1,TRUE,TRUE,47880,6.02,0
historical,historical__M00637209,45,1,TRUE,TRUE,4053,10,1.87
historical,historical__M00637413,37,1,TRUE,TRUE,4955,10,2.32
historical,historical__M00641741,490,1,TRUE,TRUE,24990,3.4400000000000004,0
historical,historical__M00643592,311,1,TRUE,TRUE,2991,10,0
historical,historical__M00645064,24,1,TRUE,TRUE,2250,7.52,0
historical,historical__M00647624,158,1,TRUE,TRUE,33650,6.02,4.03
historical,historical__M00648391,146,1,TRUE,TRUE,2550,10,3.11
historical,historical__M00649645,20,1,TRUE,TRUE,1950,4,1.14
historical,historical__M00651526,47,1,TRUE,TRUE,6072,4,1.89
historical,historical__M00660854,26,1,TRUE,TRUE,2500,3.44,0
historical,historical__M00665110,50,1,TRUE,TRUE,2812,10,3.98
historical,historical__M00665956,121,1,TRUE,TRUE,5036,10,3.28
historical,historical__M00666173,120,1,TRUE,TRUE,12490,6.019999999999999,0.6
historical,historical__M00666777,273,1,TRUE,TRUE,27450,6.02,0.08
historical,historical__M00668732,16,2,TRUE,TRUE,5000,2.43,0.37
historical,historical__M00671589,180,1,TRUE,TRUE,9992,10,1.71
historical,historical__M00672872,157,1,TRUE,TRUE,3320,10,1.99
historical,historical__M00674541,58,1,FALSE,TRUE,4875,7.52,1.97
historical,historical__M00675715,60,1,TRUE,TRUE,2394,7.519999999999999,3.02
historical,historical__M00683925,108,1,TRUE,TRUE,1700,10,3.26
historical,historical__M00686955,52,1,TRUE,TRUE,19983,3.4400000000000004,3
historical,historical__M00688136,209,1,TRUE,TRUE,5500,7.52,1
historical,historical__M00694696,64,1,TRUE,TRUE,2116,4,0
historical,historical__M00694856,36,1,TRUE,TRUE,3275,2.43,0
historical,historical__M00696323,104,1,TRUE,TRUE,8986,6.02,1.9600000000000002
historical,historical__M00701234,8,1,TRUE,TRUE,1250,3.44,7.33
historical,historical__M00705695,24,1,TRUE,TRUE,8175,0,0
historical,historical__M00718070,59,1,TRUE,TRUE,9992,3.4399999999999995,0
historical,historical__M00719204,7,1,TRUE,TRUE,2523,3,0
historical,historical__M00719554,18,1,TRUE,TRUE,2439,3,0
historical,historical__M00722025,29,1,TRUE,TRUE,5000,6.02,1.19
historical,historical__M00723903,35,1,TRUE,TRUE,3165,10,3.9800000000000004
historical,historical__M00728230,45,1,TRUE,TRUE,22102,4,4.74
historical,historical__M00737602,6,1,TRUE,TRUE,1898,6.02,0
historical,historical__M00749928,204,1,TRUE,TRUE,2590,10,3.5900000000000003
historical,historical__M00771011,40,1,TRUE,TRUE,7406,6.02,2.03
historical,historical__M00771041,121,2,TRUE,TRUE,3648,6.02,0
historical,historical__M00775662,164,1,TRUE,TRUE,8890,3.44,2.79
historical,historical__M00785688,52,1,TRUE,TRUE,6068,10,4.42
historical,historical__M00791192,16,1,TRUE,TRUE,2692,3.44,2.01
historical,historical__M00798756,62,1,TRUE,TRUE,10900,10,3.23
historical,historical__M08010721,193,1,TRUE,TRUE,41360,3,1.43
historical,historical__M08011197,68,1,TRUE,TRUE,1240,7.52,3.76
historical,historical__M08011563,21,1,TRUE,TRUE,10384,10,9.83
historical,historical__M08014320,8,1,TRUE,TRUE,2188,6.02,0
historical,historical__M08017592,21,1,TRUE,TRUE,1875,7.52,0
historical,historical__M08022114,99,1,TRUE,TRUE,6295,10,2.97
historical,historical__M08022866,112,1,TRUE,TRUE,85000,6.02,2.32
historical,historical__M08025206,10,1,TRUE,TRUE,2596,10,1.83
historical,historical__M08028413,31,1,TRUE,TRUE,4410,10,2
historical,historical__M08028552,341,1,TRUE,TRUE,2288,10,0
historical,historical__M08032494,12,1,TRUE,TRUE,2523,4,1.39
historical,historical__Q00477815,12,1,TRUE,TRUE,3769,3,0.65
historical,historical__Q00478133,22,1,TRUE,TRUE,15594,0.5,0.21
historical,historical__Q00479380,71,1,TRUE,TRUE,10000,5,1.25
historical,historical__Q00479675,17,1,TRUE,TRUE,2500,3,0.82
historical,historical__Q00480833,14,2,TRUE,TRUE,5525,2,0.45647058823529413
historical,historical__Q00482934,51,1,TRUE,TRUE,5750,4,0
historical,historical__Q00484021,25,1,FALSE,TRUE,2850,3,0
historical,historical__Q00484597,80,1,TRUE,TRUE,13503,2.43,0
historical,historical__Q00488928,44,1,TRUE,TRUE,2960,2.43,0
historical,historical__Q00489289,15,1,TRUE,TRUE,4000,2,0
historical,historical__Q00490821,51,1,TRUE,TRUE,7816,3.44,0
historical,historical__Q00494799,14,1,TRUE,TRUE,2521,2,0
historical,historical__Q00497139,45,1,TRUE,TRUE,7600,3.44,0.91
historical,historical__Q00498832,51,1,TRUE,TRUE,19168,2.43,0
historical,historical__Q00499920,7,1,TRUE,TRUE,2438,2,0.55
historical,historical__Q00499931,10,1,FALSE,TRUE,6250,1.25,0
historical,historical__Q00501562,40,1,TRUE,TRUE,3826,2.43,0
historical,historical__Q00501608,7,1,TRUE,TRUE,4458,1.25,0
historical,historical__Q00501883,122,1,TRUE,TRUE,7500,5,0.95
historical,historical__Q00503708,7,1,TRUE,TRUE,2500,2,0.59
historical,historical__Q00515976,14,1,TRUE,TRUE,5005,2,0.83
historical,historical__Q00516017,9,1,TRUE,TRUE,5931,0.75,0
historical,historical__Q00523537,150,1,FALSE,TRUE,37421,2.43,1.1
historical,historical__Q00528155,164,1,TRUE,TRUE,46326,3,0.41
historical,historical__Q00528973,763,1,TRUE,TRUE,82400,7.52,2.4460922330097086
historical,historical__Q00533905,56,1,TRUE,TRUE,10000,4,0.18
historical,historical__Q00536309,25,1,FALSE,TRUE,7500,3,0.41
historical,historical__Q00540608,147,1,TRUE,TRUE,10500,2.43,0.13
historical,historical__Q00542634,10,1,TRUE,TRUE,3500,2.43,0.79
historical,historical__Q00548195,240,1,TRUE,TRUE,20425,7.52,0.15
historical,historical__Q00554634,28,1,TRUE,TRUE,3476,5,0.97
historical,historical__Q00555969,93,1,TRUE,TRUE,2125,5,0
historical,historical__Q00557681,417,1,TRUE,TRUE,25000,7.52,2.16
historical,historical__Q00559761,7,1,TRUE,TRUE,2500,2,0.42
historical,historical__Q00564746,499,1,TRUE,TRUE,76000,6.02,1.26
historical,historical__Q00567413,31,1,TRUE,TRUE,7125,4,1
historical,historical__Q00567901,10,1,TRUE,TRUE,2877,3,0
historical,historical__Q00568340,14,2,TRUE,TRUE,5000,2,0.5
historical,historical__Q00568550,25,1,TRUE,TRUE,5000,3,1
historical,historical__Q00568756,68,1,TRUE,TRUE,7220,5,0
historical,historical__Q00570018,6,1,TRUE,TRUE,4600,2,1.15
historical,historical__Q00576617,14,1,TRUE,TRUE,2175,5,1.34
historical,historical__Q00576717,29,1,TRUE,TRUE,4000,5,0.8
historical,historical__Q00577373,63,1,TRUE,TRUE,10600,3,0.75
historical,historical__Q00582096,19,1,TRUE,TRUE,6525,3,0.08
historical,historical__Q00582731,82,1,TRUE,TRUE,4700,7.52,1.94
historical,historical__Q00584570,120,1,TRUE,TRUE,26152,0.75,0.68
historical,historical__Q00586894,10,1,TRUE,TRUE,1938,2.43,0.67
historical,historical__Q00594636,26,1,TRUE,TRUE,16203,1.25,0
historical,historical__Q00595231,7,1,TRUE,TRUE,2500,2,0.46
historical,historical__Q00596656,45,1,TRUE,TRUE,8590,4,0.04
historical,historical__Q00599457,354,1,TRUE,TRUE,17423,5,0.6
historical,historical__Q00607526,170,1,TRUE,TRUE,6531,3.44,1
historical,historical__Q00608144,363,1,TRUE,TRUE,10000,7.52,0.96
historical,historical__Q00612960,99,1,TRUE,TRUE,17106,4,0.94
historical,historical__Q00614075,519,1,FALSE,TRUE,17000,10,0
historical,historical__Q00614758,36,1,TRUE,TRUE,7200,3.44,1.44
historical,historical__Q00617404,110,1,TRUE,TRUE,8700,2.43,0.38
historical,historical__Q00618542,10,1,FALSE,TRUE,1200,2.43,0
historical,historical__Q00623509,88,1,TRUE,TRUE,12290,3.44,0
historical,historical__Q00627197,78,1,TRUE,TRUE,13725,0.75,0
historical,historical__Q00627251,10,1,TRUE,TRUE,2250,3,1.25
historical,historical__Q00627252,10,1,TRUE,TRUE,2884,3,0.53
historical,historical__Q00630481,7,1,TRUE,TRUE,2523,2,0.98
historical,historical__Q00636484,55,1,TRUE,TRUE,10450,4,1.91
historical,historical__Q00638678,92,1,TRUE,TRUE,10000,3,1
historical,historical__Q00641359,173,1,TRUE,TRUE,15000,5,0.44
historical,historical__Q00645316,36,1,TRUE,TRUE,13540,2,0.92
historical,historical__Q00646536,50,1,TRUE,TRUE,7500,5,0.99
historical,historical__Q00646746,576,4,TRUE,TRUE,134853,4.516236197934047,0.22027770980252573
historical,historical__Q00649026,16,1,TRUE,TRUE,7597,2,0.38
historical,historical__Q00649207,87,1,TRUE,TRUE,2000,4,0
historical,historical__Q00650506,165,1,TRUE,TRUE,24523,3,0.42
historical,historical__Q00651672,42,1,TRUE,TRUE,4170,3,0.37
historical,historical__Q00652900,9,1,TRUE,TRUE,3642,2.43,0.4099999999999999
historical,historical__Q00654121,43,1,TRUE,TRUE,9900,3,1.99
historical,historical__Q00655889,10,1,TRUE,TRUE,2929,3,0
historical,historical__Q00657466,6,1,TRUE,TRUE,4000,1.35,0.63
historical,historical__Q00657653,524,1,TRUE,TRUE,60138,10,0
historical,historical__Q00657656,521,1,TRUE,TRUE,60138,10,0
historical,historical__Q00657682,24,1,TRUE,TRUE,2000,3,1.58
historical,historical__Q00659801,53,1,TRUE,TRUE,13418,2.43,1
historical,historical__Q00660436,137,1,TRUE,TRUE,2450,2.43,0
historical,historical__Q00662886,20,1,TRUE,TRUE,4639,3,0.58
historical,historical__Q00665096,59,1,TRUE,TRUE,11677,4,0.06
historical,historical__Q00665670,68,1,TRUE,TRUE,10176,2.43,0
historical,historical__Q00674206,310,1,TRUE,TRUE,17820,10,0
historical,historical__Q00674762,117,1,TRUE,TRUE,6900,7.52,0.87
historical,historical__Q00682330,190,1,TRUE,TRUE,11760,5,1.65
historical,historical__Q00682720,52,1,TRUE,TRUE,2500,7.52,0.68
historical,historical__Q00683000,262,2,TRUE,TRUE,76439,2.43,0
historical,historical__Q00683048,64,1,TRUE,TRUE,8800,5,0
historical,historical__Q00684348,7,1,TRUE,TRUE,2500,2,0.5
historical,historical__Q00687999,299,1,TRUE,TRUE,22760,1.25,0.65
historical,historical__Q00692280,48,1,TRUE,TRUE,12400,3.44,0.96
historical,historical__Q00696397,49,1,TRUE,TRUE,2860,5,0.66
historical,historical__Q00697427,16,1,TRUE,TRUE,2929,3,1.23
historical,historical__Q00697672,12,1,TRUE,TRUE,1400,2,0.6
historical,historical__Q00697858,42,6,TRUE,TRUE,15000,2,0
historical,historical__Q00699181,12,1,TRUE,TRUE,15840,1.25,0.15
historical,historical__Q00701894,6,1,TRUE,TRUE,2003,2,0
historical,historical__Q00702546,18,1,FALSE,TRUE,5198,1.35,0.48
historical,historical__Q00702943,1754,3,TRUE,TRUE,139128,0,0
historical,historical__Q00705947,44,1,TRUE,TRUE,8868,2.43,0
historical,historical__Q00710146,56,1,TRUE,TRUE,4460,5,1.21
historical,historical__Q00711760,60,1,TRUE,TRUE,5000,4,2
historical,historical__Q00713110,22,1,TRUE,TRUE,4998,2.43,0.8
historical,historical__Q00713167,17,1,TRUE,TRUE,6919,1.3500000000000003,2.72
historical,historical__Q00714437,46,1,TRUE,TRUE,4500,4,0.89
historical,historical__Q00715775,6,1,TRUE,TRUE,5490,0.75,0
historical,historical__Q00716326,188,1,TRUE,TRUE,3200,4,0
historical,historical__Q00718151,63,1,TRUE,TRUE,13035,4,0
historical,historical__Q00718735,69,1,TRUE,TRUE,13675,4,0
historical,historical__Q00719971,14,1,FALSE,TRUE,2500,2,0.78
historical,historical__Q00720977,17,1,TRUE,TRUE,5000,3,0.3
historical,historical__Q00721236,227,1,TRUE,TRUE,18385,5,1.68
historical,historical__Q00721898,126,1,TRUE,TRUE,14277,5,0.04
historical,historical__Q00726673,7,1,TRUE,TRUE,2402,2.43,0.91
historical,historical__Q00727941,12,1,TRUE,TRUE,15840,1.25,0.15
historical,historical__Q00733231,8,1,TRUE,TRUE,2975,2,0.52
historical,historical__Q00735003,15,1,TRUE,TRUE,3600,3,0
historical,historical__Q00736666,6,1,TRUE,TRUE,6000,0.75,0.28
historical,historical__Q00738212,121,1,TRUE,TRUE,56900,2.43,0.12
historical,historical__Q00740418,122,1,TRUE,TRUE,32939,2,0
historical,historical__Q00754013,17,1,TRUE,TRUE,2208,2.43,0.65
historical,historical__Q00761543,83,1,TRUE,TRUE,4000,2.43,0
historical,historical__Q00769076,9,1,TRUE,TRUE,6100,1.35,0.09
historical,historical__Q00769923,32,1,TRUE,TRUE,9165,2,0.26
historical,historical__Q00769990,14,1,TRUE,TRUE,2871,4,0.6
historical,historical__Q00774715,14,1,TRUE,TRUE,5000,2,0
historical,historical__Q00774850,14,1,TRUE,TRUE,7866,1.25,0.44
historical,historical__Q00775081,98,1,FALSE,TRUE,60000,2.43,0.58
historical,historical__Q00778284,23,1,TRUE,TRUE,8100,2.43,0.28
historical,historical__Q00783360,100,1,TRUE,TRUE,24221,2.43,1.07
historical,historical__Q00785002,33,1,TRUE,TRUE,6000,4,1.35
historical,historical__Q00785605,115,1,TRUE,TRUE,34500,3,1.62
historical,historical__Q00790556,131,1,FALSE,TRUE,16424,5,0.51
historical,historical__Q00791713,57,1,TRUE,TRUE,10450,2.43,0.5
historical,historical__Q00793435,66,1,TRUE,TRUE,6675,3,0.9
historical,historical__Q00796876,10,1,TRUE,TRUE,3710,3,0
historical,historical__Q07995766,8,1,FALSE,TRUE,1975,5,0
historical,historical__Q07996131,19,1,FALSE,TRUE,3000,2.43,0.2
historical,historical__Q07996979,21,1,TRUE,TRUE,2446,3,0.79
historical,historical__Q07999360,8,1,TRUE,TRUE,6550,1.25,0.33
historical,historical__Q08005225,24,1,TRUE,TRUE,2680,3,0.7
historical,historical__Q08011227,10,1,TRUE,TRUE,2472,3,1.2
historical,historical__Q08012514,106,1,TRUE,TRUE,20497,3,0
historical,historical__Q08013426,15,1,TRUE,TRUE,4000,2.43,0.48
historical,historical__Q08014693,9,1,TRUE,TRUE,3600,3,0.46
historical,historical__Q08015127,36,1,TRUE,TRUE,2975,5,0
historical,historical__Q08016879,52,1,FALSE,TRUE,10133,4,0
historical,historical__Q08021308,10,1,TRUE,TRUE,2300,2,0.73
historical,historical__Q08025120,236,1,TRUE,TRUE,58700,5,0.52
historical,historical__Q08026754,135,1,TRUE,TRUE,43313,2.43,0.32
historical,historical__Q08028710,12,1,TRUE,TRUE,4200,2.43,0.34
historical,historical__Q08029005,38,1,TRUE,TRUE,10018,4,2.03
historical,historical__Q08029074,42,1,TRUE,TRUE,10000,3,4.95
historical,historical__Q08031880,82,1,TRUE,TRUE,109424,2.43,0
historical,historical__Q08032504,881,2,TRUE,TRUE,135609,3.44,0
historical,historical__Q08034322,7,1,FALSE,TRUE,2500,2,0
historical,historical__Q08037894,27,1,FALSE,TRUE,9083,2,0.29
historical,historical__Q08051255,10,1,FALSE,TRUE,5078,2.43,2.46
historical,historical__S00499838,27,1,TRUE,TRUE,3600,2,0
historical,historical__S00563710,74,1,TRUE,TRUE,30210,2.43,0.61
historical,historical__S00661600,799,3,TRUE,TRUE,66470,2.43,0
historical,historical__X00480196,42,1,TRUE,TRUE,2500,6.02,0.91
historical,historical__X00481378,49,1,TRUE,TRUE,3987,6.02,0.56
historical,historical__X00483103,14,1,TRUE,TRUE,2711,3.44,0
historical,historical__X00484735,16,2,TRUE,TRUE,3898,3,0
historical,historical__X00486899,32,1,TRUE,TRUE,3325,3.44,0.62
historical,historical__X00487269,13,1,TRUE,TRUE,2700,3.44,0
historical,historical__X00487406,35,1,TRUE,TRUE,3325,6.02,1.01
historical,historical__X00487532,19,1,TRUE,TRUE,3275,3.44,0
historical,historical__X00489843,59,1,TRUE,TRUE,2264,6.02,0.69
historical,historical__X00493694,50,1,TRUE,TRUE,5225,6.02,0.49
historical,historical__X00493806,56,1,TRUE,TRUE,3034,3.4399999999999995,0
historical,historical__X00496544,16,2,TRUE,TRUE,5000,2.43,0.64
historical,historical__X00498497,45,1,TRUE,TRUE,2535,6.02,0.8099999999999999
historical,historical__X00499929,43,1,TRUE,TRUE,1761,3.44,0
historical,historical__X00502411,10,1,TRUE,TRUE,5092,3,0.11
historical,historical__X00506219,40,1,TRUE,TRUE,7185,3.4399999999999995,1.35
historical,historical__X00506347,11,1,TRUE,TRUE,2658,3.44,0
historical,historical__X00509011,17,1,TRUE,TRUE,3500,3.44,0
historical,historical__X00511138,11,1,TRUE,TRUE,1485,3.44,0
historical,historical__X00511291,11,1,TRUE,TRUE,1485,3.44,0
historical,historical__X00515774,11,1,TRUE,TRUE,2500,3.44,0.65
historical,historical__X00515857,154,2,TRUE,TRUE,4642,6.02,0.7032529082292115
historical,historical__X00516005,17,1,TRUE,TRUE,2850,3.44,0.46
historical,historical__X00517860,20,1,TRUE,TRUE,5008,2,0.11
historical,historical__X00518497,44,1,TRUE,TRUE,2506,6.02,0.89
historical,historical__X00520505,10,1,TRUE,TRUE,2447,2.43,0
historical,historical__X00520867,18,1,TRUE,TRUE,3677,3.44,3.81
historical,historical__X00521651,55,1,TRUE,TRUE,4883,3,0
historical,historical__X00523954,8,1,TRUE,TRUE,2933,2,0.64
historical,historical__X00525964,44,1,TRUE,TRUE,7500,3.44,0
historical,historical__X00526919,365,1,TRUE,TRUE,75284,6.02,0.73
historical,historical__X00528618,23,1,TRUE,TRUE,2856,2.43,0
historical,historical__X00530220,38,1,TRUE,TRUE,3807,3,0
historical,historical__X00538598,59,1,TRUE,TRUE,2463,3.44,1.02
historical,historical__X00541811,73,1,TRUE,TRUE,4613,3.44,0
historical,historical__X00542666,12,1,TRUE,TRUE,1198,3.44,0
historical,historical__X00544328,59,1,TRUE,TRUE,6637,6.02,0
historical,historical__X00546393,44,1,TRUE,TRUE,5000,6.02,0.69
historical,historical__X00546413,99,1,TRUE,TRUE,4241,6.02,0.75
historical,historical__X00546584,40,1,TRUE,TRUE,4770,2.43,0.8699999999999999
historical,historical__X00547065,12,1,TRUE,TRUE,2970,3,0
historical,historical__X00552335,96,1,TRUE,TRUE,5000,2.43,1.23
historical,historical__X00553144,17,1,TRUE,TRUE,4108,3.44,0.68
historical,historical__X00553697,10,1,TRUE,TRUE,5000,2.43,0
historical,historical__X00554167,11,1,TRUE,TRUE,2304,3.44,0
historical,historical__X00554868,101,1,TRUE,TRUE,1686,3.44,1.95
historical,historical__X00558445,34,1,TRUE,TRUE,6794,3.44,0
historical,historical__X00558989,8,1,TRUE,TRUE,7019,3.44,1.89
historical,historical__X00560462,14,1,TRUE,TRUE,2500,3.44,0
historical,historical__X00561795,405,2,TRUE,TRUE,37661.3,6.02,1.2337067493687153
historical,historical__X00562360,134,1,TRUE,TRUE,10458,4,0
historical,historical__X00566718,12,1,TRUE,TRUE,5621,1.25,0.23000000000000004
historical,historical__X00570619,45,1,TRUE,TRUE,7500,3.44,0
historical,historical__X00572969,15,1,TRUE,TRUE,9253,1.25,0.36
historical,historical__X00579827,45,1,TRUE,TRUE,2250,3.44,0
historical,historical__X00586599,62,1,TRUE,TRUE,3500,6.02,0.95
historical,historical__X00587608,163,1,TRUE,TRUE,1858,3.44,0
historical,historical__X00588048,20,1,TRUE,TRUE,4549,2.43,0
historical,historical__X00588660,200,1,TRUE,TRUE,31200,4,0.97
historical,historical__X00591403,10,1,TRUE,TRUE,5000,2.43,0
historical,historical__X00592786,38,1,TRUE,TRUE,7973,1.25,0
historical,historical__X00594578,39,1,TRUE,TRUE,2588,2.43,0.41
historical,historical__X00594958,15,1,TRUE,TRUE,2970,3.44,0
historical,historical__X00596480,32,1,TRUE,TRUE,7500,2.43,0.55
historical,historical__X00596890,17,2,TRUE,TRUE,5846,2.43,0.42999999999999994
historical,historical__X00598191,16,1,TRUE,TRUE,5000,2.43,0.6
historical,historical__X00598750,25,1,TRUE,TRUE,11180,2.43,0.28
historical,historical__X00599800,92,1,TRUE,TRUE,6790,3,0
historical,historical__X00599806,44,1,TRUE,TRUE,3358,6.02,0.44
historical,historical__X00602987,483,1,TRUE,TRUE,162200,3.44,0
historical,historical__X00610084,25,1,TRUE,TRUE,5000,3.44,0.59
historical,historical__X00610421,36,1,TRUE,TRUE,4791,3.4400000000000004,0.55
historical,historical__X00611146,37,1,TRUE,TRUE,3563,2.43,0.07
historical,historical__X00619685,9,1,TRUE,TRUE,2000,3.44,0
historical,historical__X00619862,218,1,TRUE,TRUE,2625,3.44,0
historical,historical__X00622829,51,1,TRUE,TRUE,5766,6.02,0.65
historical,historical__X00625848,33,1,TRUE,TRUE,2500,3.44,0.64
historical,historical__X00627045,236,1,TRUE,TRUE,25000,3.44,0.26
historical,historical__X00628306,78,1,TRUE,TRUE,3125,6.02,0
historical,historical__X00633905,115,1,TRUE,TRUE,2500,3.44,0.94
historical,historical__X00634103,90,1,TRUE,TRUE,12536,5,0.97
historical,historical__X00634339,128,1,TRUE,TRUE,5247,3.44,0.28
historical,historical__X00636463,54,1,TRUE,TRUE,3023,6.02,0.54
historical,historical__X00640159,90,1,TRUE,TRUE,11160,4.2,0.07
historical,historical__X00640655,10,1,TRUE,TRUE,2539,3,0
historical,historical__X00640964,84,1,TRUE,TRUE,19000,3,0.46
historical,historical__X00643054,81,1,TRUE,TRUE,1458,6.02,2.1
historical,historical__X00643715,448,1,TRUE,TRUE,35000,6.02,1.13
historical,historical__X00643959,177,1,TRUE,TRUE,61278,3.44,0.86
historical,historical__X00648530,452,1,TRUE,TRUE,44541,6.0200000000000005,1.8600000000000003
historical,historical__X00649440,69,1,TRUE,TRUE,4250,3.44,3
historical,historical__X00652159,55,1,TRUE,TRUE,6250,6.02,0.7
historical,historical__X00653463,12,1,TRUE,TRUE,2000,3.44,0
historical,historical__X00654441,29,1,TRUE,TRUE,5000,4,0.56
historical,historical__X00655372,28,1,TRUE,TRUE,1440,3.4400000000000004,0
historical,historical__X00655494,41,1,TRUE,TRUE,3742,2.43,0.5599999999999999
historical,historical__X00655703,38,1,TRUE,TRUE,7506,3.44,0.23
historical,historical__X00655827,14,1,TRUE,TRUE,4329,2.43,0.54
historical,historical__X00657730,89,1,TRUE,TRUE,14500,3,1
historical,historical__X00660666,21,1,TRUE,TRUE,3655,3.4399999999999995,0.32000000000000006
historical,historical__X00660806,37,1,TRUE,TRUE,4220,2.43,0.41
historical,historical__X00663647,10,1,TRUE,TRUE,2500,3.44,0.52
historical,historical__X00664644,44,1,TRUE,TRUE,6750,3.44,0
historical,historical__X00665113,15,1,TRUE,TRUE,2000,3.44,0
historical,historical__X00666215,50,1,TRUE,TRUE,12069,2.43,0.4
historical,historical__X00668558,29,1,TRUE,TRUE,5000,3.44,2.12
historical,historical__X00670154,31,1,TRUE,TRUE,5401,3,0
historical,historical__X00670404,34,1,TRUE,TRUE,3591,6.02,0.37
historical,historical__X00672165,31,1,TRUE,TRUE,5000,2.43,1
historical,historical__X00672299,18,1,TRUE,TRUE,3796,4,0.41
historical,historical__X00672809,12,1,TRUE,TRUE,2500,3.44,0.58
historical,historical__X00675318,14,1,TRUE,TRUE,2750,3.44,0.51
historical,historical__X00676863,40,1,TRUE,TRUE,9348,2.43,0.22999999999999998
historical,historical__X00676895,18,1,TRUE,TRUE,5000,3.44,0.81
historical,historical__X00678791,55,1,TRUE,TRUE,5075,3.44,1.34
historical,historical__X00678814,53,1,TRUE,TRUE,10362,3.44,0.4699999999999999
historical,historical__X00679065,33,1,TRUE,TRUE,3555,3.4399999999999995,0
historical,historical__X00679142,21,1,TRUE,TRUE,2375,2.43,0
historical,historical__X00679772,54,1,TRUE,TRUE,4322,6.02,0.58
historical,historical__X00681066,37,1,TRUE,TRUE,5526,2.43,0
historical,historical__X00682437,104,1,TRUE,TRUE,4026,3.44,0
historical,historical__X00683302,15,1,TRUE,TRUE,3045,3.44,0.43
historical,historical__X00683304,20,1,TRUE,TRUE,2000,3.44,0.35
historical,historical__X00683317,13,1,TRUE,TRUE,2698,3.4399999999999995,0.33
historical,historical__X00683341,23,1,TRUE,TRUE,5350,2.43,0.45
historical,historical__X00684422,21,1,TRUE,TRUE,2500,6.02,1.15
historical,historical__X00684439,22,1,TRUE,TRUE,2503,6.02,1.14
historical,historical__X00684456,21,1,TRUE,TRUE,2375,6.02,0.56
historical,historical__X00685476,28,1,TRUE,TRUE,3137,3.4400000000000004,0
historical,historical__X00685698,99,1,TRUE,TRUE,2606,3.44,0
historical,historical__X00685796,7,1,FALSE,TRUE,2188,3.44,0
historical,historical__X00687107,42,1,TRUE,TRUE,7325,3,0
historical,historical__X00687136,39,1,TRUE,TRUE,2096,6.02,0.78
historical,historical__X00687592,19,1,TRUE,TRUE,5000,3,0.67
historical,historical__X00687757,59,1,TRUE,TRUE,2500,3.44,0
historical,historical__X00687838,29,1,TRUE,TRUE,2500,3.44,0.4
historical,historical__X00688341,46,1,TRUE,TRUE,4620,3.44,0.51
historical,historical__X00691380,30,1,TRUE,TRUE,1660,3.44,0.9900000000000001
historical,historical__X00692593,83,1,TRUE,TRUE,4717,3.44,0.35
historical,historical__X00693416,68,1,TRUE,TRUE,2850,6.02,1.08
historical,historical__X00693446,79,1,TRUE,TRUE,18000,3,0.46
historical,historical__X00694049,90,1,TRUE,TRUE,2561,3.44,0.84
historical,historical__X00694314,24,1,TRUE,TRUE,2750,6.02,1.25
historical,historical__X00695344,126,1,TRUE,TRUE,64645,2.43,0.84
historical,historical__X00695405,71,1,TRUE,TRUE,14250,3.44,0.93
historical,historical__X00696576,100,1,TRUE,TRUE,3175,3.44,0
historical,historical__X00697895,11,1,TRUE,TRUE,2500,3.44,0.75
historical,historical__X00699014,29,1,TRUE,TRUE,5530,3.44,0.89
historical,historical__X00699418,28,1,TRUE,TRUE,3178,6.02,0.45000000000000007
historical,historical__X00699553,7,1,TRUE,TRUE,2375,2.43,0.53
historical,historical__X00700005,45,1,TRUE,TRUE,5530,3,0
historical,historical__X00701794,9,1,TRUE,TRUE,2000,3.44,0
historical,historical__X00702219,34,1,TRUE,TRUE,6250,3.44,0.59
historical,historical__X00702424,19,1,TRUE,TRUE,4331,2.43,0.42
historical,historical__X00702588,79,1,TRUE,TRUE,60979,4,0.17
historical,historical__X00705496,111,1,TRUE,TRUE,22790,2.43,1.14
historical,historical__X00705832,30,1,TRUE,TRUE,9189,2.43,0.4600000000000001
historical,historical__X00706011,16,1,TRUE,TRUE,5000,2.43,0.61
historical,historical__X00706075,52,1,TRUE,TRUE,1667,6.0200000000000005,0.78
historical,historical__X00706485,44,1,TRUE,TRUE,4759,3.44,0.49
historical,historical__X00707697,93,1,TRUE,TRUE,2310,6.02,1.9300000000000002
historical,historical__X00708456,10,1,TRUE,TRUE,2850,3,0
historical,historical__X00709422,127,1,TRUE,TRUE,15000,3.44,2
historical,historical__X00710266,59,1,TRUE,TRUE,4900,3.44,0.9
historical,historical__X00710727,26,1,TRUE,TRUE,3267,3.44,0
historical,historical__X00713265,23,1,TRUE,TRUE,2575,6.02,0
historical,historical__X00714431,46,1,TRUE,TRUE,9312,3.44,0
historical,historical__X00716620,87,1,TRUE,TRUE,6821,3.4399999999999995,0
historical,historical__X00716700,25,1,TRUE,TRUE,5733,3,0.57
historical,historical__X00717934,16,1,TRUE,TRUE,5000,2.43,0
historical,historical__X00718144,81,1,TRUE,TRUE,7500,6.02,0
historical,historical__X00718298,13,1,TRUE,TRUE,2700,3.44,0
historical,historical__X00718663,153,1,TRUE,TRUE,8716,3.44,0.56
historical,historical__X00719256,16,1,TRUE,TRUE,5000,2.43,0
historical,historical__X00719684,51,1,TRUE,TRUE,2854,4,0.64
historical,historical__X00721483,13,1,TRUE,TRUE,4050,2.43,0
historical,historical__X00724876,34,1,TRUE,TRUE,5300,2.43,0.41
historical,historical__X00727101,79,1,TRUE,TRUE,6480,2.43,0
historical,historical__X00728896,32,1,TRUE,TRUE,2430,2.43,0
historical,historical__X00729880,247,1,TRUE,TRUE,22885,6.02,2.46
historical,historical__X00735128,110,1,TRUE,TRUE,10834,6.02,0
historical,historical__X00737153,9,1,TRUE,TRUE,1780,3.44,0
historical,historical__X00738444,24,1,TRUE,TRUE,2783,6.02,0.61
historical,historical__X00740738,27,1,TRUE,TRUE,3395,6.02,0.78
historical,historical__X00740778,23,1,TRUE,TRUE,2720,6.02,0.85
historical,historical__X00741218,53,1,TRUE,TRUE,4507,3.44,0.45
historical,historical__X00742070,13,1,TRUE,TRUE,2271,3.44,0
historical,historical__X00742662,44,1,TRUE,TRUE,4393,3.44,0.35
historical,historical__X00746722,8,1,TRUE,TRUE,8654,3.44,0
historical,historical__X00746868,42,1,TRUE,TRUE,2375,6.02,0.77
historical,historical__X00747209,34,1,TRUE,TRUE,7500,3.44,0.56
historical,historical__X00749893,35,1,TRUE,TRUE,3002,3.44,0.59
historical,historical__X00750809,75,1,TRUE,TRUE,7746,6.02,0
historical,historical__X00750814,8,1,TRUE,TRUE,8654,3.44,0
historical,historical__X00750821,8,1,TRUE,TRUE,8654,3.44,0
historical,historical__X00750827,8,1,TRUE,TRUE,8654,3.44,0
historical,historical__X00750833,8,1,TRUE,TRUE,8654,3.44,0
historical,historical__X00750879,14,1,TRUE,TRUE,2900,3.44,0.67
historical,historical__X00750893,25,1,TRUE,TRUE,2859,6.0200000000000005,0.9400000000000001
historical,historical__X00750924,6,1,TRUE,TRUE,3333,1.25,0.42
historical,historical__X00752623,39,1,TRUE,TRUE,2500,3.44,0.89
historical,historical__X00752919,24,1,TRUE,TRUE,7950,2.43,0.32
historical,historical__X00754507,13,1,TRUE,TRUE,2706,3.44,0.42
historical,historical__X00754631,23,1,TRUE,TRUE,2625,6.02,0.69
historical,historical__X00755013,20,1,TRUE,TRUE,2313,6.02,0.5
historical,historical__X00756398,24,1,TRUE,TRUE,4750,3.44,0.28
historical,historical__X00757318,340,1,TRUE,TRUE,56048,3.44,0.30402512132457893
historical,historical__X00787559,115,1,TRUE,TRUE,5852,6.0200000000000005,1
historical,historical__X00791429,109,1,TRUE,TRUE,13806,4.2,0
historical,historical__X00795439,14,1,TRUE,TRUE,4275,2.43,0.45
historical,historical__X07995097,12,1,TRUE,TRUE,2500,3.44,0
historical,historical__X08006238,70,1,TRUE,TRUE,8500,3.44,1.17
historical,historical__X08006985,279,1,TRUE,TRUE,38583,4.2,0.57
historical,historical__X08007884,14,1,TRUE,TRUE,2861,3.44,0.47
historical,historical__X08011125,50,1,TRUE,TRUE,2426,3.4400000000000004,0.58
historical,historical__X08011205,97,1,TRUE,TRUE,14320,3.4399999999999995,0.5
historical,historical__X08021316,32,1,TRUE,TRUE,4750,3.44,0.42
historical,historical__X08028318,42,1,TRUE,TRUE,4105,6.02,0
historical,historical__X08028724,195,1,TRUE,TRUE,27454,6.02,1.6
historical,historical__X08029467,16,1,TRUE,TRUE,5000,2.43,0.56
historical,historical__X08029584,21,1,TRUE,TRUE,3336,3.44,0.61
historical,historical__X08031915,7,1,TRUE,TRUE,2210,2.43,0.62
historical,historical__X08039141,18,1,TRUE,TRUE,2409,6.02,0
historical,historical__X08043433,136,1,TRUE,TRUE,15140,4.2,2
historical,historical__X08045113,55,1,TRUE,TRUE,10920,3.4400000000000004,0.56
historical,historical__X08055447,31,1,TRUE,TRUE,6697,3.44,0.71
historical,historical__X08055450,9,1,TRUE,TRUE,2500,3.44,0
post_policy,post_policy__B00738795-I1,1023,3,TRUE,TRUE,241425,2.43,0
post_policy,post_policy__B01019417-I1,521,1,TRUE,TRUE,16462,10,2.4
post_policy,post_policy__B01151476-I1,55,1,TRUE,TRUE,6224,6.02,1.99
post_policy,post_policy__B01151652-I1,6,1,TRUE,TRUE,2504,2,0.26
post_policy,post_policy__B01156961-I1,16,1,TRUE,TRUE,2498,2.43,0
post_policy,post_policy__B01161645-I1,8,1,FALSE,TRUE,3781,2.43,0.65
post_policy,post_policy__B01164069-I1,12,1,TRUE,TRUE,2620,2.43,0
post_policy,post_policy__B01166584-I1,33,1,TRUE,TRUE,3075,2.43,0.45
post_policy,post_policy__B01166776-I1,86,1,TRUE,TRUE,87000,3,2.17
post_policy,post_policy__B01167646-I1,69,1,TRUE,TRUE,83000,3,2.16
post_policy,post_policy__B01167721-I1,21,1,FALSE,TRUE,10376,2,4.09
post_policy,post_policy__B01169429-I1,80,1,TRUE,TRUE,1952,4.2,1.55
post_policy,post_policy__B01170044-I1,21,1,TRUE,TRUE,2000,2.43,0
post_policy,post_policy__B01170890-I1,75,1,TRUE,TRUE,16500,2.43,0.06
post_policy,post_policy__B01172199-I1,367,4,TRUE,TRUE,46692,4,1.06
post_policy,post_policy__B01173539-I1,283,1,FALSE,TRUE,40000,3.44,0
post_policy,post_policy__B01174267-I1,56,1,TRUE,TRUE,10000,3,1.04
post_policy,post_policy__B01174451-I1,15,1,TRUE,TRUE,4000,2.43,0.47
post_policy,post_policy__B01176410-I1,17,1,TRUE,TRUE,4000,2.43,0.48
post_policy,post_policy__B01176445-I1,15,1,TRUE,TRUE,3500,2.43,0.59
post_policy,post_policy__B01176928-I1,273,2,TRUE,TRUE,821806,0.5,0.54
post_policy,post_policy__B01179777-I1,8,1,FALSE,TRUE,3000,3,1.13
post_policy,post_policy__B01181306-I1,7,1,TRUE,TRUE,2500,3,0.6
post_policy,post_policy__B01182303-I1,20,1,TRUE,TRUE,3223,4,0
post_policy,post_policy__B01182731-I1,7,1,TRUE,TRUE,2500,2,0
post_policy,post_policy__B01184928-I1,49,1,TRUE,TRUE,5376,3,1
post_policy,post_policy__B01186213-I1,7,1,TRUE,TRUE,2517,2.43,0.4600000000000001
post_policy,post_policy__B01188539-I1,6,1,TRUE,TRUE,1875,3,0
post_policy,post_policy__B01189471-I1,6,1,TRUE,TRUE,2001,2.43,0
post_policy,post_policy__B01189780-I1,24,1,TRUE,TRUE,5500,2.43,0.53
post_policy,post_policy__B01190376-I1,46,1,TRUE,TRUE,6454,4,0.98
post_policy,post_policy__B01190465-I1,8,1,TRUE,FALSE,NA,NA,NA
post_policy,post_policy__B01192946-I1,53,1,TRUE,TRUE,9330,2.43,1.31
post_policy,post_policy__B01193522-I1,10,1,TRUE,TRUE,2525,3,0
post_policy,post_policy__B01193893-I1,21,1,TRUE,TRUE,2904,4.2,1.32
post_policy,post_policy__B01193931-I1,14,1,TRUE,TRUE,5062,2,0
post_policy,post_policy__B01194358-I1,12,1,TRUE,TRUE,1882,2.43,0.47
post_policy,post_policy__B01196136-I1,28,1,TRUE,TRUE,1575,3,0
post_policy,post_policy__B01196476-I1,213,1,TRUE,TRUE,49397,1.25,0
post_policy,post_policy__B01197124-I1,17,1,TRUE,TRUE,2712,4,1.7200000000000002
post_policy,post_policy__B01197262-I1,6,1,TRUE,TRUE,2787,0.75,0
post_policy,post_policy__B01199018-I1,10,1,TRUE,TRUE,2700,2.43,0.65
post_policy,post_policy__B01201310-I1,8,1,TRUE,TRUE,2500,2.43,0
post_policy,post_policy__B01201594-I1,30,1,TRUE,TRUE,6222,3,0.45
post_policy,post_policy__B01201815-I1,47,1,TRUE,TRUE,6380,4,0.7800000000000001
post_policy,post_policy__B01201936-I1,11,1,TRUE,TRUE,20190,0,1.88
post_policy,post_policy__B01202234-I1,18,1,TRUE,TRUE,4100,2.43,0.5
post_policy,post_policy__B01202361-I1,28,2,TRUE,TRUE,5000,4.2,0
post_policy,post_policy__B01202447-I1,19,1,TRUE,TRUE,3200,4,2.55
post_policy,post_policy__B01203257-I1,7,1,TRUE,TRUE,2100,2.43,0
post_policy,post_policy__B01203284-I1,79,1,TRUE,TRUE,7670,6.02,1.96
post_policy,post_policy__B01203713-I1,29,1,TRUE,TRUE,5000,2,0
post_policy,post_policy__B01204032-I1,59,1,TRUE,TRUE,10600,3,0.15
post_policy,post_policy__B01204725-I1,21,1,TRUE,TRUE,3008,2.43,0
post_policy,post_policy__B01205619-I1,21,1,TRUE,TRUE,6388,2.43,0.38
post_policy,post_policy__B01205999-I1,23,1,TRUE,TRUE,4000,2.43,0.65
post_policy,post_policy__B01206874-I1,99,1,TRUE,TRUE,7237.85,2.43,0
post_policy,post_policy__B01207321-I1,16,1,TRUE,TRUE,3000,2.43,1.21
post_policy,post_policy__B01207648-I1,8,1,TRUE,TRUE,3280,1.25,0
post_policy,post_policy__B01208799-I1,99,1,TRUE,TRUE,2500,2.43,1
post_policy,post_policy__B01209048-I1,26,1,FALSE,TRUE,3698,2.43,1.2
post_policy,post_policy__B01209356-I1,24,1,TRUE,TRUE,4626,4,0.24
post_policy,post_policy__B01209812-I1,6,1,TRUE,TRUE,2750,1.25,0
post_policy,post_policy__B01210082-I1,6,1,TRUE,TRUE,2000,2.43,0.51
post_policy,post_policy__B01213419-I1,14,1,TRUE,TRUE,1480,3,0
post_policy,post_policy__B01214702-I1,17,1,TRUE,TRUE,4000,3,0.58
post_policy,post_policy__B01215534-I1,12,1,TRUE,TRUE,5800,1.25,0.44
post_policy,post_policy__B01216521-I1,40,1,TRUE,TRUE,2310,2.43,0
post_policy,post_policy__B01217769-I1,10,1,TRUE,TRUE,3748,2.43,0.66
post_policy,post_policy__B01218835-I1,24,1,TRUE,TRUE,8246,1.25,0
post_policy,post_policy__B01219952-I1,15,2,TRUE,FALSE,3090,2,0
post_policy,post_policy__B01220888-I1,17,1,TRUE,TRUE,3867,2.43,0.97
post_policy,post_policy__B01222238-I1,17,1,TRUE,TRUE,4000,2.43,0.49
post_policy,post_policy__B01225073-I1,122,1,TRUE,TRUE,2500,0,0
post_policy,post_policy__B01225389-I1,30,1,TRUE,TRUE,2125,3,1.47
post_policy,post_policy__B01225438-I1,14,1,TRUE,TRUE,2500,1.35,0
post_policy,post_policy__B01225983-I1,198,2,TRUE,TRUE,20653,6.02,0.21
post_policy,post_policy__B01227440-I1,28,1,TRUE,TRUE,4762,4,0.64
post_policy,post_policy__B01227844-I1,10,1,TRUE,TRUE,1290,3,0
post_policy,post_policy__B01228897-I1,10,1,TRUE,TRUE,2000,2.43,0
post_policy,post_policy__B01229088-I1,50,1,TRUE,TRUE,1600,4,2.8
post_policy,post_policy__B01229668-I1,6,1,TRUE,TRUE,6173,0.75,0.43
post_policy,post_policy__B01229848-I1,8,1,TRUE,TRUE,3000,2,0.6
post_policy,post_policy__B01232724-I1,10,1,TRUE,TRUE,2562,3,0
post_policy,post_policy__B01232767-I1,17,1,TRUE,TRUE,1875,4,0
post_policy,post_policy__B01233603-I1,17,1,TRUE,TRUE,8000,1.25,0.28
post_policy,post_policy__B01234480-I1,50,1,TRUE,TRUE,9947,2.43,0
post_policy,post_policy__B01236312-I1,8,1,FALSE,TRUE,2700,3,0
post_policy,post_policy__B01237574-I1,8,1,TRUE,TRUE,5102,1.35,0
post_policy,post_policy__B01238121-I1,44,1,TRUE,TRUE,5862,0,0
post_policy,post_policy__B01238590-I1,23,1,TRUE,TRUE,4000,2,1.15
post_policy,post_policy__B01239985-I1,11,1,TRUE,TRUE,2500,1.35,0
post_policy,post_policy__B01245122-I1,20,1,TRUE,TRUE,7500,3,0
post_policy,post_policy__B01245472-I1,13,1,FALSE,TRUE,6500,2,0
post_policy,post_policy__B01246023-I1,99,1,TRUE,TRUE,5400,2,0
post_policy,post_policy__B01246098-I1,51,1,TRUE,TRUE,10000,2.43,1
post_policy,post_policy__B01248951-I1,35,1,TRUE,TRUE,9000,4,1.06
post_policy,post_policy__B01249173-I1,99,1,TRUE,TRUE,1745,6.02,2.04
post_policy,post_policy__B01249210-I1,37,1,TRUE,TRUE,2100,2.43,0
post_policy,post_policy__B01249710-I1,99,1,TRUE,TRUE,8282,0,0.94
post_policy,post_policy__B01251027-I1,26,1,TRUE,TRUE,2652,2.43,1.37
post_policy,post_policy__B01251221-I1,20,1,TRUE,TRUE,2125,2.43,0.46
post_policy,post_policy__B01251974-I1,10,1,TRUE,TRUE,1908,3,0.72
post_policy,post_policy__B01252041-I1,74,1,TRUE,TRUE,12870,0,0.93
post_policy,post_policy__B01252682-I1,29,1,TRUE,TRUE,7140,4,0.54
post_policy,post_policy__B01253556-I1,53,1,TRUE,TRUE,4000,3,0
post_policy,post_policy__B01253690-I1,6,1,TRUE,TRUE,2950,1.25,0
post_policy,post_policy__B01254233-I1,23,1,TRUE,TRUE,2000,1.25,0
post_policy,post_policy__B01254252-I1,6,1,TRUE,TRUE,1385,3,1.29
post_policy,post_policy__B01255387-I1,99,1,TRUE,TRUE,28292,2,0
post_policy,post_policy__B01255657-I1,18,1,TRUE,TRUE,5283,2,0.38999999999999996
post_policy,post_policy__B01255973-I1,12,1,TRUE,FALSE,NA,NA,NA
post_policy,post_policy__B01256001-I1,12,1,TRUE,TRUE,5000,4,0.5
post_policy,post_policy__B01256572-I1,198,2,TRUE,TRUE,17533,4.2,1.14
post_policy,post_policy__B01256977-I1,12,1,TRUE,TRUE,2025,4,0.83
post_policy,post_policy__B01257530-I1,11,1,TRUE,TRUE,3500,2.43,0.32
post_policy,post_policy__B01257744-I1,21,1,TRUE,TRUE,2923,4,0
post_policy,post_policy__B01259800-I1,27,1,TRUE,TRUE,8400,2.43,0.3
post_policy,post_policy__B01261078-I1,17,1,TRUE,TRUE,4000,2.43,0.77
post_policy,post_policy__B01261700-I1,28,1,TRUE,TRUE,4000,2.43,0.46
post_policy,post_policy__B01263086-I1,8,1,TRUE,TRUE,3233,4.2,0
post_policy,post_policy__B01263191-I1,7,1,TRUE,TRUE,4310,1.25,0
post_policy,post_policy__B01263817-I1,16,1,TRUE,TRUE,1200,4.2,0
post_policy,post_policy__B01263961-I1,15,1,TRUE,TRUE,2003,2,0
post_policy,post_policy__B01264375-I1,47,1,TRUE,TRUE,9000,3,1.09
post_policy,post_policy__B01264512-I1,25,1,TRUE,TRUE,4378,2.43,0.32
post_policy,post_policy__B01265876-I1,6,1,TRUE,TRUE,2500,2,1.06
post_policy,post_policy__B01266301-I1,25,1,TRUE,TRUE,3066,2.43,0
post_policy,post_policy__B01266991-I1,15,1,TRUE,TRUE,2200,1.25,0
post_policy,post_policy__B01267863-I1,13,1,TRUE,TRUE,2574,4.2,1.28
post_policy,post_policy__B01267961-I1,12,1,TRUE,TRUE,690,3,1.9599999999999997
post_policy,post_policy__B01268141-I1,14,1,FALSE,TRUE,2000,4.2,0.91
post_policy,post_policy__B01268437-I1,198,2,TRUE,TRUE,30000,3.44,0.8
post_policy,post_policy__B01268544-I1,99,1,TRUE,TRUE,20000,2.43,0
post_policy,post_policy__B01269810-I1,38,1,TRUE,TRUE,8620,4.2,0
post_policy,post_policy__B01270785-I1,7,1,TRUE,TRUE,2000,1.25,0
post_policy,post_policy__B01271705-I1,97,1,TRUE,TRUE,59600,2.43,0.38
post_policy,post_policy__B01271979-I1,187,1,TRUE,TRUE,4800,4,2.78
post_policy,post_policy__B01273633-I1,8,1,TRUE,TRUE,7787,1.25,2.21
post_policy,post_policy__B01274077-I1,12,1,TRUE,TRUE,4000,2.43,0.36
post_policy,post_policy__B01274111-I1,16,1,TRUE,TRUE,35250,3,0
post_policy,post_policy__B01274779-I1,6,1,TRUE,TRUE,1535,6.02,0
post_policy,post_policy__B01274924-I1,35,1,TRUE,TRUE,4000,4,0.7
post_policy,post_policy__B01276224-I1,158,1,TRUE,TRUE,8330,10,3
post_policy,post_policy__B01276343-I1,14,1,TRUE,TRUE,7487,2,1
post_policy,post_policy__B01276949-I1,6,1,TRUE,TRUE,6010,2.43,1.1
post_policy,post_policy__B01277514-I1,6,1,TRUE,TRUE,1950,2.43,0
post_policy,post_policy__B01278364-I1,125,2,TRUE,TRUE,32996,4,1.205
post_policy,post_policy__B01278555-I1,123,1,TRUE,TRUE,17051,2,0
post_policy,post_policy__B01278989-I1,22,1,TRUE,TRUE,7500,2.43,1.74
post_policy,post_policy__B01279497-I1,19,1,TRUE,TRUE,9600,0.75,0.28
post_policy,post_policy__B01280057-I1,23,1,TRUE,TRUE,4000,2.43,0.41
post_policy,post_policy__B01280400-I1,68,1,TRUE,TRUE,10330,2.43,1.02
post_policy,post_policy__B01282705-I1,27,1,TRUE,TRUE,11020,0.75,0.14
post_policy,post_policy__B01282774-I1,6,1,TRUE,TRUE,2833,1.25,0.57
post_policy,post_policy__B01283545-I1,55,1,TRUE,TRUE,17000,2.43,1
post_policy,post_policy__B01284658-I1,22,1,TRUE,TRUE,3126,4.2,0
post_policy,post_policy__B01285363-I1,23,1,TRUE,TRUE,4100,2.43,0.55
post_policy,post_policy__B01286523-I1,13,1,TRUE,TRUE,2325,2,0.97
post_policy,post_policy__B01287171-I1,18,1,TRUE,TRUE,2850,3,0
post_policy,post_policy__B01288782-I1,10,1,TRUE,TRUE,2080,3,0
post_policy,post_policy__B01288936-I1,14,1,TRUE,TRUE,1400,3,0
post_policy,post_policy__B01290362-I1,33,1,TRUE,TRUE,4879,4.2,1.42
post_policy,post_policy__B01290649-I1,244,1,FALSE,TRUE,63254,2.43,2.04
post_policy,post_policy__B01292122-I1,13,1,TRUE,TRUE,5800,1.25,0.48
post_policy,post_policy__B01292860-I1,21,1,TRUE,TRUE,5352,3,0
post_policy,post_policy__B01293368-I1,29,1,TRUE,TRUE,5830,2.43,0.9699999999999999
post_policy,post_policy__B01293782-I1,8,1,TRUE,TRUE,2375,2,0.4
post_policy,post_policy__B01294089-I1,12,1,TRUE,TRUE,16500,2.43,0.07
post_policy,post_policy__B01295381-I1,49,1,TRUE,TRUE,23500,2.43,0
post_policy,post_policy__B01295651-I1,10,1,TRUE,TRUE,4000,0.75,0
post_policy,post_policy__B01295753-I1,35,1,TRUE,TRUE,2900,2.43,0.83
post_policy,post_policy__B01296606-I1,17,1,TRUE,TRUE,2070,0,0
post_policy,post_policy__B01297506-I1,10,1,TRUE,TRUE,1833,4.2,1
post_policy,post_policy__B01297622-I1,198,2,TRUE,TRUE,44200,1.25,0
post_policy,post_policy__B01297629-I1,85,1,TRUE,TRUE,6455,6.02,1.01
post_policy,post_policy__B01297781-I1,11,1,FALSE,TRUE,2500,2.43,0
post_policy,post_policy__B01297948-I1,50,1,TRUE,TRUE,3600,3,0.49
post_policy,post_policy__B01299926-I1,40,1,FALSE,TRUE,23818,2.43,0
post_policy,post_policy__B01299947-I1,80,1,FALSE,TRUE,1440422,0,0
post_policy,post_policy__B01299955-I1,40,1,FALSE,TRUE,1440422,0,0
post_policy,post_policy__B01299958-I1,80,1,FALSE,FALSE,NA,NA,NA
post_policy,post_policy__B01299964-I1,80,1,FALSE,FALSE,NA,NA,NA
post_policy,post_policy__B01299980-I1,40,1,FALSE,FALSE,NA,NA,NA
post_policy,post_policy__B01301055-I1,8,1,TRUE,TRUE,4044,1.25,0.55
post_policy,post_policy__B01304513-I1,8,1,TRUE,TRUE,3781,2.43,0.57
post_policy,post_policy__B01305637-I1,130,2,TRUE,TRUE,5062,6.02,0.8398814697747925
post_policy,post_policy__B01307174-I1,10,1,TRUE,TRUE,2683,1.25,0.81
post_policy,post_policy__B01308806-I1,26,1,TRUE,TRUE,17159,2.43,0
post_policy,post_policy__B01309948-I1,21,1,TRUE,TRUE,2522,2.43,0
post_policy,post_policy__B01310062-I1,8,1,TRUE,TRUE,5017,1.25,0.49
post_policy,post_policy__B01312241-I1,17,1,TRUE,TRUE,2330,2.43,1.07
post_policy,post_policy__B01312761-I1,1060,2,TRUE,TRUE,173834,2.43,0.008628921844978543
post_policy,post_policy__B01313756-I1,29,1,TRUE,TRUE,10000,1.35,0.68
post_policy,post_policy__B01314291-I1,6,1,TRUE,TRUE,2500,4,1.65
post_policy,post_policy__B01315432-I1,85,1,TRUE,TRUE,1575,6.02,1
post_policy,post_policy__B01316595-I1,396,4,TRUE,TRUE,38118,0,0.21
post_policy,post_policy__B01316713-I1,39,1,TRUE,TRUE,2500,3,0.3
post_policy,post_policy__B01317812-I1,14,1,TRUE,TRUE,7463,0.75,0.3
post_policy,post_policy__B01318629-I1,402,1,TRUE,TRUE,105382,2.43,2.145138642550273
post_policy,post_policy__B01320755-I1,10,1,TRUE,TRUE,6017,2.43,0.56
post_policy,post_policy__B01320823-I1,99,1,TRUE,TRUE,12590,2.43,0.08737092930897537
post_policy,post_policy__B01320883-I1,29,1,TRUE,TRUE,28275,1.25,0.35
post_policy,post_policy__B01320997-I1,51,1,TRUE,TRUE,5277,3,0.85
post_policy,post_policy__B01322526-I1,55,1,TRUE,TRUE,8650,4,2.06
post_policy,post_policy__B01323239-I1,9,1,TRUE,TRUE,4000,1.25,0.28
post_policy,post_policy__B01325256-I1,26,1,TRUE,TRUE,4675,4,0.56
post_policy,post_policy__B01325937-I1,259,1,TRUE,TRUE,13109,3,0.99
post_policy,post_policy__B01325938-I1,117,1,TRUE,TRUE,58431,3,0.01
post_policy,post_policy__B01326334-I1,8,1,TRUE,TRUE,2200,2,0
post_policy,post_policy__B01326503-I1,6,1,TRUE,TRUE,2000,2.43,0
post_policy,post_policy__B01327122-I1,153,1,TRUE,TRUE,11533,2.43,1.24
post_policy,post_policy__B01327155-I1,84,1,TRUE,TRUE,7424,2.43,1.64
post_policy,post_policy__B01327164-I1,60,1,TRUE,TRUE,4600,2.43,0.96
post_policy,post_policy__B01327363-I1,99,1,TRUE,TRUE,9262,2.43,12.1
post_policy,post_policy__B01327466-I1,21,1,TRUE,TRUE,7133,1.25,0.22
post_policy,post_policy__B01327545-I1,22,1,TRUE,TRUE,4000,1.35,0.55
post_policy,post_policy__B01328056-I1,99,1,TRUE,TRUE,13587,10,0
post_policy,post_policy__B01328084-I1,6,1,TRUE,TRUE,2000,2,0
post_policy,post_policy__B01328207-I1,6,1,TRUE,TRUE,2500,2.43,0.31
post_policy,post_policy__B01328396-I1,25,1,FALSE,TRUE,6000,2.43,0
post_policy,post_policy__B01328440-I1,114,2,TRUE,TRUE,20000,2.43,1
post_policy,post_policy__B01329460-I1,9,1,TRUE,TRUE,2500,2,0.64
post_policy,post_policy__B01329666-I1,17,1,TRUE,TRUE,11500,2,0.47
post_policy,post_policy__B01330190-I1,141,1,TRUE,TRUE,7800,3,0
post_policy,post_policy__B01330433-I1,8,1,TRUE,TRUE,10000,2.43,0.6
post_policy,post_policy__B01331029-I1,34,1,TRUE,TRUE,4310,2.43,0.86
post_policy,post_policy__B01331189-I1,53,1,TRUE,TRUE,3745,4,0
post_policy,post_policy__B01332121-I1,327,1,TRUE,TRUE,6700,4,0.86
post_policy,post_policy__B01332608-I1,59,1,TRUE,TRUE,2000,0,1.47
post_policy,post_policy__B01334385-I1,27,1,TRUE,TRUE,1113,3,0
post_policy,post_policy__B01335005-I1,21,1,TRUE,TRUE,10533,0.75,0.75
post_policy,post_policy__B01335160-I1,12,1,TRUE,TRUE,2000,2,0
post_policy,post_policy__B01336182-I1,10,1,TRUE,TRUE,2400,3,2.61
post_policy,post_policy__B01336599-I1,18,1,TRUE,TRUE,2143,2.43,0
post_policy,post_policy__B01337345-I1,302,1,TRUE,FALSE,NA,NA,NA
post_policy,post_policy__B01339846-I1,22,1,TRUE,TRUE,3230,4,1
post_policy,post_policy__B01339874-I1,70,1,TRUE,TRUE,2736,4,1.78
post_policy,post_policy__B01340191-I1,6,1,TRUE,TRUE,2500,2,0.88
post_policy,post_policy__B01340730-I1,48,1,FALSE,TRUE,2129,0,0
post_policy,post_policy__B01340930-I1,8,1,TRUE,TRUE,1218,2,0
post_policy,post_policy__B01341355-I1,80,1,TRUE,TRUE,6360,0,1
post_policy,post_policy__B01341540-I1,18,1,TRUE,TRUE,4100,2.43,0.71
post_policy,post_policy__B01341650-I1,7,1,TRUE,TRUE,2500,2,0
post_policy,post_policy__B01342166-I1,11,1,TRUE,FALSE,NA,NA,NA
post_policy,post_policy__B01342709-I1,95,1,TRUE,TRUE,12697,0,0.9199999999999999
post_policy,post_policy__B01347372-I1,8,1,TRUE,TRUE,2109,3,0
post_policy,post_policy__B01347462-I1,40,1,TRUE,TRUE,10000,2.43,0.3
post_policy,post_policy__B01348174-I1,77,1,TRUE,TRUE,25000,4,1
post_policy,post_policy__B01348178-I1,16,1,TRUE,TRUE,2500,4,1.5
post_policy,post_policy__B01348242-I1,94,1,TRUE,TRUE,5250,2.43,0.26
post_policy,post_policy__B01348392-I1,73,1,TRUE,TRUE,6000,0.75,0.92
post_policy,post_policy__B01348890-I1,197,2,TRUE,TRUE,27042,4,0.5453013830337993
post_policy,post_policy__B01349019-I1,20,2,TRUE,TRUE,8765,2.43,0.3885852823730747
post_policy,post_policy__B01349788-I1,55,1,TRUE,TRUE,2000,2.43,0
post_policy,post_policy__B01350174-I1,280,3,TRUE,FALSE,30162,3.8395994960546385,0.5802002519726809
post_policy,post_policy__B01350570-I1,99,1,TRUE,TRUE,15000,2.43,1.85
post_policy,post_policy__B01350955-I1,20,1,TRUE,TRUE,5995,4,1
post_policy,post_policy__B01352178-I1,165,1,TRUE,TRUE,2500,2.43,0.56
post_policy,post_policy__B01352508-I1,10,1,TRUE,TRUE,4000,2.43,0
post_policy,post_policy__B01352664-I1,29,1,TRUE,TRUE,5497,1.25,0
post_policy,post_policy__B01352714-I1,78,1,TRUE,TRUE,6250,4,0.67
post_policy,post_policy__B01353092-I1,22,1,TRUE,TRUE,1911,3.44,2.14
post_policy,post_policy__B01354779-I1,63,1,TRUE,TRUE,6855,0.75,0
post_policy,post_policy__B01356232-I1,34,1,TRUE,TRUE,4000,2.43,0.73
post_policy,post_policy__B01357632-I1,56,1,TRUE,TRUE,2000,2.43,0
post_policy,post_policy__B01358059-I1,14,1,TRUE,TRUE,1788,3,0.97
post_policy,post_policy__B01358487-I1,45,1,TRUE,TRUE,1600,3,0
post_policy,post_policy__B01358527-I1,69,1,TRUE,TRUE,2000,0,0
post_policy,post_policy__B01359723-I1,6,1,TRUE,TRUE,2000,2.43,0
post_policy,post_policy__B01360530-I1,45,1,TRUE,TRUE,5000,2.43,0.5
post_policy,post_policy__B01361090-I1,31,1,TRUE,TRUE,4000,2.43,0.44
post_policy,post_policy__B01362967-I1,70,1,TRUE,TRUE,4914,6.02,0
post_policy,post_policy__B01363074-I1,8,1,TRUE,TRUE,2500,3,1.41
post_policy,post_policy__B01363430-I1,42,1,TRUE,TRUE,6425,3.44,0.97
post_policy,post_policy__B01364772-I1,36,1,TRUE,TRUE,2700,7.52,1
post_policy,post_policy__B01365066-I1,27,1,TRUE,TRUE,4175,2.43,1.72
post_policy,post_policy__B01365225-I1,10,1,TRUE,TRUE,4000,2,0.45
post_policy,post_policy__B01366205-I1,12,1,TRUE,TRUE,2744,2.43,0.67
post_policy,post_policy__B01367549-I1,34,1,TRUE,TRUE,1817,2.43,0.6899999999999998
post_policy,post_policy__B01367848-I1,65,1,TRUE,TRUE,5965,4,1
post_policy,post_policy__B01367960-I1,10,1,TRUE,TRUE,3500,2,0
post_policy,post_policy__B01368061-I1,11,1,TRUE,TRUE,2120,4.2,0
post_policy,post_policy__B01370571-I1,20,1,TRUE,TRUE,9000,0.75,0.63
post_policy,post_policy__B01370830-I1,14,1,TRUE,TRUE,2500,4,2.55
post_policy,post_policy__B01371177-I1,18,1,TRUE,TRUE,12690,1.35,0
post_policy,post_policy__B01373413-I1,71,1,TRUE,TRUE,12380,0,0.4099999999999999
post_policy,post_policy__B01373493-I1,71,1,TRUE,TRUE,5000,4,0
post_policy,post_policy__B01373573-I1,10,1,TRUE,TRUE,2504,2,0.77
post_policy,post_policy__B01373634-I1,96,1,TRUE,TRUE,7286,0,1.14
post_policy,post_policy__B01374176-I1,7,1,TRUE,TRUE,1532,2.43,0
post_policy,post_policy__B01374436-I1,6,1,TRUE,TRUE,6000,1.25,0.58
post_policy,post_policy__B01374856-I1,51,1,TRUE,TRUE,24157,1.25,0.09000000000000001
post_policy,post_policy__B01375113-I1,23,1,TRUE,TRUE,2000,2.43,0.84
post_policy,post_policy__B01375530-I1,98,1,TRUE,TRUE,16600,1.25,0.56
post_policy,post_policy__B01376426-I1,85,1,TRUE,TRUE,7500,2,1.5
post_policy,post_policy__B01376613-I1,73,1,TRUE,TRUE,4244,0,1
post_policy,post_policy__B01377276-I1,14,1,TRUE,TRUE,2500,3,0.42
post_policy,post_policy__B01377452-I1,157,1,TRUE,TRUE,35662,6.02,0.79
post_policy,post_policy__B01377733-I1,25,1,TRUE,TRUE,8500,1.25,0.58
post_policy,post_policy__B01379089-I1,55,1,TRUE,TRUE,1875,4,1.48
post_policy,post_policy__B01379312-I1,24,1,TRUE,TRUE,8591,1.35,0.29
post_policy,post_policy__B01379434-I1,75,1,TRUE,TRUE,6000,6.02,1.89
post_policy,post_policy__B01379437-I1,75,1,TRUE,TRUE,3400,2.43,1.47
post_policy,post_policy__B01379995-I1,16,1,TRUE,TRUE,2500,2,0.43
post_policy,post_policy__B01380483-I1,7,1,TRUE,TRUE,2500,1.25,0
post_policy,post_policy__B01381465-I1,10,1,FALSE,TRUE,4275,2.43,0
post_policy,post_policy__B01381870-I1,59,1,TRUE,TRUE,4000,4,0.48
post_policy,post_policy__B01385132-I1,12,1,TRUE,TRUE,2717,3,0.8399999999999999
post_policy,post_policy__B01385319-I1,6,1,TRUE,TRUE,3000,1.35,0
post_policy,post_policy__B01386156-I1,7,1,TRUE,TRUE,2000,3,0
post_policy,post_policy__B01390326-I1,228,3,TRUE,TRUE,37620,0,0.83
post_policy,post_policy__B01391270-I1,60,1,TRUE,TRUE,5000,2.43,0.27
post_policy,post_policy__B01391600-I1,10,1,TRUE,TRUE,6000,2,1.36
post_policy,post_policy__B01393179-I1,13,1,TRUE,TRUE,4000,2.43,0
post_policy,post_policy__B01393288-I1,7,1,TRUE,FALSE,NA,NA,NA
post_policy,post_policy__B01395686-I1,22,1,TRUE,TRUE,5061,2.43,2.05
post_policy,post_policy__B01398835-I1,45,1,TRUE,TRUE,2700,2.43,0.66
post_policy,post_policy__B01399120-I1,85,1,TRUE,TRUE,8518,4,1
post_policy,post_policy__B01400199-I1,224,1,TRUE,TRUE,16675,0,0.02
post_policy,post_policy__B01401790-I1,6,1,TRUE,TRUE,1800,2.43,0.41
post_policy,post_policy__B01401889-I1,31,1,TRUE,TRUE,4632,2.43,2.35
post_policy,post_policy__B01402482-I1,23,1,TRUE,TRUE,3275,3,0
post_policy,post_policy__B01403349-I1,15,1,TRUE,TRUE,6664,2,0.37
post_policy,post_policy__B01404767-I1,12,1,TRUE,TRUE,1885,2,0
post_policy,post_policy__B01405711-I1,18,1,TRUE,TRUE,4100,2.43,0.3
post_policy,post_policy__B01405960-I1,42,1,TRUE,TRUE,4000,4,0.71
post_policy,post_policy__B01408961-I1,198,2,TRUE,TRUE,15704,0,0.9898509933774834
post_policy,post_policy__B01409426-I1,99,1,TRUE,TRUE,16435,2,0.67
post_policy,post_policy__B01410734-I1,20,1,TRUE,TRUE,4958,1.25,0
post_policy,post_policy__B01411828-I1,99,1,TRUE,FALSE,NA,NA,NA
post_policy,post_policy__B01412138-I1,169,1,TRUE,FALSE,NA,NA,NA
post_policy,post_policy__B01412655-I1,430,2,TRUE,FALSE,NA,NA,NA
post_policy,post_policy__B01414331-I1,12,1,TRUE,TRUE,3486,3,1.23
post_policy,post_policy__B01415308-I1,76,1,TRUE,TRUE,1943,6.02,1.5
post_policy,post_policy__B01418533-I1,7,1,TRUE,TRUE,1603,2,0.98
post_policy,post_policy__B01419135-I1,48,1,TRUE,TRUE,5000,4.2,0.65
post_policy,post_policy__B01419789-I1,8,1,TRUE,TRUE,2400,2.43,0
post_policy,post_policy__B01420894-I1,12,1,TRUE,TRUE,2000,4,0
post_policy,post_policy__B01422332-I1,147,1,TRUE,TRUE,12519,10,0
post_policy,post_policy__B01424708-I1,30,1,TRUE,TRUE,4778,2.43,1
post_policy,post_policy__M01030184-I1,282,1,FALSE,TRUE,34848,3.44,2.3
post_policy,post_policy__M01148044-I1,30,1,TRUE,TRUE,2375,3.44,0.69
post_policy,post_policy__M01152650-I1,12,1,TRUE,TRUE,1243,3.44,0
post_policy,post_policy__M01153465-I1,570,2,TRUE,TRUE,60505,3.4399999999999995,0.19
post_policy,post_policy__M01155663-I1,190,1,TRUE,TRUE,19983,6.02,1
post_policy,post_policy__M01164499-I1,36,1,TRUE,TRUE,18070,6.02,6.09
post_policy,post_policy__M01167063-I1,12,1,TRUE,TRUE,2581,0,0
post_policy,post_policy__M01189399-I1,66,1,TRUE,TRUE,3000,10,3.15
post_policy,post_policy__M01196888-I1,48,1,TRUE,TRUE,3761,10,0
post_policy,post_policy__M01203893-I1,20,1,TRUE,TRUE,3030,6.02,2.97
post_policy,post_policy__M01209233-I1,282,1,FALSE,TRUE,14647,6.02,0.81
post_policy,post_policy__M01220215-I1,9,1,TRUE,TRUE,2210,10,3.9899999999999998
post_policy,post_policy__M01230688-I1,43,1,TRUE,TRUE,1590,6.02,0
post_policy,post_policy__M01230881-I1,15,1,TRUE,TRUE,3020,6.02,0.9900000000000001
post_policy,post_policy__M01231645-I1,276,1,TRUE,TRUE,1825,3.44,1.34
post_policy,post_policy__M01241552-I1,113,1,TRUE,TRUE,9239,10,2.03
post_policy,post_policy__M01243425-I1,77,1,TRUE,TRUE,9555,10,5.04
post_policy,post_policy__M01248702-I1,7,1,TRUE,TRUE,2467,3.44,3.83
post_policy,post_policy__M01251433-I1,7,1,TRUE,TRUE,2425,4,0
post_policy,post_policy__M01257136-I1,47,2,TRUE,TRUE,8805,3,0
post_policy,post_policy__M01257465-I1,83,1,TRUE,TRUE,5225,4.2,0.47
post_policy,post_policy__M01260000-I1,217,1,FALSE,TRUE,29275,6.02,1.55
post_policy,post_policy__M01265797-I1,18,1,TRUE,TRUE,2510,6.02,3.35
post_policy,post_policy__M01268347-I1,278,1,TRUE,TRUE,19256,4,5.06
post_policy,post_policy__M01270610-I1,85,1,TRUE,TRUE,1395,7.52,0
post_policy,post_policy__M01272711-I1,6,1,TRUE,TRUE,2554,4,0
post_policy,post_policy__M01273621-I1,54,1,TRUE,TRUE,2067,10,2.57
post_policy,post_policy__M01274330-I1,459,1,FALSE,TRUE,44295,6.02,2.45
post_policy,post_policy__M01274493-I1,84,1,TRUE,TRUE,7632,4,0
post_policy,post_policy__M01279610-I1,32,1,TRUE,TRUE,2198,6.02,2.46
post_policy,post_policy__M01280065-I1,72,1,TRUE,TRUE,2898,3.4399999999999995,0.55
post_policy,post_policy__M01280354-I1,6,1,TRUE,TRUE,1873,3.44,0
post_policy,post_policy__M01282164-I1,15,1,TRUE,TRUE,2153,4.2,0
post_policy,post_policy__M01282953-I1,15,1,TRUE,TRUE,3414,10,2.1
post_policy,post_policy__M01283731-I1,10,1,TRUE,TRUE,2275,4,0
post_policy,post_policy__M01290581-I1,21,1,TRUE,TRUE,5054,7.519999999999999,3.6999999999999997
post_policy,post_policy__M01293643-I1,41,1,TRUE,TRUE,3078,7.52,0
post_policy,post_policy__M01294550-I1,8,1,TRUE,TRUE,1905,3,0
post_policy,post_policy__M01301888-I1,86,1,TRUE,TRUE,10050,7.52,3.23
post_policy,post_policy__M01304775-I1,8,1,TRUE,TRUE,2125,3.44,0.66
post_policy,post_policy__M01305839-I1,197,2,TRUE,TRUE,17282,6.019999999999999,2.2999976854530724
post_policy,post_policy__M01306253-I1,99,1,TRUE,TRUE,5612,10,0
post_policy,post_policy__M01318077-I1,14,1,TRUE,TRUE,1917,10,0
post_policy,post_policy__M01318466-I1,96,1,TRUE,TRUE,13624,3.44,0
post_policy,post_policy__M01323220-I1,51,1,TRUE,TRUE,10042,6.02,5.89
post_policy,post_policy__M01325392-I1,86,1,TRUE,TRUE,7807,10,3.74
post_policy,post_policy__M01335408-I1,88,1,TRUE,TRUE,1557,10,0.74
post_policy,post_policy__M01335998-I1,86,1,TRUE,TRUE,10849,3,1.08
post_policy,post_policy__M01338581-I1,693,7,TRUE,FALSE,36281,10,0
post_policy,post_policy__M01339025-I1,88,1,TRUE,TRUE,2500,6.02,0
post_policy,post_policy__M01339782-I1,20,1,TRUE,TRUE,1913,6.02,0
post_policy,post_policy__M01352171-I1,16,1,TRUE,TRUE,2323,6.02,2.44
post_policy,post_policy__M01352841-I1,62,1,TRUE,TRUE,2469,7.519999999999999,1
post_policy,post_policy__M01358817-I1,12,1,TRUE,TRUE,2498,3.4399999999999995,2.63
post_policy,post_policy__M01360104-I1,300,1,FALSE,TRUE,49375,10,0
post_policy,post_policy__M01361353-I1,70,1,TRUE,TRUE,2038,10,3.63
post_policy,post_policy__M01363005-I1,211,1,TRUE,TRUE,25691,3.44,2.7999999999999994
post_policy,post_policy__M01363035-I1,481,1,TRUE,TRUE,3505,10,0
post_policy,post_policy__M01364168-I1,29,1,TRUE,TRUE,3250,10,2
post_policy,post_policy__M01366344-I1,12,1,TRUE,TRUE,2498,4,4.03
post_policy,post_policy__M01368684-I1,21,1,TRUE,TRUE,4375,3.44,5.19
post_policy,post_policy__M01369116-I1,99,1,FALSE,TRUE,20365,4,1.01
post_policy,post_policy__M01369988-I1,16,1,TRUE,TRUE,2500,3.44,0
post_policy,post_policy__M01370073-I1,141,1,TRUE,TRUE,2500,10,4
post_policy,post_policy__M01370578-I1,456,1,TRUE,TRUE,12333,10,0
post_policy,post_policy__M01372322-I1,95,1,TRUE,TRUE,4758,0,2.16
post_policy,post_policy__M01373185-I1,75,1,TRUE,FALSE,NA,NA,NA
post_policy,post_policy__M01373193-I1,69,1,TRUE,TRUE,3935,6.02,2.39
post_policy,post_policy__M01373235-I1,105,1,FALSE,TRUE,12172,7.519999999999999,0
post_policy,post_policy__M01376293-I1,95,1,TRUE,TRUE,5628,10,0
post_policy,post_policy__M01377138-I1,120,1,TRUE,TRUE,6172,10,0
post_policy,post_policy__M01382130-I1,430,1,TRUE,TRUE,15075,10,8.88
post_policy,post_policy__M01387640-I1,20,1,TRUE,TRUE,1338,6.02,1
post_policy,post_policy__M01393124-I1,171,2,TRUE,TRUE,10064,3.4400000000000004,0
post_policy,post_policy__M01396956-I1,27,1,TRUE,TRUE,5000,3.44,2.6
post_policy,post_policy__M01400243-I1,50,1,TRUE,TRUE,2639,10,2.91
post_policy,post_policy__M01405104-I1,6,1,TRUE,TRUE,1648,6.02,1
post_policy,post_policy__Q00976282-I1,16,1,TRUE,TRUE,2850,2.43,0.45
post_policy,post_policy__Q01025398-I1,706,1,TRUE,TRUE,139558,6.02,0
post_policy,post_policy__Q01081356-I1,9,1,TRUE,TRUE,4620,3,0
post_policy,post_policy__Q01111758-I1,53,1,TRUE,TRUE,13375,3,0.8
post_policy,post_policy__Q01117795-I1,59,1,TRUE,TRUE,8000,4,0
post_policy,post_policy__Q01127079-I1,27,1,TRUE,TRUE,2400,3,0.48
post_policy,post_policy__Q01148313-I1,14,1,TRUE,TRUE,3230,3,0.63
post_policy,post_policy__Q01149759-I1,39,1,FALSE,TRUE,13647,2,0
post_policy,post_policy__Q01150703-I1,89,1,TRUE,TRUE,5175,3,0.45
post_policy,post_policy__Q01150733-I1,89,1,TRUE,TRUE,10320,5,1.26
post_policy,post_policy__Q01154656-I1,23,1,TRUE,TRUE,3839,4,0
post_policy,post_policy__Q01157077-I1,89,1,TRUE,TRUE,58700,3,1.89
post_policy,post_policy__Q01159553-I1,14,1,TRUE,TRUE,3630,3,0.48
post_policy,post_policy__Q01164389-I1,11,1,TRUE,TRUE,2788,2,0.9000000000000001
post_policy,post_policy__Q01169174-I1,35,1,TRUE,TRUE,6000,2,0.47
post_policy,post_policy__Q01177035-I1,21,1,TRUE,TRUE,3334,3.44,0.47000000000000003
post_policy,post_policy__Q01177691-I1,230,3,TRUE,TRUE,47365.13,1.25,0
post_policy,post_policy__Q01178202-I1,9,1,TRUE,TRUE,4387,1.25,0.51
post_policy,post_policy__Q01179016-I1,30,1,TRUE,TRUE,3439,2.43,0
post_policy,post_policy__Q01182912-I1,20,1,TRUE,TRUE,4701,3,0.84
post_policy,post_policy__Q01183594-I1,22,1,TRUE,TRUE,9872,1.25,0
post_policy,post_policy__Q01183635-I1,57,1,TRUE,TRUE,6368,2.43,0.12
post_policy,post_policy__Q01189789-I1,154,2,TRUE,TRUE,19886,4,0.7755813134868752
post_policy,post_policy__Q01196791-I1,310,1,TRUE,TRUE,60610,0.5,0.44
post_policy,post_policy__Q01197266-I1,43,1,TRUE,TRUE,4890,5,1.8799999999999997
post_policy,post_policy__Q01197853-I1,99,1,TRUE,TRUE,15580,0.75,0.31
post_policy,post_policy__Q01197909-I1,20,1,TRUE,TRUE,2000,1.25,0.9
post_policy,post_policy__Q01201790-I1,27,1,FALSE,TRUE,9170,1.35,0.6
post_policy,post_policy__Q01203592-I1,84,1,TRUE,TRUE,5000,10,0
post_policy,post_policy__Q01205884-I1,17,1,TRUE,TRUE,2600,2,0
post_policy,post_policy__Q01206649-I1,185,2,TRUE,TRUE,19802,2.43,0.7945662054337945
post_policy,post_policy__Q01207697-I1,86,2,TRUE,TRUE,26524,1.25,0
post_policy,post_policy__Q01213391-I1,6,1,TRUE,TRUE,2200,2,0
post_policy,post_policy__Q01216684-I1,7,1,TRUE,TRUE,2252,2,0.8
post_policy,post_policy__Q01216692-I1,9,1,TRUE,TRUE,2450,2,1
post_policy,post_policy__Q01217045-I1,13,1,TRUE,TRUE,5475,1.35,0.57
post_policy,post_policy__Q01219029-I1,26,1,TRUE,TRUE,4000,5,1.2
post_policy,post_policy__Q01219474-I1,12,2,TRUE,FALSE,2000,2.43,1.05
post_policy,post_policy__Q01223124-I1,6,1,TRUE,TRUE,2500,2,0.67
post_policy,post_policy__Q01223823-I1,99,1,TRUE,TRUE,34173,3,0.67
post_policy,post_policy__Q01226130-I1,32,1,TRUE,TRUE,2000,10,1.95
post_policy,post_policy__Q01226562-I1,94,1,TRUE,TRUE,16000,4,0.11
post_policy,post_policy__Q01228195-I1,479,1,TRUE,TRUE,127000,2.43,2.1
post_policy,post_policy__Q01228656-I1,55,1,TRUE,TRUE,6840,5,1.46
post_policy,post_policy__Q01233524-I1,213,1,TRUE,TRUE,24238,5,0
post_policy,post_policy__Q01234060-I1,53,1,TRUE,TRUE,8052,3,0.13
post_policy,post_policy__Q01237492-I1,12,1,TRUE,TRUE,3265,3,0.8700000000000001
post_policy,post_policy__Q01241345-I1,20,1,TRUE,TRUE,3667,3,0.63
post_policy,post_policy__Q01242193-I1,124,1,TRUE,TRUE,17350,2,0
post_policy,post_policy__Q01242296-I1,6,1,TRUE,TRUE,2610,2,0.93
post_policy,post_policy__Q01243880-I1,591,6,TRUE,TRUE,39349.5,5,1.0252352569757806
post_policy,post_policy__Q01246317-I1,44,1,TRUE,TRUE,7366,1.1,0
post_policy,post_policy__Q01246536-I1,56,1,TRUE,TRUE,25235,0.5,0.14
post_policy,post_policy__Q01247998-I1,12,1,TRUE,TRUE,2149,3,0.34
post_policy,post_policy__Q01252831-I1,24,1,TRUE,TRUE,4375,3,0.57
post_policy,post_policy__Q01254135-I1,29,1,TRUE,TRUE,10833,0.75,0.11000000000000001
post_policy,post_policy__Q01254595-I1,429,2,TRUE,TRUE,39003,3.6382585954926543,1.0114606568725482
post_policy,post_policy__Q01254598-I1,10,1,TRUE,TRUE,6000,1.35,1.73
post_policy,post_policy__Q01254688-I1,10,1,TRUE,TRUE,2205,2.43,0.95
post_policy,post_policy__Q01255929-I1,15,1,TRUE,TRUE,5344,2,0.41
post_policy,post_policy__Q01257109-I1,26,1,TRUE,TRUE,4501,2.43,0.94
post_policy,post_policy__Q01257354-I1,9,1,TRUE,TRUE,6135,0,0.38
post_policy,post_policy__Q01261008-I1,253,3,TRUE,TRUE,31691,4.6708844782430345,1.261477391057398
post_policy,post_policy__Q01261189-I1,133,2,TRUE,TRUE,52380,1.25,0
post_policy,post_policy__Q01261622-I1,31,1,TRUE,TRUE,5000,5,1
post_policy,post_policy__Q01262024-I1,8,1,TRUE,TRUE,4600,1.25,0.91
post_policy,post_policy__Q01262724-I1,9,1,TRUE,TRUE,4360,2,0.4799999999999999
post_policy,post_policy__Q01263805-I1,387,1,TRUE,TRUE,33950,7.52,0
post_policy,post_policy__Q01266074-I1,286,3,TRUE,FALSE,44299,2.43,0
post_policy,post_policy__Q01266649-I1,36,2,TRUE,TRUE,8488,1.1,0.43
post_policy,post_policy__Q01270242-I1,58,1,TRUE,FALSE,NA,NA,NA
post_policy,post_policy__Q01273138-I1,22,1,TRUE,TRUE,4975,2,0
post_policy,post_policy__Q01273433-I1,28,1,TRUE,TRUE,6200,2.43,0.39
post_policy,post_policy__Q01274348-I1,26,1,TRUE,TRUE,4499,2.43,0
post_policy,post_policy__Q01274353-I1,50,1,TRUE,TRUE,6348,7.52,1.85
post_policy,post_policy__Q01275550-I1,300,1,TRUE,TRUE,44270,3.44,0
post_policy,post_policy__Q01275800-I1,560,1,TRUE,TRUE,75335,0,0.43
post_policy,post_policy__Q01278129-I1,177,2,TRUE,TRUE,10000,10,0
post_policy,post_policy__Q01283118-I1,12,1,TRUE,TRUE,2250,2.43,1.01
post_policy,post_policy__Q01283772-I1,176,2,TRUE,TRUE,10000,5,0.84
post_policy,post_policy__Q01284406-I1,7,1,TRUE,TRUE,2808,2,0.5
post_policy,post_policy__Q01285795-I1,32,1,TRUE,TRUE,4000,5,1
post_policy,post_policy__Q01285957-I1,24,1,TRUE,TRUE,6525,3,1.15
post_policy,post_policy__Q01288130-I1,234,3,TRUE,FALSE,19000,7.105263157894737,1
post_policy,post_policy__Q01288509-I1,50,1,TRUE,TRUE,5000,5,0.4
post_policy,post_policy__Q01289631-I1,227,1,TRUE,TRUE,22682,4,0.01
post_policy,post_policy__Q01289649-I1,173,1,TRUE,TRUE,10000,4,0.08
post_policy,post_policy__Q01292334-I1,6,1,TRUE,TRUE,2500,1.25,0.48
post_policy,post_policy__Q01294536-I1,16,1,TRUE,TRUE,4960,2,0
post_policy,post_policy__Q01297449-I1,99,1,TRUE,TRUE,6460,2.43,0
post_policy,post_policy__Q01297475-I1,26,1,TRUE,TRUE,3750,4,0.8
post_policy,post_policy__Q01297947-I1,45,1,TRUE,TRUE,1680,1.25,0
post_policy,post_policy__Q01301298-I1,56,1,TRUE,TRUE,12000,2.43,0.58
post_policy,post_policy__Q01305115-I1,6,1,TRUE,TRUE,2500,1.25,0.44
post_policy,post_policy__Q01306272-I1,14,1,TRUE,TRUE,2506,2.43,4.46
post_policy,post_policy__Q01310882-I1,6,1,TRUE,TRUE,6160,0.5,0.18
post_policy,post_policy__Q01311038-I1,121,1,TRUE,TRUE,36000,1.35,0.64
post_policy,post_policy__Q01311738-I1,8,1,TRUE,TRUE,3125,2,0
post_policy,post_policy__Q01312530-I1,7,1,TRUE,TRUE,2500,2,0.46
post_policy,post_policy__Q01314166-I1,56,1,TRUE,TRUE,6020,5,2.96
post_policy,post_policy__Q01316403-I1,16,2,TRUE,FALSE,4559,2,0.56
post_policy,post_policy__Q01317360-I1,133,2,TRUE,TRUE,18555,0.75,0
post_policy,post_policy__Q01317435-I1,105,1,FALSE,TRUE,2500,5,0.71
post_policy,post_policy__Q01321774-I1,23,1,TRUE,TRUE,2280,2.43,0.78
post_policy,post_policy__Q01321936-I1,6,1,TRUE,TRUE,123600,0,0.01
post_policy,post_policy__Q01322445-I1,17,1,TRUE,TRUE,9250,1.25,0.28
post_policy,post_policy__Q01327168-I1,156,1,TRUE,FALSE,NA,NA,NA
post_policy,post_policy__Q01327614-I1,105,1,FALSE,TRUE,4252,1.25,1
post_policy,post_policy__Q01331303-I1,139,2,TRUE,TRUE,28975,3,1.81
post_policy,post_policy__Q01332495-I1,147,1,TRUE,TRUE,7493,0,0
post_policy,post_policy__Q01332573-I1,74,1,TRUE,TRUE,36000,0.75,0
post_policy,post_policy__Q01334547-I1,56,1,TRUE,TRUE,6426,5,0.53
post_policy,post_policy__Q01335532-I1,72,1,TRUE,TRUE,9850,4,0
post_policy,post_policy__Q01337462-I1,62,1,TRUE,TRUE,9310,3,1.411559993947647
post_policy,post_policy__Q01338971-I1,289,3,TRUE,TRUE,18500,2.43,0.7189189189189189
post_policy,post_policy__Q01339840-I1,55,1,TRUE,TRUE,10000,0.75,0.19
post_policy,post_policy__Q01348692-I1,88,1,TRUE,TRUE,23800,4,0.78
post_policy,post_policy__Q01349116-I1,14,1,TRUE,TRUE,2360,2.43,0.89
post_policy,post_policy__Q01350371-I1,79,1,TRUE,TRUE,8000,3,0.94
post_policy,post_policy__Q01351121-I1,79,1,TRUE,TRUE,2500,5,0.65
post_policy,post_policy__Q01351567-I1,6,1,TRUE,TRUE,1849,2,0.52
post_policy,post_policy__Q01355642-I1,14,1,TRUE,TRUE,6937,1.25,0.3
post_policy,post_policy__Q01358193-I1,181,1,TRUE,TRUE,8000,2.43,2.98
post_policy,post_policy__Q01359877-I1,83,1,TRUE,TRUE,7500,2.43,1.67
post_policy,post_policy__Q01360550-I1,62,1,TRUE,TRUE,10000,4,0
post_policy,post_policy__Q01363758-I1,37,1,TRUE,TRUE,2478,5,1
post_policy,post_policy__Q01366543-I1,71,1,TRUE,TRUE,6710,0.5,0
post_policy,post_policy__Q01367014-I1,285,1,TRUE,TRUE,13460,6.02,1.41
post_policy,post_policy__Q01367701-I1,8,1,TRUE,TRUE,5094,0.5,0.69
post_policy,post_policy__Q01368573-I1,27,1,TRUE,TRUE,2500,3,1.94
post_policy,post_policy__Q01369413-I1,10,1,TRUE,TRUE,7998,0.75,0.5
post_policy,post_policy__Q01370714-I1,28,1,TRUE,TRUE,6026,2,1.23
post_policy,post_policy__Q01371758-I1,46,1,TRUE,TRUE,8000,2.43,0.47
post_policy,post_policy__Q01372175-I1,43,1,TRUE,TRUE,4008,4,0.49
post_policy,post_policy__Q01372263-I1,54,1,TRUE,TRUE,5000,3,0.32
post_policy,post_policy__Q01372550-I1,21,1,TRUE,TRUE,1875,2.43,0
post_policy,post_policy__Q01373869-I1,41,1,TRUE,TRUE,8125,4,1.19
post_policy,post_policy__Q01374880-I1,15,1,TRUE,TRUE,3470,3,1
post_policy,post_policy__Q01375903-I1,93,1,TRUE,TRUE,20000,3,1.6
post_policy,post_policy__Q01376083-I1,6,1,TRUE,TRUE,5683,0.75,0.4600000000000001
post_policy,post_policy__Q01376570-I1,108,1,TRUE,TRUE,14128,3,0
post_policy,post_policy__Q01377260-I1,74,1,TRUE,TRUE,7000,5,0.46
post_policy,post_policy__Q01379385-I1,137,1,FALSE,TRUE,20880,1.25,0
post_policy,post_policy__Q01381898-I1,26,1,TRUE,TRUE,4680,3,0.9300000000000002
post_policy,post_policy__Q01385871-I1,23,1,TRUE,TRUE,2500,2,0.36
post_policy,post_policy__Q01386972-I1,99,1,TRUE,TRUE,6722,1.25,0
post_policy,post_policy__Q01388823-I1,198,2,TRUE,TRUE,13454,0,0.754046380258659
post_policy,post_policy__Q01389162-I1,91,1,TRUE,TRUE,7600,5,0.19
post_policy,post_policy__Q01391142-I1,38,1,TRUE,TRUE,4965,5,1
post_policy,post_policy__Q01392067-I1,16,1,TRUE,TRUE,5000,1.25,0.83
post_policy,post_policy__Q01392216-I1,10,1,TRUE,TRUE,2250,1.25,0.5
post_policy,post_policy__Q01392882-I1,16,1,TRUE,TRUE,5042,1.25,0.46
post_policy,post_policy__Q01395583-I1,68,1,TRUE,TRUE,2000,2.43,0.74
post_policy,post_policy__Q01400983-I1,6,1,TRUE,TRUE,3800,1.25,0.66
post_policy,post_policy__Q01403184-I1,48,2,TRUE,TRUE,7500,3,0.5966666666666667
post_policy,post_policy__Q01404406-I1,17,1,TRUE,TRUE,2936,3,0
post_policy,post_policy__Q01409428-I1,18,1,TRUE,TRUE,4300,3,0.27
post_policy,post_policy__Q01412354-I1,99,1,TRUE,TRUE,17932,0,1.02
post_policy,post_policy__Q01412564-I1,17,1,TRUE,TRUE,5838,1.35,0.73
post_policy,post_policy__Q01412952-I1,168,2,TRUE,FALSE,NA,NA,NA
post_policy,post_policy__Q01414913-I1,15,1,TRUE,TRUE,3266,3,0.7900000000000001
post_policy,post_policy__Q01415856-I1,108,2,TRUE,TRUE,9422,4,0.6721439184886435
post_policy,post_policy__Q01416407-I1,176,2,TRUE,FALSE,28500,0,0.03
post_policy,post_policy__Q01421621-I1,60,1,TRUE,TRUE,15875,2.43,1.94
post_policy,post_policy__Q01425201-I1,10,1,FALSE,TRUE,1136266,2.43,0.98
post_policy,post_policy__S01222096-I1,129,2,TRUE,FALSE,24579,2.43,0.67
post_policy,post_policy__S01271498-I1,6,1,TRUE,TRUE,2125,2.43,0
post_policy,post_policy__S01324750-I1,20,1,TRUE,TRUE,5060,2.43,0
post_policy,post_policy__S01328926-I1,148,2,TRUE,TRUE,39940,2,0
post_policy,post_policy__S01330466-I1,89,1,TRUE,TRUE,6300,2.43,0
post_policy,post_policy__S01340695-I1,15,1,TRUE,TRUE,7500,0.5,0.26
post_policy,post_policy__S01412771-I1,26,1,TRUE,TRUE,6547,2.43,1.53
post_policy,post_policy__X00932163-I1,329,1,TRUE,TRUE,162200,3.44,0
post_policy,post_policy__X00945951-I1,347,1,TRUE,TRUE,54172,6.0200000000000005,0
post_policy,post_policy__X01059040-I1,213,1,TRUE,TRUE,14000,4,0.79
post_policy,post_policy__X01074672-I1,25,1,TRUE,TRUE,5625,2.43,0
post_policy,post_policy__X01089171-I1,56,1,TRUE,TRUE,3240,6.02,0.99
post_policy,post_policy__X01129497-I1,45,2,TRUE,TRUE,4748,3.44,0
post_policy,post_policy__X01129499-I1,68,1,TRUE,TRUE,3500,6.02,1.12
post_policy,post_policy__X01130512-I1,15,1,TRUE,TRUE,3300,4,0.45
post_policy,post_policy__X01131311-I1,49,1,TRUE,TRUE,5250,3,0.51
post_policy,post_policy__X01133461-I1,60,1,FALSE,TRUE,5000,3.44,1.05
post_policy,post_policy__X01139238-I1,16,1,TRUE,TRUE,2375,3.44,0.65
post_policy,post_policy__X01140437-I1,48,1,TRUE,TRUE,10541,3.44,1
post_policy,post_policy__X01150556-I1,113,2,TRUE,TRUE,20000,3,1.35
post_policy,post_policy__X01150557-I1,76,1,TRUE,TRUE,5928,6.02,0.95
post_policy,post_policy__X01150558-I1,80,1,TRUE,TRUE,10906,4,2.05
post_policy,post_policy__X01156469-I1,28,1,TRUE,TRUE,5000,2.43,0.63
post_policy,post_policy__X01157279-I1,213,1,TRUE,TRUE,53725,2.43,0
post_policy,post_policy__X01157822-I1,22,1,TRUE,TRUE,2500,6.02,1.09
post_policy,post_policy__X01162972-I1,6,1,TRUE,TRUE,1821,2.43,0
post_policy,post_policy__X01165951-I1,14,1,TRUE,TRUE,2500,4,0
post_policy,post_policy__X01166460-I1,78,1,TRUE,TRUE,7998,6.02,1.5
post_policy,post_policy__X01169727-I1,53,1,TRUE,TRUE,2500,6.02,1.48
post_policy,post_policy__X01171565-I1,69,1,TRUE,TRUE,7831,6.02,0
post_policy,post_policy__X01172496-I1,12,1,TRUE,TRUE,2304,4,0.98
post_policy,post_policy__X01175719-I1,29,1,TRUE,TRUE,2450,3.44,0.96
post_policy,post_policy__X01176903-I1,12,1,TRUE,TRUE,2500,3.44,0.2
post_policy,post_policy__X01177042-I1,53,1,TRUE,TRUE,6523,3,0.24
post_policy,post_policy__X01177831-I1,7,1,TRUE,TRUE,1657,2.43,0
post_policy,post_policy__X01178301-I1,24,1,TRUE,TRUE,4205,4,0.44
post_policy,post_policy__X01178424-I1,144,2,TRUE,TRUE,21082,5,0.4573171425860924
post_policy,post_policy__X01179136-I1,14,1,TRUE,TRUE,2500,3.44,0
post_policy,post_policy__X01179451-I1,10,1,TRUE,TRUE,1680,2.43,2.25
post_policy,post_policy__X01180463-I1,32,1,TRUE,TRUE,3134,3.4399999999999995,0.99
post_policy,post_policy__X01180882-I1,14,1,TRUE,TRUE,2474,3.44,0
post_policy,post_policy__X01181228-I1,48,1,TRUE,TRUE,4371,3.44,0.46
post_policy,post_policy__X01181650-I1,16,1,TRUE,TRUE,3742,3,0.61
post_policy,post_policy__X01182248-I1,18,1,TRUE,TRUE,4108,2.43,0
post_policy,post_policy__X01183559-I1,27,1,TRUE,TRUE,5000,1.1,0
post_policy,post_policy__X01183632-I1,8,1,TRUE,TRUE,1731,3.4400000000000004,1.04
post_policy,post_policy__X01184008-I1,45,1,TRUE,TRUE,8000,2.43,1
post_policy,post_policy__X01184270-I1,38,1,TRUE,TRUE,10000,2.43,0.38
post_policy,post_policy__X01185640-I1,15,1,TRUE,TRUE,2614,3.44,0
post_policy,post_policy__X01186318-I1,77,1,TRUE,TRUE,2375,6.02,0.84
post_policy,post_policy__X01187721-I1,58,1,TRUE,TRUE,2680,2.43,0
post_policy,post_policy__X01188928-I1,8,1,TRUE,TRUE,1936,2.43,0.63
post_policy,post_policy__X01190580-I1,11,1,FALSE,TRUE,2325,3,0
post_policy,post_policy__X01190590-I1,93,1,TRUE,TRUE,7860,3.4399999999999995,0
post_policy,post_policy__X01192769-I1,17,1,TRUE,TRUE,3219,3.4400000000000004,0.37
post_policy,post_policy__X01193962-I1,60,1,TRUE,TRUE,3000,3.44,1.31
post_policy,post_policy__X01194018-I1,10,1,TRUE,TRUE,4750,1.25,0.3
post_policy,post_policy__X01194061-I1,10,1,TRUE,TRUE,5000,1.25,0.29
post_policy,post_policy__X01194154-I1,55,1,TRUE,TRUE,7300,2.43,0.4
post_policy,post_policy__X01194388-I1,57,1,TRUE,TRUE,4592,3.44,0.32
post_policy,post_policy__X01194963-I1,21,1,FALSE,TRUE,3638,3.44,0
post_policy,post_policy__X01195000-I1,10,1,FALSE,TRUE,2415,3.44,0
post_policy,post_policy__X01195428-I1,33,1,FALSE,TRUE,5009,3.44,0
post_policy,post_policy__X01197447-I1,99,1,TRUE,TRUE,2250,6.02,1.1
post_policy,post_policy__X01197955-I1,9,1,TRUE,TRUE,1670,3.44,0
post_policy,post_policy__X01198346-I1,17,1,TRUE,TRUE,3916,3.44,0.81
post_policy,post_policy__X01198370-I1,41,1,TRUE,TRUE,2772,3.44,0.98
post_policy,post_policy__X01199827-I1,51,1,TRUE,TRUE,3775,3.44,0
post_policy,post_policy__X01200778-I1,38,1,TRUE,TRUE,4363,3.44,0.69
post_policy,post_policy__X01201226-I1,14,1,TRUE,TRUE,3132,3,0.59
post_policy,post_policy__X01201390-I1,164,2,TRUE,TRUE,18441,2.43,0
post_policy,post_policy__X01201502-I1,83,1,TRUE,TRUE,2500,3.44,0
post_policy,post_policy__X01202004-I1,128,2,TRUE,TRUE,7656,3.44,0.8066666666666666
post_policy,post_policy__X01202216-I1,64,1,TRUE,TRUE,2850,6.02,1.08
post_policy,post_policy__X01204411-I1,20,1,TRUE,TRUE,5689,2,0.41
post_policy,post_policy__X01204634-I1,15,1,TRUE,TRUE,2563,3.44,0.35
post_policy,post_policy__X01204834-I1,29,1,TRUE,TRUE,5287,2.43,0.47
post_policy,post_policy__X01205902-I1,45,1,TRUE,TRUE,8013,3,0.3
post_policy,post_policy__X01205996-I1,29,1,TRUE,TRUE,12950,0.75,0.5
post_policy,post_policy__X01206247-I1,37,1,TRUE,TRUE,5000,3.44,0.64
post_policy,post_policy__X01206249-I1,76,1,TRUE,TRUE,4218,3.44,0.56
post_policy,post_policy__X01207746-I1,92,1,TRUE,TRUE,8669,6.02,0
post_policy,post_policy__X01207859-I1,27,1,TRUE,TRUE,6935,2.4300000000000006,0.33
post_policy,post_policy__X01208463-I1,20,1,TRUE,FALSE,NA,NA,NA
post_policy,post_policy__X01208579-I1,25,1,TRUE,TRUE,6328,2.43,0.39
post_policy,post_policy__X01208796-I1,10,1,TRUE,TRUE,2733,1.25,0
post_policy,post_policy__X01209024-I1,25,1,TRUE,TRUE,1127,3,0
post_policy,post_policy__X01212075-I1,99,1,TRUE,TRUE,10000,6.02,1
post_policy,post_policy__X01213692-I1,54,1,TRUE,TRUE,6098,6.02,1
post_policy,post_policy__X01213760-I1,9,1,TRUE,TRUE,4698,1.25,0.53
post_policy,post_policy__X01214155-I1,22,1,TRUE,TRUE,2501,6.02,0.34
post_policy,post_policy__X01214816-I1,13,1,TRUE,TRUE,2240,3.44,0.8
post_policy,post_policy__X01217545-I1,12,1,TRUE,TRUE,1500,6.02,0
post_policy,post_policy__X01217737-I1,32,1,TRUE,TRUE,2583,3.4400000000000004,1.04
post_policy,post_policy__X01218464-I1,15,1,TRUE,TRUE,3392,2.4300000000000006,0.53
post_policy,post_policy__X01218505-I1,47,1,TRUE,TRUE,5025,3.44,0
post_policy,post_policy__X01219259-I1,304,1,TRUE,TRUE,31100,6.02,0
post_policy,post_policy__X01220923-I1,98,1,TRUE,TRUE,4078,3.44,0.59
post_policy,post_policy__X01221074-I1,8,1,TRUE,TRUE,2185,3.44,0.6
post_policy,post_policy__X01221313-I1,52,1,TRUE,TRUE,2588,3.44,1.39
post_policy,post_policy__X01222893-I1,198,2,TRUE,TRUE,6250,6.02,1.2
post_policy,post_policy__X01223342-I1,297,3,TRUE,TRUE,19555,5,0.8690043467143953
post_policy,post_policy__X01224829-I1,14,1,TRUE,TRUE,2500,3.44,0.56
post_policy,post_policy__X01225221-I1,73,1,TRUE,TRUE,6704,3.44,0.67
post_policy,post_policy__X01225724-I1,24,1,TRUE,TRUE,4147,3,0
post_policy,post_policy__X01228219-I1,45,1,TRUE,FALSE,NA,NA,NA
post_policy,post_policy__X01228918-I1,26,1,TRUE,TRUE,3794,3.44,1
post_policy,post_policy__X01229428-I1,340,1,TRUE,TRUE,10658,5,1.59
post_policy,post_policy__X01229470-I1,26,1,TRUE,TRUE,5000,2,0
post_policy,post_policy__X01230263-I1,44,1,TRUE,TRUE,4750,3.44,0.44
post_policy,post_policy__X01233373-I1,198,2,TRUE,TRUE,11327,3.44,0
post_policy,post_policy__X01233626-I1,10,1,TRUE,TRUE,4850,1.25,0.31
post_policy,post_policy__X01235438-I1,96,1,TRUE,TRUE,2572,6.02,0.84
post_policy,post_policy__X01236327-I1,23,1,TRUE,TRUE,4178,2.43,0
post_policy,post_policy__X01238419-I1,64,1,TRUE,TRUE,9024,5,1.29
post_policy,post_policy__X01239762-I1,132,2,TRUE,TRUE,14882,6.02,1
post_policy,post_policy__X01242652-I1,13,1,TRUE,TRUE,2563,3.44,0.43
post_policy,post_policy__X01243818-I1,42,1,TRUE,TRUE,2000,3.44,1.21
post_policy,post_policy__X01244736-I1,41,1,TRUE,TRUE,3134,3.4399999999999995,0.46
post_policy,post_policy__X01245717-I1,20,1,TRUE,TRUE,3569,3.44,0.55
post_policy,post_policy__X01245869-I1,15,1,TRUE,TRUE,5500,1.25,0.14
post_policy,post_policy__X01245967-I1,41,1,TRUE,TRUE,3421,3.44,1.33
post_policy,post_policy__X01246119-I1,26,1,TRUE,TRUE,3500,3.44,0.75
post_policy,post_policy__X01249518-I1,39,1,TRUE,TRUE,2602,3.4399999999999995,0.52
post_policy,post_policy__X01250288-I1,99,1,TRUE,TRUE,2006,3.44,0.94
post_policy,post_policy__X01250398-I1,255,3,TRUE,TRUE,23000,6.02,0.9130434782608695
post_policy,post_policy__X01250967-I1,53,1,TRUE,TRUE,3299,3.44,0.57
post_policy,post_policy__X01251204-I1,23,1,TRUE,TRUE,2375,2,0.52
post_policy,post_policy__X01252229-I1,36,1,TRUE,TRUE,3896,3.44,0
post_policy,post_policy__X01252512-I1,112,2,TRUE,TRUE,10892,6.02,0.5947227322805729
post_policy,post_policy__X01252547-I1,99,1,TRUE,TRUE,3060,6.019999999999999,1.12
post_policy,post_policy__X01252589-I1,99,1,TRUE,TRUE,3125,6.02,0.98
post_policy,post_policy__X01252694-I1,84,1,TRUE,TRUE,1654,6.02,0.89
post_policy,post_policy__X01252745-I1,99,1,TRUE,TRUE,7287,3.44,1.1867709619871003
post_policy,post_policy__X01252870-I1,14,1,TRUE,TRUE,2500,2.43,0
post_policy,post_policy__X01253814-I1,99,1,TRUE,TRUE,2500,6.02,1.36
post_policy,post_policy__X01255412-I1,168,2,TRUE,TRUE,16086,6.02,0.58
post_policy,post_policy__X01257342-I1,41,1,TRUE,TRUE,5000,3.44,0
post_policy,post_policy__X01257696-I1,50,1,TRUE,TRUE,2013,2.43,1.71
post_policy,post_policy__X01258871-I1,20,2,TRUE,TRUE,3746,1.25,0.38707955152162304
post_policy,post_policy__X01260540-I1,27,1,TRUE,TRUE,2694,3.4400000000000004,0
post_policy,post_policy__X01261535-I1,160,1,TRUE,TRUE,24300,3.44,0.49
post_policy,post_policy__X01262505-I1,55,1,TRUE,TRUE,2500,3.44,0
post_policy,post_policy__X01263390-I1,45,1,TRUE,TRUE,2500,3.44,0.09
post_policy,post_policy__X01265022-I1,298,2,TRUE,TRUE,145120,6.02,2.7639949696802644
post_policy,post_policy__X01266286-I1,20,1,TRUE,TRUE,2929,3.44,0.63
post_policy,post_policy__X01266624-I1,44,1,TRUE,TRUE,10000,3,0.33
post_policy,post_policy__X01268019-I1,23,1,TRUE,TRUE,4004,0.75,0
post_policy,post_policy__X01268364-I1,20,1,TRUE,TRUE,4513,3,0.33
post_policy,post_policy__X01269646-I1,45,1,TRUE,TRUE,2125,6.02,0.73
post_policy,post_policy__X01270754-I1,59,1,TRUE,TRUE,24800,1.25,0
post_policy,post_policy__X01271221-I1,34,1,TRUE,FALSE,NA,NA,NA
post_policy,post_policy__X01271675-I1,11,1,TRUE,TRUE,3495,2.43,0.33
post_policy,post_policy__X01271939-I1,28,1,TRUE,TRUE,4281,3,0.69
post_policy,post_policy__X01272418-I1,15,1,TRUE,TRUE,3000,3.44,0.56
post_policy,post_policy__X01272686-I1,28,1,TRUE,TRUE,5000,3,0.39
post_policy,post_policy__X01273997-I1,80,1,TRUE,TRUE,2442,6.02,0.76
post_policy,post_policy__X01274535-I1,9,1,TRUE,TRUE,1203,3.44,0
post_policy,post_policy__X01275600-I1,99,1,TRUE,TRUE,8275,4.2,1
post_policy,post_policy__X01275923-I1,25,1,TRUE,TRUE,2800,2.43,1.26
post_policy,post_policy__X01276512-I1,54,1,TRUE,TRUE,6264,0.75,0
post_policy,post_policy__X01279257-I1,35,1,TRUE,TRUE,8038,0.75,0.19
post_policy,post_policy__X01281848-I1,20,1,TRUE,TRUE,2994,3.4400000000000004,0.58
post_policy,post_policy__X01281979-I1,28,1,TRUE,TRUE,3640,3.44,0.82
post_policy,post_policy__X01282233-I1,22,1,TRUE,TRUE,4950,3,0.48
post_policy,post_policy__X01283025-I1,48,1,TRUE,TRUE,5000,3.44,0
post_policy,post_policy__X01283953-I1,13,1,TRUE,TRUE,2929,3.44,0.44
post_policy,post_policy__X01284098-I1,34,1,TRUE,TRUE,3818,3,0.55
post_policy,post_policy__X01287248-I1,11,1,TRUE,TRUE,2500,1.25,0
post_policy,post_policy__X01287397-I1,13,1,TRUE,TRUE,3060,2.43,0.38
post_policy,post_policy__X01289720-I1,11,1,TRUE,TRUE,2277,3.44,0.74
post_policy,post_policy__X01290422-I1,6,1,TRUE,TRUE,2375,1.25,0.13
post_policy,post_policy__X01293675-I1,293,1,TRUE,TRUE,17272,6.02,0
post_policy,post_policy__X01293919-I1,42,1,TRUE,TRUE,2075,3.44,0
post_policy,post_policy__X01294705-I1,99,1,TRUE,TRUE,9500,6.02,0.16
post_policy,post_policy__X01295375-I1,40,1,TRUE,TRUE,5000,2.43,0.48
post_policy,post_policy__X01297411-I1,64,1,TRUE,TRUE,10001,1.25,0.33
post_policy,post_policy__X01298827-I1,55,1,TRUE,TRUE,5025,3.44,0.33
post_policy,post_policy__X01298866-I1,47,1,TRUE,TRUE,10725,2.43,0
post_policy,post_policy__X01298990-I1,510,1,TRUE,TRUE,42234,4.2,0.18
post_policy,post_policy__X01299859-I1,48,1,TRUE,TRUE,2375,6.02,1.12
post_policy,post_policy__X01301172-I1,36,1,TRUE,TRUE,2467,3.44,1.29
post_policy,post_policy__X01306345-I1,99,1,TRUE,TRUE,3150,3.44,0.73
post_policy,post_policy__X01306444-I1,74,1,TRUE,TRUE,2512,3.4400000000000004,0.46
post_policy,post_policy__X01306883-I1,33,1,TRUE,TRUE,4545,3.44,0
post_policy,post_policy__X01309119-I1,32,1,TRUE,TRUE,5600,2.43,0
post_policy,post_policy__X01310533-I1,8,1,TRUE,TRUE,1650,3.44,0
post_policy,post_policy__X01310551-I1,31,1,TRUE,TRUE,5525,3,0.34
post_policy,post_policy__X01310786-I1,14,1,TRUE,TRUE,2500,2.43,0
post_policy,post_policy__X01311362-I1,21,1,TRUE,TRUE,2369,6.02,0.91
post_policy,post_policy__X01311873-I1,20,1,TRUE,TRUE,2250,1.25,0.71
post_policy,post_policy__X01312159-I1,14,1,TRUE,TRUE,2500,3.44,1.24
post_policy,post_policy__X01314502-I1,6,1,TRUE,TRUE,2900,1.25,0
post_policy,post_policy__X01314575-I1,23,1,TRUE,TRUE,2500,7.52,0.61
post_policy,post_policy__X01314968-I1,18,1,TRUE,TRUE,5730,0.75,0.26
post_policy,post_policy__X01319910-I1,43,1,TRUE,TRUE,3019,3.4400000000000004,0.92
post_policy,post_policy__X01320059-I1,19,1,TRUE,TRUE,5242,1.25,0.42
post_policy,post_policy__X01320193-I1,12,1,TRUE,TRUE,2500,3.44,0.75
post_policy,post_policy__X01320218-I1,23,1,TRUE,TRUE,2200,6.02,0.77
post_policy,post_policy__X01320305-I1,13,1,TRUE,TRUE,2323,2.43,0
post_policy,post_policy__X01320773-I1,44,1,TRUE,TRUE,2642,2.43,0
post_policy,post_policy__X01321206-I1,63,1,TRUE,TRUE,5000,6.02,0
post_policy,post_policy__X01323307-I1,483,1,TRUE,TRUE,47000,3.44,0.29
post_policy,post_policy__X01323712-I1,53,1,TRUE,TRUE,3000,6.02,1.5
post_policy,post_policy__X01323944-I1,15,1,TRUE,TRUE,2654,3.44,0.77
post_policy,post_policy__X01326332-I1,16,1,TRUE,TRUE,2500,3.44,0.66
post_policy,post_policy__X01328713-I1,13,1,TRUE,TRUE,5150,1.25,0.5
post_policy,post_policy__X01329063-I1,31,1,TRUE,TRUE,3302,3.44,0.58
post_policy,post_policy__X01329938-I1,9,1,TRUE,TRUE,2500,0.75,0.66
post_policy,post_policy__X01330109-I1,183,1,TRUE,TRUE,29142,3.44,1.04
post_policy,post_policy__X01330651-I1,7,1,TRUE,TRUE,1683,3.4399999999999995,0.8
post_policy,post_policy__X01331754-I1,34,1,TRUE,TRUE,1816,2.43,0
post_policy,post_policy__X01333161-I1,23,1,TRUE,TRUE,3212,3.4400000000000004,0.56
post_policy,post_policy__X01333272-I1,27,1,TRUE,TRUE,4750,2.43,0
post_policy,post_policy__X01336180-I1,31,1,TRUE,TRUE,3346,3.44,0.99
post_policy,post_policy__X01336373-I1,6,1,TRUE,FALSE,NA,NA,NA
post_policy,post_policy__X01336538-I1,33,1,TRUE,TRUE,4000,2.43,0.72
post_policy,post_policy__X01336607-I1,30,1,TRUE,TRUE,3815,3,0.42
post_policy,post_policy__X01337054-I1,69,1,TRUE,TRUE,5196,4.2,0.72
post_policy,post_policy__X01337563-I1,36,1,TRUE,TRUE,5000,3.44,0.3
post_policy,post_policy__X01338717-I1,297,3,TRUE,TRUE,28700,6.02,0.6918815331010453
post_policy,post_policy__X01339817-I1,39,1,TRUE,TRUE,3000,3.44,0.9
post_policy,post_policy__X01340454-I1,28,1,TRUE,TRUE,5000,2.43,4.6
post_policy,post_policy__X01341081-I1,9,1,TRUE,TRUE,5210,0.75,0.45999999999999996
post_policy,post_policy__X01341100-I1,99,1,TRUE,TRUE,12075,3.44,1.94
post_policy,post_policy__X01341530-I1,32,1,TRUE,TRUE,10000,0.75,0
post_policy,post_policy__X01342047-I1,23,1,TRUE,TRUE,1400,3.44,1.12
post_policy,post_policy__X01342626-I1,99,1,TRUE,TRUE,5400,4.2,0
post_policy,post_policy__X01344208-I1,15,1,TRUE,TRUE,5600,1.25,0.4
post_policy,post_policy__X01344449-I1,30,1,TRUE,TRUE,5115,4,1
post_policy,post_policy__X01344450-I1,31,1,TRUE,TRUE,5500,3,0.59
post_policy,post_policy__X01345034-I1,9,1,TRUE,TRUE,2950,2.43,0.4
post_policy,post_policy__X01345190-I1,14,1,TRUE,TRUE,5000,1.25,0.75
post_policy,post_policy__X01345266-I1,82,1,TRUE,TRUE,58000,0.5,0.53
post_policy,post_policy__X01345288-I1,14,1,TRUE,TRUE,2500,2.43,0.74
post_policy,post_policy__X01346560-I1,70,1,TRUE,TRUE,12617,2.43,0
post_policy,post_policy__X01347541-I1,36,1,TRUE,TRUE,2467,0.75,0.77
post_policy,post_policy__X01347911-I1,68,1,TRUE,TRUE,2375,6.02,0.6
post_policy,post_policy__X01348434-I1,84,1,FALSE,TRUE,63200,2.43,1.53
post_policy,post_policy__X01350003-I1,214,1,TRUE,TRUE,6644,6.02,0
post_policy,post_policy__X01350023-I1,8,1,TRUE,TRUE,1625,3.44,0
post_policy,post_policy__X01350912-I1,10,1,TRUE,TRUE,1750,3.44,0
post_policy,post_policy__X01351386-I1,60,1,TRUE,TRUE,5375,3.44,0
post_policy,post_policy__X01352893-I1,89,1,TRUE,TRUE,7721,3.44,0
post_policy,post_policy__X01353032-I1,80,1,TRUE,TRUE,4254,3.44,0.74
post_policy,post_policy__X01353046-I1,28,1,TRUE,TRUE,7929,2,0.34
post_policy,post_policy__X01353256-I1,20,1,TRUE,TRUE,3770,1.25,0
post_policy,post_policy__X01353589-I1,71,1,TRUE,TRUE,5174,3.4400000000000004,0
post_policy,post_policy__X01354549-I1,60,1,TRUE,TRUE,8100,2.43,0.27
post_policy,post_policy__X01356168-I1,760,3,TRUE,FALSE,166465,3.44,2.12
post_policy,post_policy__X01356311-I1,8,1,TRUE,TRUE,4200,1.25,0
post_policy,post_policy__X01357581-I1,99,1,TRUE,TRUE,175000,2.43,1.97
post_policy,post_policy__X01357774-I1,19,1,TRUE,TRUE,3742,3.44,0.9300000000000002
post_policy,post_policy__X01357937-I1,16,1,TRUE,TRUE,6625,2.43,0
post_policy,post_policy__X01358000-I1,7,1,TRUE,TRUE,2124,5,0
post_policy,post_policy__X01358456-I1,190,2,TRUE,FALSE,2694,4.2,0
post_policy,post_policy__X01359460-I1,180,2,TRUE,FALSE,NA,NA,NA
post_policy,post_policy__X01360064-I1,23,1,TRUE,TRUE,3420,3.44,0.95
post_policy,post_policy__X01361123-I1,16,1,TRUE,TRUE,4479,1.1,0.85
post_policy,post_policy__X01361482-I1,7,1,TRUE,TRUE,2185,2.43,0
post_policy,post_policy__X01363016-I1,62,1,TRUE,TRUE,4876,3.44,0
post_policy,post_policy__X01363484-I1,6,1,TRUE,TRUE,2571,1.25,0
post_policy,post_policy__X01364936-I1,23,1,TRUE,TRUE,4120,3.44,0.48
post_policy,post_policy__X01366142-I1,15,1,TRUE,TRUE,2058,3.44,1.16
post_policy,post_policy__X01366278-I1,36,1,TRUE,TRUE,2500,3.44,0.82
post_policy,post_policy__X01366285-I1,17,1,TRUE,TRUE,4000,2.43,0.56
post_policy,post_policy__X01366730-I1,44,1,TRUE,TRUE,2500,6.02,0.8
post_policy,post_policy__X01368451-I1,195,2,TRUE,TRUE,8612,3.44,0.2516256386437529
post_policy,post_policy__X01368586-I1,37,1,TRUE,TRUE,2500,3.44,1.56
post_policy,post_policy__X01372889-I1,26,1,TRUE,TRUE,4500,2.43,1.11
post_policy,post_policy__X01374198-I1,220,1,TRUE,TRUE,24850,4.2,1
post_policy,post_policy__X01374418-I1,34,1,TRUE,TRUE,5388,3.4400000000000004,0
post_policy,post_policy__X01375075-I1,106,1,TRUE,TRUE,10017,3.4399999999999995,1.38
post_policy,post_policy__X01376382-I1,135,1,TRUE,TRUE,15140,4.2,2
post_policy,post_policy__X01377488-I1,159,2,TRUE,TRUE,21543,3.44,1.3778596295780532
post_policy,post_policy__X01378020-I1,34,1,TRUE,TRUE,5820,2.43,0.55
post_policy,post_policy__X01378792-I1,53,1,TRUE,TRUE,2500,3.44,1.06
post_policy,post_policy__X01379161-I1,99,1,TRUE,TRUE,10895,6.02,1.2
post_policy,post_policy__X01380155-I1,35,1,TRUE,FALSE,NA,NA,NA
post_policy,post_policy__X01380303-I1,97,1,TRUE,TRUE,16860,2.43,1.23
post_policy,post_policy__X01380506-I1,11,1,TRUE,TRUE,5000,0.75,0.49
post_policy,post_policy__X01380511-I1,99,1,TRUE,TRUE,2506,6.02,0.9
post_policy,post_policy__X01380721-I1,161,2,TRUE,TRUE,6423,3,0
post_policy,post_policy__X01380790-I1,60,1,TRUE,TRUE,12705,2.43,0.88
post_policy,post_policy__X01380803-I1,99,1,TRUE,TRUE,1748,6.02,1.1
post_policy,post_policy__X01381162-I1,19,1,TRUE,TRUE,2375,1.25,0
post_policy,post_policy__X01381185-I1,19,1,TRUE,TRUE,2500,3,0.78
post_policy,post_policy__X01384861-I1,68,1,TRUE,TRUE,9312,3.44,0
post_policy,post_policy__X01386026-I1,52,1,TRUE,TRUE,7988,3,0
post_policy,post_policy__X01387133-I1,198,2,TRUE,TRUE,29902,6.02,2.7042338305130094
post_policy,post_policy__X01388820-I1,34,1,TRUE,TRUE,10000,0.75,0
post_policy,post_policy__X01390442-I1,21,1,TRUE,TRUE,5000,2.43,1.01
post_policy,post_policy__X01390796-I1,11,1,TRUE,TRUE,2500,1.25,1.08
post_policy,post_policy__X01391209-I1,15,1,TRUE,TRUE,3500,3.44,0.56
post_policy,post_policy__X01391499-I1,22,1,TRUE,TRUE,4167,3,0.89
post_policy,post_policy__X01392564-I1,99,1,TRUE,TRUE,4182,6.02,0.68
post_policy,post_policy__X01393299-I1,63,1,TRUE,TRUE,5665,6.02,0.81
post_policy,post_policy__X01393720-I1,11,1,TRUE,TRUE,1852,3.44,0.62
post_policy,post_policy__X01396877-I1,30,1,TRUE,TRUE,9506,0.75,0.41
post_policy,post_policy__X01398197-I1,28,1,TRUE,TRUE,5000,2.43,0.29
post_policy,post_policy__X01399358-I1,25,1,TRUE,TRUE,4428,2.43,0.63
post_policy,post_policy__X01399831-I1,49,1,TRUE,TRUE,2250,3.44,0.89
post_policy,post_policy__X01399986-I1,99,1,TRUE,TRUE,6750,6.02,0
post_policy,post_policy__X01400166-I1,15,1,TRUE,TRUE,5000,1.25,0.4
post_policy,post_policy__X01401011-I1,69,1,TRUE,TRUE,2204,6.02,1.47
post_policy,post_policy__X01403386-I1,39,1,TRUE,TRUE,5318,3.4399999999999995,0.97
post_policy,post_policy__X01404499-I1,49,1,TRUE,TRUE,7892,4,0
post_policy,post_policy__X01408506-I1,80,1,TRUE,TRUE,1919,6.02,1.06
post_policy,post_policy__X01408773-I1,92,1,TRUE,TRUE,2600,6.02,0.87
post_policy,post_policy__X01410192-I1,80,1,TRUE,TRUE,10961,3.4399999999999995,1.73
post_policy,post_policy__X01411374-I1,47,1,TRUE,TRUE,2625,3.44,0.29
post_policy,post_policy__X01411426-I1,47,1,TRUE,TRUE,5625,2.43,0
post_policy,post_policy__X01413550-I1,10,1,TRUE,TRUE,1950,3.44,0
post_policy,post_policy__X01413917-I1,12,1,TRUE,TRUE,2500,3.44,1.32
post_policy,post_policy__X01414518-I1,37,1,TRUE,TRUE,7500,2.43,0.9
post_policy,post_policy__X01414592-I1,37,1,TRUE,TRUE,5646,1.25,0.38
post_policy,post_policy__X01414980-I1,12,1,TRUE,TRUE,5000,1.25,0.55
post_policy,post_policy__X01415890-I1,74,1,TRUE,TRUE,4867,3.44,0.43
post_policy,post_policy__X01416155-I1,13,1,TRUE,TRUE,5988,1.25,0.31
post_policy,post_policy__X01416342-I1,99,1,TRUE,TRUE,3742,3.44,0.5599999999999999
post_policy,post_policy__X01417499-I1,127,2,TRUE,TRUE,4655,3.44,0.4926917293233083
post_policy,post_policy__X01417981-I1,33,1,TRUE,TRUE,2780,3.4400000000000004,0.84
post_policy,post_policy__X01418945-I1,92,1,TRUE,TRUE,16120,2.43,0.69
post_policy,post_policy__X01424193-I1,39,1,TRUE,TRUE,3487,3.4400000000000004,0.83
